version 2
JvmtiExport can_access_local_variables 0
JvmtiExport can_hotswap_or_post_breakpoint 1
JvmtiExport can_post_on_exceptions 0
# 613 ciObject found
instanceKlass org/springframework/beans/factory/support/AbstractBeanFactory
ciInstanceKlass java/lang/Cloneable 1 0 7 100 1 100 1 1 1
instanceKlass javax/management/NotificationEmitter
instanceKlass javax/management/NotificationBroadcaster
instanceKlass org/springframework/boot/web/embedded/tomcat/SslConnectorCustomizer
instanceKlass org/apache/coyote/ProtocolHandler
instanceKlass org/apache/catalina/Host
instanceKlass org/springframework/boot/web/embedded/tomcat/TldPatterns
instanceKlass java/text/StringBufFactory$StringBufferImpl
instanceKlass org/apache/tomcat/jni/Library
instanceKlass org/apache/catalina/core/AprStatus
instanceKlass org/apache/catalina/core/AprLifecycleListener
instanceKlass org/springframework/boot/web/servlet/server/StaticResourceJars
instanceKlass org/springframework/boot/web/servlet/server/DocumentRoot
instanceKlass org/springframework/boot/web/servlet/server/Jsp
instanceKlass org/springframework/boot/web/server/MimeMappings$Mapping
instanceKlass org/springframework/boot/web/servlet/server/SessionStoreDirectory
instanceKlass org/springframework/boot/web/server/Cookie
instanceKlass org/springframework/boot/web/servlet/server/Session
instanceKlass org/apache/catalina/Manager
instanceKlass org/apache/tomcat/JarScanFilter
instanceKlass org/springframework/boot/web/server/WebServer
instanceKlass org/apache/catalina/Context
instanceKlass org/apache/tomcat/ContextBind
instanceKlass org/apache/catalina/Loader
instanceKlass org/apache/tomcat/util/security/PermissionCheck
instanceKlass org/apache/juli/WebappProperties
instanceKlass org/apache/tomcat/InstrumentableClassLoader
instanceKlass org/apache/catalina/LifecycleListener
instanceKlass org/apache/catalina/WebResourceRoot
# instanceKlass java/lang/invoke/LambdaForm$MH+0x00000000133b0c00
# instanceKlass java/lang/invoke/LambdaForm$MH+0x00000000133b0800
# instanceKlass java/lang/invoke/LambdaForm$DMH+0x00000000133b0400
instanceKlass org/springframework/boot/web/embedded/tomcat/TomcatProtocolHandlerCustomizer
instanceKlass org/springframework/boot/web/embedded/tomcat/TomcatContextCustomizer
instanceKlass org/springframework/boot/web/embedded/tomcat/TomcatConnectorCustomizer
instanceKlass org/springframework/ui/context/Theme
instanceKlass org/springframework/ui/context/support/ResourceBundleThemeSource
instanceKlass org/springframework/ui/context/HierarchicalThemeSource
instanceKlass org/springframework/ui/context/support/UiApplicationContextUtils
instanceKlass org/springframework/context/support/MessageSourceSupport
instanceKlass org/springframework/context/HierarchicalMessageSource
instanceKlass org/springframework/core/MethodClassKey
instanceKlass  @bci org/springframework/util/ReflectionUtils getAllDeclaredMethods (Ljava/lang/Class;)[Ljava/lang/reflect/Method; 17 <appendix> member <vmtarget> ; # org/springframework/util/ReflectionUtils$$Lambda+0x00000000133b4c80
instanceKlass org/springframework/aop/IntroductionAwareMethodMatcher
instanceKlass org/springframework/transaction/interceptor/TransactionalProxy
instanceKlass org/springframework/data/projection/MethodInterceptorFactory
instanceKlass  @bci org/springframework/data/projection/ProxyProjectionFactory <init> ()V 16 <appendix> argL0 ; # org/springframework/data/projection/ProxyProjectionFactory$$Lambda+0x00000000133af7a8
instanceKlass org/springframework/data/projection/DefaultMethodInvokingMethodInterceptor
instanceKlass org/springframework/data/util/NullableWrapper
instanceKlass  @bci org/springframework/data/util/Streamable map (Ljava/util/function/Function;)Lorg/springframework/data/util/Streamable; 8 <appendix> member <vmtarget> ; # org/springframework/data/util/Streamable$$Lambda+0x00000000133af108
instanceKlass  @cpi org/springframework/data/util/Streamable 268 form vmentry <vmtarget> ; # java/lang/invoke/LambdaForm$DMH+0x00000000133b0000
instanceKlass  @bci org/springframework/data/util/NullableWrapperConverters$AbstractWrapperTypeConverter getConvertibleTypes ()Ljava/util/Set; 7 <appendix> argL0 ; # org/springframework/data/util/NullableWrapperConverters$AbstractWrapperTypeConverter$$Lambda+0x00000000133aeec0
instanceKlass org/springframework/data/util/NullableWrapperConverters$WrapperType
instanceKlass org/springframework/data/util/NullableWrapperConverters$AbstractWrapperTypeConverter
instanceKlass org/springframework/data/util/NullableWrapperConverters
instanceKlass  @bci org/springframework/data/projection/ProxyProjectionFactory <clinit> ()V 21 <appendix> member <vmtarget> ; # org/springframework/data/projection/ProxyProjectionFactory$$Lambda+0x00000000133adb00
instanceKlass org/springframework/data/convert/Jsr310Converters
instanceKlass org/springframework/data/projection/ProjectionInformation
instanceKlass org/springframework/data/projection/ProxyProjectionFactory
instanceKlass org/springframework/data/projection/ProjectionFactory
instanceKlass org/springframework/web/ErrorResponse
instanceKlass org/springframework/web/method/annotation/ModelAttributeMethodProcessor
instanceKlass org/springframework/web/method/support/HandlerMethodReturnValueHandler
instanceKlass org/springframework/aop/aspectj/AspectJPointcutAdvisor
instanceKlass org/springframework/transaction/interceptor/TransactionAttributeSourcePointcut$TransactionAttributeSourceClassFilter
instanceKlass org/springframework/aop/TrueClassFilter
instanceKlass org/springframework/aop/support/StaticMethodMatcher
instanceKlass org/springframework/transaction/interceptor/TransactionAspectSupport$ThrowableHolder
instanceKlass org/springframework/transaction/interceptor/TransactionAspectSupport$ReactiveTransactionSupport
instanceKlass org/springframework/transaction/TransactionStatus
instanceKlass org/springframework/transaction/SavepointManager
instanceKlass org/springframework/transaction/TransactionExecution
instanceKlass org/springframework/transaction/interceptor/TransactionAspectSupport$TransactionInfo
instanceKlass org/springframework/transaction/interceptor/TransactionAspectSupport$InvocationCallback
instanceKlass org/springframework/core/ReactiveAdapterRegistry
instanceKlass java/io/ObjectOutput
instanceKlass java/io/ObjectStreamConstants
instanceKlass java/io/ObjectInput
instanceKlass org/aopalliance/intercept/MethodInvocation
instanceKlass org/aopalliance/intercept/Invocation
instanceKlass org/aopalliance/intercept/Joinpoint
instanceKlass org/springframework/transaction/interceptor/RollbackRuleAttribute
instanceKlass org/springframework/transaction/annotation/JtaTransactionAnnotationParser
instanceKlass org/springframework/transaction/annotation/SpringTransactionAnnotationParser
instanceKlass org/springframework/transaction/annotation/TransactionAnnotationParser
instanceKlass jakarta/transaction/Transactional
instanceKlass org/springframework/transaction/interceptor/TransactionAttribute
instanceKlass org/springframework/transaction/interceptor/AbstractFallbackTransactionAttributeSource
instanceKlass org/springframework/aop/IntroductionAdvisor
instanceKlass org/springframework/aop/IntroductionInfo
instanceKlass org/springframework/aop/aspectj/AspectJProxyUtils
instanceKlass org/springframework/aop/framework/autoproxy/ProxyCreationContext
instanceKlass  @bci org/springframework/core/annotation/AnnotationUtils getAnnotation (Ljava/lang/reflect/AnnotatedElement;Ljava/lang/Class;)Ljava/lang/annotation/Annotation; 48 <appendix> argL0 ; # org/springframework/core/annotation/AnnotationUtils$$Lambda+0x00000000133a0cc8
instanceKlass org/springframework/transaction/annotation/TransactionManagementConfigurer
instanceKlass org/springframework/beans/factory/annotation/InjectionMetadata$InjectedElement
instanceKlass  @bci org/springframework/core/annotation/AnnotationUtils findAnnotation (Ljava/lang/Class;Ljava/lang/Class;)Ljava/lang/annotation/Annotation; 81 <appendix> argL0 ; # org/springframework/core/annotation/AnnotationUtils$$Lambda+0x000000001339cc00
instanceKlass org/aspectj/lang/annotation/Aspect
instanceKlass org/springframework/dao/support/PersistenceExceptionTranslationInterceptor
instanceKlass org/springframework/aop/aspectj/annotation/AbstractAspectJAdvisorFactory$AspectJAnnotationParameterNameDiscoverer
instanceKlass  @bci java/util/Comparator thenComparing (Ljava/util/Comparator;)Ljava/util/Comparator; 7 <appendix> member <vmtarget> ; # java/util/Comparator$$Lambda+0x0000000013178a68
instanceKlass org/springframework/util/comparator/Comparators
instanceKlass  @bci org/springframework/aop/aspectj/annotation/ReflectiveAspectJAdvisorFactory <clinit> ()V 74 <appendix> argL0 ; # org/springframework/aop/aspectj/annotation/ReflectiveAspectJAdvisorFactory$$Lambda+0x000000001339d238
instanceKlass  @bci org/springframework/aop/aspectj/annotation/ReflectiveAspectJAdvisorFactory <clinit> ()V 61 <appendix> argL0 ; # org/springframework/aop/aspectj/annotation/ReflectiveAspectJAdvisorFactory$$Lambda+0x000000001339d000
instanceKlass org/springframework/util/comparator/InstanceComparator
instanceKlass org/springframework/core/convert/converter/ConvertingComparator
instanceKlass  @bci org/springframework/util/ReflectionUtils$MethodFilter and (Lorg/springframework/util/ReflectionUtils$MethodFilter;)Lorg/springframework/util/ReflectionUtils$MethodFilter; 8 <appendix> member <vmtarget> ; # org/springframework/util/ReflectionUtils$MethodFilter$$Lambda+0x000000001339f730
instanceKlass  @bci org/springframework/aop/aspectj/annotation/ReflectiveAspectJAdvisorFactory <clinit> ()V 3 <appendix> argL0 ; # org/springframework/aop/aspectj/annotation/ReflectiveAspectJAdvisorFactory$$Lambda+0x000000001339f4f8
instanceKlass org/aspectj/lang/annotation/AfterThrowing
instanceKlass org/aspectj/lang/annotation/AfterReturning
instanceKlass org/aspectj/lang/annotation/After
instanceKlass org/aspectj/lang/annotation/Before
instanceKlass org/aspectj/lang/annotation/Around
instanceKlass org/aspectj/lang/annotation/Pointcut
instanceKlass org/springframework/aop/aspectj/annotation/MetadataAwareAspectInstanceFactory
instanceKlass org/springframework/aop/AfterReturningAdvice
instanceKlass org/springframework/aop/AfterAdvice
instanceKlass org/springframework/aop/MethodBeforeAdvice
instanceKlass org/springframework/aop/BeforeAdvice
instanceKlass org/springframework/aop/aspectj/AbstractAspectJAdvice
instanceKlass org/springframework/aop/aspectj/AspectJPrecedenceInformation
instanceKlass org/springframework/aop/aspectj/AspectInstanceFactory
instanceKlass org/springframework/aop/aspectj/annotation/AbstractAspectJAdvisorFactory
# instanceKlass java/lang/invoke/LambdaForm$MH+0x000000001339c800
# instanceKlass java/lang/invoke/LambdaForm$MH+0x000000001339c400
# instanceKlass java/lang/invoke/LambdaForm$MH+0x000000001339c000
instanceKlass org/springframework/core/convert/support/NumberToNumberConverterFactory$NumberToNumber
instanceKlass org/springframework/aop/framework/adapter/ThrowsAdviceAdapter
instanceKlass org/springframework/aop/framework/adapter/AfterReturningAdviceAdapter
instanceKlass org/springframework/aop/framework/adapter/MethodBeforeAdviceAdapter
instanceKlass org/springframework/aop/framework/adapter/AdvisorAdapter
instanceKlass org/springframework/aop/framework/adapter/DefaultAdvisorAdapterRegistry
instanceKlass org/springframework/aop/framework/adapter/GlobalAdvisorAdapterRegistry
instanceKlass org/springframework/aop/aspectj/autoproxy/AspectJPrecedenceComparator
instanceKlass org/springframework/aop/framework/autoproxy/TargetSourceCreator
instanceKlass org/springframework/aop/framework/adapter/AdvisorAdapterRegistry
instanceKlass org/springframework/aop/aspectj/annotation/BeanFactoryAspectJAdvisorsBuilder
instanceKlass org/springframework/aop/aspectj/annotation/AspectJAdvisorFactory
instanceKlass org/springframework/aop/framework/autoproxy/BeanFactoryAdvisorRetrievalHelper
instanceKlass org/springframework/aop/support/ClassFilters$IntersectionClassFilter
instanceKlass org/springframework/aop/support/ClassFilters
instanceKlass  @bci org/springframework/boot/validation/beanvalidation/FilteredMethodValidationPostProcessor afterPropertiesSet ()V 43 <appendix> member <vmtarget> ; # org/springframework/boot/validation/beanvalidation/FilteredMethodValidationPostProcessor$$Lambda+0x00000000133954a8
instanceKlass org/springframework/aop/support/ComposablePointcut
instanceKlass org/springframework/aop/TruePointcut
instanceKlass  @bci org/springframework/validation/beanvalidation/MethodValidationAdapter initValidatorAdapter (Ljava/util/function/Supplier;)Ljava/util/function/Supplier; 1 <appendix> member <vmtarget> ; # org/springframework/validation/beanvalidation/MethodValidationAdapter$$Lambda+0x0000000013397be8
instanceKlass org/springframework/validation/DefaultMessageCodesResolver
instanceKlass org/springframework/validation/beanvalidation/MethodValidationAdapter$ResultComparator
instanceKlass org/springframework/validation/beanvalidation/MethodValidationAdapter$DefaultObjectNameResolver
instanceKlass org/springframework/validation/method/EmptyMethodValidationResult
instanceKlass org/springframework/validation/BindingResult
instanceKlass org/springframework/context/MessageSourceResolvable
instanceKlass org/springframework/validation/beanvalidation/MethodValidationAdapter$ObjectNameResolver
instanceKlass org/springframework/validation/method/MethodValidationResult
instanceKlass org/springframework/validation/beanvalidation/MethodValidationAdapter
instanceKlass org/springframework/validation/method/MethodValidator
instanceKlass org/springframework/validation/beanvalidation/MethodValidationInterceptor
instanceKlass org/springframework/aop/Advisor$1
instanceKlass org/springframework/aop/TrueMethodMatcher
instanceKlass org/springframework/aop/support/annotation/AnnotationClassFilter
instanceKlass org/springframework/aop/MethodMatcher
instanceKlass org/springframework/aop/ClassFilter
instanceKlass org/springframework/aop/support/annotation/AnnotationMatchingPointcut
instanceKlass  @bci org/springframework/validation/beanvalidation/MethodValidationPostProcessor setValidatorProvider (Lorg/springframework/beans/factory/ObjectProvider;)V 7 <appendix> member <vmtarget> ; # org/springframework/validation/beanvalidation/MethodValidationPostProcessor$$Lambda+0x0000000013390fe0
instanceKlass  @bci org/springframework/boot/validation/beanvalidation/FilteredMethodValidationPostProcessor <init> (Ljava/util/stream/Stream;)V 13 <appendix> member <vmtarget> ; # org/springframework/boot/validation/beanvalidation/FilteredMethodValidationPostProcessor$$Lambda+0x0000000013390d90
instanceKlass org/springframework/util/function/SingletonSupplier
instanceKlass  @bci org/springframework/validation/beanvalidation/MethodValidationPostProcessor <init> ()V 11 <appendix> argL0 ; # org/springframework/validation/beanvalidation/MethodValidationPostProcessor$$Lambda+0x0000000013390928
instanceKlass org/springframework/validation/annotation/Validated
instanceKlass  @bci org/springframework/core/OrderComparator withSourceProvider (Lorg/springframework/core/OrderComparator$OrderSourceProvider;)Ljava/util/Comparator; 2 <appendix> member <vmtarget> ; # org/springframework/core/OrderComparator$$Lambda+0x0000000013390478
instanceKlass  @cpi org/springframework/core/OrderComparator 158 form vmentry <vmtarget> ; # java/lang/invoke/LambdaForm$DMH+0x0000000013394000
instanceKlass org/springframework/beans/factory/support/DefaultListableBeanFactory$FactoryAwareOrderSourceProvider
instanceKlass  @bci org/springframework/beans/factory/support/DefaultListableBeanFactory createFactoryAwareOrderSourceProvider (Ljava/util/Map;)Lorg/springframework/core/OrderComparator$OrderSourceProvider; 10 <appendix> member <vmtarget> ; # org/springframework/beans/factory/support/DefaultListableBeanFactory$$Lambda+0x0000000013390000
instanceKlass  @bci org/springframework/beans/factory/support/DefaultListableBeanFactory resolveMultipleBeans (Lorg/springframework/beans/factory/config/DependencyDescriptor;Ljava/lang/String;Ljava/util/Set;Lorg/springframework/beans/TypeConverter;)Ljava/lang/Object; 73 <appendix> argL0 ; # org/springframework/beans/factory/support/DefaultListableBeanFactory$$Lambda+0x000000001338dc00
instanceKlass  @bci org/springframework/beans/factory/support/DefaultListableBeanFactory resolveMultipleBeans (Lorg/springframework/beans/factory/config/DependencyDescriptor;Ljava/lang/String;Ljava/util/Set;Lorg/springframework/beans/TypeConverter;)Ljava/lang/Object; 63 <appendix> member <vmtarget> ; # org/springframework/beans/factory/support/DefaultListableBeanFactory$$Lambda+0x000000001338fc88
instanceKlass  @bci org/springframework/beans/factory/annotation/AutowiredAnnotationBeanPostProcessor buildAutowiringMetadata (Ljava/lang/Class;)Lorg/springframework/beans/factory/annotation/InjectionMetadata; 60 <appendix> member <vmtarget> ; # org/springframework/beans/factory/annotation/AutowiredAnnotationBeanPostProcessor$$Lambda+0x000000001338fa58
instanceKlass  @bci org/springframework/beans/factory/annotation/AutowiredAnnotationBeanPostProcessor buildAutowiringMetadata (Ljava/lang/Class;)Lorg/springframework/beans/factory/annotation/InjectionMetadata; 38 <appendix> member <vmtarget> ; # org/springframework/beans/factory/annotation/AutowiredAnnotationBeanPostProcessor$$Lambda+0x000000001338f828
instanceKlass  @bci org/springframework/context/annotation/CommonAnnotationBeanPostProcessor buildResourceMetadata (Ljava/lang/Class;)Lorg/springframework/beans/factory/annotation/InjectionMetadata; 50 <appendix> member <vmtarget> ; # org/springframework/context/annotation/CommonAnnotationBeanPostProcessor$$Lambda+0x000000001338f5f8
instanceKlass  @bci org/springframework/context/annotation/CommonAnnotationBeanPostProcessor buildResourceMetadata (Ljava/lang/Class;)Lorg/springframework/beans/factory/annotation/InjectionMetadata; 37 <appendix> member <vmtarget> ; # org/springframework/context/annotation/CommonAnnotationBeanPostProcessor$$Lambda+0x000000001338f3c8
instanceKlass  @bci org/springframework/beans/factory/annotation/InitDestroyAnnotationBeanPostProcessor buildLifecycleMetadata (Ljava/lang/Class;)Lorg/springframework/beans/factory/annotation/InitDestroyAnnotationBeanPostProcessor$LifecycleMetadata; 72 <appendix> member <vmtarget> ; # org/springframework/beans/factory/annotation/InitDestroyAnnotationBeanPostProcessor$$Lambda+0x000000001338f198
instanceKlass  @bci org/springframework/orm/jpa/support/PersistenceAnnotationBeanPostProcessor buildPersistenceMetadata (Ljava/lang/Class;)Lorg/springframework/beans/factory/annotation/InjectionMetadata; 64 <appendix> member <vmtarget> ; # org/springframework/orm/jpa/support/PersistenceAnnotationBeanPostProcessor$$Lambda+0x000000001338ef68
instanceKlass  @bci org/springframework/orm/jpa/support/PersistenceAnnotationBeanPostProcessor buildPersistenceMetadata (Ljava/lang/Class;)Lorg/springframework/beans/factory/annotation/InjectionMetadata; 51 <appendix> member <vmtarget> ; # org/springframework/orm/jpa/support/PersistenceAnnotationBeanPostProcessor$$Lambda+0x000000001338ed38
instanceKlass org/springframework/util/ReflectionUtils$FieldCallback
instanceKlass jakarta/persistence/PersistenceUnit
instanceKlass org/springframework/beans/factory/annotation/InjectionMetadata
instanceKlass  @bci org/springframework/boot/validation/beanvalidation/MethodValidationExcludeFilter byAnnotation (Ljava/lang/Class;Lorg/springframework/core/annotation/MergedAnnotations$SearchStrategy;)Lorg/springframework/boot/validation/beanvalidation/MethodValidationExcludeFilter; 2 <appendix> member <vmtarget> ; # org/springframework/boot/validation/beanvalidation/MethodValidationExcludeFilter$$Lambda+0x000000001338e268
instanceKlass org/springframework/data/jpa/repository/query/EscapeCharacter
instanceKlass java/lang/Class$EnclosingMethodInfo
instanceKlass org/springframework/data/spel/EvaluationContextProvider
instanceKlass org/springframework/data/repository/query/QueryMethodEvaluationContextProvider
instanceKlass org/springframework/data/repository/core/RepositoryInformation
instanceKlass org/springframework/data/repository/core/EntityInformation
instanceKlass org/springframework/data/repository/core/EntityMetadata
instanceKlass org/springframework/data/mapping/PersistentEntity
instanceKlass org/springframework/data/repository/core/support/RepositoryFactoryCustomizer
instanceKlass org/springframework/data/jpa/repository/query/JpaQueryMethodFactory
instanceKlass org/springframework/data/querydsl/EntityPathResolver
instanceKlass org/springframework/data/repository/core/support/RepositoryProxyPostProcessor
instanceKlass org/springframework/data/repository/core/support/RepositoryComposition
instanceKlass org/springframework/data/repository/core/support/RepositoryInvocationMulticaster
instanceKlass  @bci org/springframework/beans/factory/annotation/AutowiredAnnotationBeanPostProcessor checkLookupMethods (Ljava/lang/Class;Ljava/lang/String;)V 28 <appendix> member <vmtarget> ; # org/springframework/beans/factory/annotation/AutowiredAnnotationBeanPostProcessor$$Lambda+0x00000000133897d0
instanceKlass org/springframework/aop/Pointcut
instanceKlass  @bci jdk/internal/reflect/DirectMethodHandleAccessor invokeImpl (Ljava/lang/Object;[Ljava/lang/Object;)Ljava/lang/Object; 92 <adapter> ; # java/lang/invoke/LambdaForm$MH+0x000000001338d800
# instanceKlass java/lang/invoke/LambdaForm$MH+0x000000001338d400
# instanceKlass java/lang/invoke/LambdaForm$MH+0x000000001338d000
# instanceKlass java/lang/invoke/LambdaForm$MH+0x000000001338cc00
instanceKlass  @bci org/springframework/core/SimpleAliasRegistry retrieveAliases (Ljava/lang/String;Ljava/util/List;)V 7 <appendix> member <vmtarget> ; # org/springframework/core/SimpleAliasRegistry$$Lambda+0x0000000013389388
instanceKlass  @cpi org/springframework/beans/factory/annotation/InitDestroyAnnotationBeanPostProcessor 451 form vmentry <vmtarget> ; # java/lang/invoke/LambdaForm$DMH+0x000000001338c800
instanceKlass  @bci org/springframework/beans/factory/support/DefaultListableBeanFactory isAutowireCandidate (Ljava/lang/String;Lorg/springframework/beans/factory/support/RootBeanDefinition;Lorg/springframework/beans/factory/config/DependencyDescriptor;Lorg/springframework/beans/factory/support/AutowireCandidateResolver;)Z 63 <appendix> member <vmtarget> ; # org/springframework/beans/factory/support/DefaultListableBeanFactory$$Lambda+0x0000000013389138
instanceKlass org/springframework/core/annotation/AnnotatedElementUtils$AnnotatedElementForAnnotations
instanceKlass  @bci java/util/concurrent/CopyOnWriteArrayList removeAll (Ljava/util/Collection;)Z 7 <appendix> member <vmtarget> ; # java/util/concurrent/CopyOnWriteArrayList$$Lambda+0x00000000131785f0
# instanceKlass java/lang/invoke/LambdaForm$MH+0x000000001338c400
# instanceKlass java/lang/invoke/LambdaForm$MH+0x000000001338c000
instanceKlass org/springframework/beans/factory/support/DefaultListableBeanFactory$DependencyObjectProvider
instanceKlass org/springframework/beans/factory/support/DefaultListableBeanFactory$BeanObjectProvider
instanceKlass org/springframework/validation/Errors
instanceKlass org/springframework/boot/context/properties/ConfigurationPropertiesJsr303Validator
instanceKlass org/springframework/boot/context/properties/PropertySourcesDeducer
instanceKlass org/springframework/jndi/JndiTemplate
instanceKlass jakarta/annotation/PreDestroy
instanceKlass jakarta/annotation/Resource
instanceKlass org/springframework/beans/factory/annotation/InitDestroyAnnotationBeanPostProcessor$LifecycleMetadata
instanceKlass jakarta/inject/Inject
instanceKlass org/springframework/beans/factory/support/MethodOverride
instanceKlass org/springframework/context/support/PostProcessorRegistrationDelegate$BeanPostProcessorChecker
instanceKlass  @bci org/springframework/beans/factory/support/AbstractBeanFactory clearMetadataCache ()V 5 <appendix> member <vmtarget> ; # org/springframework/beans/factory/support/AbstractBeanFactory$$Lambda+0x0000000013385538
instanceKlass org/springframework/context/expression/CachedExpressionEvaluator
instanceKlass org/springframework/boot/autoconfigure/sql/init/SqlInitializationScriptsRuntimeHints
instanceKlass org/springframework/boot/sql/init/dependency/DependsOnDatabaseInitialization
instanceKlass org/springframework/boot/sql/init/dependency/AbstractBeansOfTypeDependsOnDatabaseInitializationDetector
instanceKlass org/springframework/boot/sql/init/dependency/AnnotationDependsOnDatabaseInitializationDetector
instanceKlass org/springframework/boot/sql/init/dependency/DependsOnDatabaseInitializationDetector
instanceKlass  @bci org/springframework/boot/sql/init/dependency/DatabaseInitializationDependencyConfigurer$DependsOnDatabaseInitializationPostProcessor$InitializerBeanNames detected (Lorg/springframework/boot/sql/init/dependency/DatabaseInitializerDetector;Ljava/lang/String;)V 5 <appendix> argL0 ; # org/springframework/boot/sql/init/dependency/DatabaseInitializationDependencyConfigurer$DependsOnDatabaseInitializationPostProcessor$InitializerBeanNames$$Lambda+0x0000000013380260
instanceKlass org/springframework/boot/autoconfigure/flyway/FlywayMigrationInitializer
instanceKlass  @bci org/springframework/boot/sql/init/dependency/BeansOfTypeDetector detect (Lorg/springframework/beans/factory/ListableBeanFactory;)Ljava/util/Set; 71 <appendix> member <vmtarget> ; # org/springframework/boot/sql/init/dependency/BeansOfTypeDetector$$Lambda+0x000000001337cc68
instanceKlass  @bci org/springframework/boot/sql/init/dependency/BeansOfTypeDetector detect (Lorg/springframework/beans/factory/ListableBeanFactory;)Ljava/util/Set; 55 <appendix> argL0 ; # org/springframework/boot/sql/init/dependency/BeansOfTypeDetector$$Lambda+0x000000001337ca20
instanceKlass org/springframework/boot/sql/init/dependency/BeansOfTypeDetector
instanceKlass org/springframework/boot/sql/init/dependency/DatabaseInitializationDependencyConfigurer$DependsOnDatabaseInitializationPostProcessor$InitializerBeanNames
instanceKlass org/springframework/boot/sql/init/dependency/AbstractBeansOfTypeDatabaseInitializerDetector
instanceKlass org/springframework/boot/sql/init/dependency/DatabaseInitializerDetector
instanceKlass org/springframework/data/jpa/util/BeanDefinitionUtils$EntityManagerFactoryBeanDefinition
instanceKlass org/springframework/data/jpa/util/BeanDefinitionUtils
instanceKlass  @bci org/springframework/core/SimpleAliasRegistry resolveAliases (Lorg/springframework/util/StringValueResolver;)V 28 <appendix> member <vmtarget> ; # org/springframework/core/SimpleAliasRegistry$$Lambda+0x000000001337e750
instanceKlass org/springframework/beans/factory/config/BeanDefinitionVisitor
instanceKlass  @bci org/springframework/context/support/PropertySourcesPlaceholderConfigurer processProperties (Lorg/springframework/beans/factory/config/ConfigurableListableBeanFactory;Lorg/springframework/core/env/ConfigurablePropertyResolver;)V 42 <appendix> member <vmtarget> ; # org/springframework/context/support/PropertySourcesPlaceholderConfigurer$$Lambda+0x000000001337e290
instanceKlass org/springframework/util/DefaultPropertiesPersister
instanceKlass  @bci org/springframework/beans/factory/support/SimpleInstantiationStrategy instantiate (Lorg/springframework/beans/factory/support/RootBeanDefinition;Ljava/lang/String;Lorg/springframework/beans/factory/BeanFactory;Ljava/lang/Object;Ljava/lang/reflect/Method;[Ljava/lang/Object;)Ljava/lang/Object; 10 <appendix> form vmentry <vmtarget> ; # java/lang/invoke/LambdaForm$DMH+0x000000001337c400
instanceKlass  @bci org/springframework/beans/factory/support/SimpleInstantiationStrategy instantiate (Lorg/springframework/beans/factory/support/RootBeanDefinition;Ljava/lang/String;Lorg/springframework/beans/factory/BeanFactory;Ljava/lang/Object;Ljava/lang/reflect/Method;[Ljava/lang/Object;)Ljava/lang/Object; 10 <appendix> member <vmtarget> ; # org/springframework/beans/factory/support/SimpleInstantiationStrategy$$Lambda+0x000000001337bb58
instanceKlass org/springframework/context/annotation/ConfigurationClassPostProcessor$ImportAwareBeanPostProcessor
instanceKlass  @bci org/springframework/context/annotation/ConfigurationClassPostProcessor enhanceConfigurationClasses (Lorg/springframework/beans/factory/config/ConfigurableListableBeanFactory;)V 502 <appendix> member <vmtarget> ; # org/springframework/context/annotation/ConfigurationClassPostProcessor$$Lambda+0x000000001337b6a0
instanceKlass org/springframework/cglib/reflect/FastClassEmitter$2
instanceKlass org/springframework/cglib/core/Block
instanceKlass org/springframework/cglib/core/EmitUtils$7
instanceKlass  @bci org/springframework/cglib/core/EmitUtils member_helper_size (Lorg/springframework/cglib/core/CodeEmitter;Ljava/util/List;Lorg/springframework/cglib/core/ObjectSwitchCallback;Lorg/springframework/cglib/core/EmitUtils$ParameterTyper;Lorg/springframework/asm/Label;Lorg/springframework/asm/Label;)V 2 <appendix> member <vmtarget> ; # org/springframework/cglib/core/EmitUtils$$Lambda+0x000000001337a888
instanceKlass org/springframework/cglib/core/EmitUtils$6
instanceKlass  @bci org/springframework/cglib/core/EmitUtils member_switch_helper (Lorg/springframework/cglib/core/CodeEmitter;Ljava/util/List;Lorg/springframework/cglib/core/ObjectSwitchCallback;Z)V 39 <appendix> argL0 ; # org/springframework/cglib/core/EmitUtils$$Lambda+0x000000001337a418
instanceKlass  @bci org/springframework/cglib/core/EmitUtils member_switch_helper (Lorg/springframework/cglib/core/CodeEmitter;Ljava/util/List;Lorg/springframework/cglib/core/ObjectSwitchCallback;Z)V 11 <appendix> member <vmtarget> ; # org/springframework/cglib/core/EmitUtils$$Lambda+0x000000001337a1e8
instanceKlass org/springframework/cglib/core/EmitUtils$ParameterTyper
instanceKlass org/springframework/cglib/reflect/FastClassEmitter$GetIndexCallback
instanceKlass org/springframework/cglib/reflect/FastClassEmitter$1
instanceKlass  @bci org/springframework/cglib/reflect/FastClassEmitter emitIndexBySignature (Ljava/util/List;)V 11 <appendix> argL0 ; # org/springframework/cglib/reflect/FastClassEmitter$$Lambda+0x0000000013379928
instanceKlass org/springframework/cglib/reflect/FastClass
instanceKlass org/springframework/cglib/proxy/MethodProxy$FastClassInfo
instanceKlass  @bci jdk/internal/reflect/MethodHandleObjectFieldAccessorImpl set (Ljava/lang/Object;Ljava/lang/Object;)V 29 <adapter> ; # java/lang/invoke/LambdaForm$MH+0x000000001337c000
instanceKlass jdk/internal/reflect/FieldAccessorImpl
instanceKlass jdk/internal/reflect/FieldAccessor
instanceKlass org/springframework/cglib/proxy/Enhancer$EnhancerFactoryData
instanceKlass org/springframework/cglib/proxy/MethodProxy$CreateInfo
instanceKlass org/springframework/cglib/proxy/MethodProxy
instanceKlass java/lang/classfile/AccessFlags
instanceKlass java/lang/classfile/MethodModel
instanceKlass java/lang/classfile/FieldModel
instanceKlass  @bci jdk/internal/classfile/impl/ClassFileImpl attributeMapper ()Ljava/util/function/Function; 7 <appendix> argL0 ; # jdk/internal/classfile/impl/ClassFileImpl$$Lambda+0x80000004b
instanceKlass java/lang/classfile/ClassModel
instanceKlass java/lang/classfile/AttributedElement
instanceKlass java/lang/classfile/CompoundElement
instanceKlass org/springframework/cglib/core/ClassNameReader
instanceKlass org/springframework/asm/Handler
instanceKlass org/springframework/cglib/core/Local
instanceKlass org/springframework/cglib/core/EmitUtils$3
instanceKlass  @bci java/util/DualPivotQuicksort sort (Ljava/util/DualPivotQuicksort$Sorter;[IIII)V 63 <appendix> argL0 ; # java/util/DualPivotQuicksort$$Lambda+0x0000000013176f00
instanceKlass  @cpi java/util/DualPivotQuicksort 405 form vmentry <vmtarget> ; # java/lang/invoke/LambdaForm$DMH+0x0000000013370800
instanceKlass java/util/DualPivotQuicksort$SortOperation
instanceKlass java/util/DualPivotQuicksort
instanceKlass  @bci org/springframework/cglib/core/EmitUtils string_switch_hash (Lorg/springframework/cglib/core/CodeEmitter;[Ljava/lang/String;Lorg/springframework/cglib/core/ObjectSwitchCallback;Z)V 4 <appendix> argL0 ; # org/springframework/cglib/core/EmitUtils$$Lambda+0x0000000013371000
instanceKlass org/springframework/cglib/proxy/MethodInterceptorGenerator$1
instanceKlass org/springframework/asm/Edge
instanceKlass org/springframework/cglib/core/EmitUtils$ArrayDelimiters
instanceKlass org/springframework/cglib/core/ProcessArrayCallback
instanceKlass org/springframework/cglib/core/EmitUtils
instanceKlass org/springframework/cglib/proxy/Enhancer$4
instanceKlass org/springframework/cglib/core/LocalVariablesSorter$State
instanceKlass org/springframework/asm/Label
instanceKlass org/springframework/asm/Frame
instanceKlass org/springframework/cglib/proxy/BridgeMethodResolver
instanceKlass  @bci org/springframework/cglib/proxy/Enhancer getCallbackField (I)Ljava/lang/String; 1 <appendix> form vmentry <vmtarget> ; # java/lang/invoke/LambdaForm$MH+0x0000000013370400
instanceKlass org/springframework/cglib/core/ClassEmitter$FieldInfo
instanceKlass org/springframework/cglib/core/MethodInfoTransformer
instanceKlass  @bci org/springframework/cglib/proxy/Enhancer generateClass (Lorg/springframework/asm/ClassVisitor;)V 110 <appendix> member <vmtarget> ; # org/springframework/cglib/proxy/Enhancer$$Lambda+0x00000000133775b0
instanceKlass org/springframework/cglib/core/DuplicatesPredicate
instanceKlass org/springframework/cglib/core/RejectModifierPredicate
instanceKlass org/springframework/cglib/core/MethodWrapper
instanceKlass org/springframework/cglib/proxy/Factory
instanceKlass  @bci org/springframework/cglib/core/CollectionUtils filter (Ljava/util/Collection;Lorg/springframework/cglib/core/Predicate;)Ljava/util/Collection; 2 <appendix> member <vmtarget> ; # org/springframework/cglib/core/CollectionUtils$$Lambda+0x0000000013376618
instanceKlass org/springframework/cglib/core/VisibilityPredicate
instanceKlass org/springframework/cglib/transform/TransformingClassGenerator
instanceKlass org/springframework/asm/Symbol
instanceKlass org/springframework/asm/SymbolTable
instanceKlass org/springframework/asm/RecordComponentVisitor
instanceKlass org/springframework/asm/ModuleVisitor
instanceKlass org/springframework/asm/FieldVisitor
instanceKlass  @bci org/springframework/cglib/core/internal/LoadingCache createEntry (Ljava/lang/Object;Ljava/lang/Object;Ljava/lang/Object;)Ljava/lang/Object; 22 <appendix> member <vmtarget> ; # org/springframework/cglib/core/internal/LoadingCache$$Lambda+0x000000001336e9b0
instanceKlass java/util/concurrent/FutureTask$WaitNode
instanceKlass java/util/concurrent/FutureTask
instanceKlass java/util/concurrent/RunnableFuture
instanceKlass java/util/concurrent/Future
instanceKlass  @bci org/springframework/cglib/proxy/Enhancer$EnhancerKey hashCode ()I 1 <appendix> argL2 argL1 form vmentry <vmtarget> ; # java/lang/invoke/LambdaForm$MH+0x0000000013370000
instanceKlass  @bci org/springframework/cglib/core/internal/LoadingCache <clinit> ()V 0 <appendix> argL0 ; # org/springframework/cglib/core/internal/LoadingCache$$Lambda+0x000000001336e788
instanceKlass org/springframework/cglib/core/internal/LoadingCache
instanceKlass  @bci org/springframework/cglib/core/AbstractClassGenerator$ClassLoaderData <init> (Ljava/lang/ClassLoader;)V 60 <appendix> member <vmtarget> ; # org/springframework/cglib/core/AbstractClassGenerator$ClassLoaderData$$Lambda+0x000000001336e330
instanceKlass  @bci org/springframework/cglib/core/AbstractClassGenerator$ClassLoaderData <init> (Ljava/lang/ClassLoader;)V 25 <appendix> member <vmtarget> ; # org/springframework/cglib/core/AbstractClassGenerator$ClassLoaderData$$Lambda+0x000000001336e100
instanceKlass  @bci org/springframework/cglib/core/AbstractClassGenerator$ClassLoaderData <clinit> ()V 0 <appendix> argL0 ; # org/springframework/cglib/core/AbstractClassGenerator$ClassLoaderData$$Lambda+0x000000001336ded8
instanceKlass org/springframework/cglib/core/internal/Function
instanceKlass org/springframework/cglib/core/AbstractClassGenerator$ClassLoaderData
instanceKlass org/springframework/cglib/core/MethodInfo
instanceKlass org/springframework/cglib/core/ClassInfo
instanceKlass org/springframework/cglib/core/ReflectUtils
instanceKlass org/springframework/cglib/proxy/ProxyRefDispatcher
instanceKlass org/springframework/cglib/proxy/FixedValueGenerator
instanceKlass org/springframework/cglib/proxy/FixedValue
instanceKlass org/springframework/cglib/proxy/DispatcherGenerator
instanceKlass org/springframework/cglib/proxy/Dispatcher
instanceKlass org/springframework/cglib/proxy/LazyLoaderGenerator
instanceKlass org/springframework/cglib/proxy/LazyLoader
instanceKlass org/springframework/cglib/proxy/InvocationHandlerGenerator
instanceKlass org/springframework/cglib/proxy/InvocationHandler
instanceKlass  @bci org/springframework/cglib/proxy/MethodInterceptorGenerator <clinit> ()V 214 <appendix> argL0 ; # org/springframework/cglib/proxy/MethodInterceptorGenerator$$Lambda+0x000000001336b128
instanceKlass org/springframework/cglib/proxy/MethodInterceptorGenerator
instanceKlass org/springframework/cglib/proxy/NoOpGenerator
instanceKlass org/springframework/cglib/proxy/CallbackGenerator
instanceKlass org/springframework/cglib/proxy/CallbackInfo
instanceKlass  @bci org/springframework/cglib/core/ClassLoaderAwareGeneratorStrategy <init> (Ljava/lang/ClassLoader;)V 11 <appendix> member <vmtarget> ; # org/springframework/cglib/core/ClassLoaderAwareGeneratorStrategy$$Lambda+0x000000001336a448
instanceKlass org/springframework/cglib/core/SpringNamingPolicy
instanceKlass org/springframework/cglib/core/DefaultNamingPolicy
instanceKlass org/springframework/cglib/core/DefaultGeneratorStrategy
instanceKlass org/springframework/cglib/core/AsmApi
instanceKlass org/springframework/cglib/core/Constants
instanceKlass org/springframework/cglib/core/Signature
instanceKlass org/springframework/cglib/core/CollectionUtils
instanceKlass org/springframework/cglib/core/TypeUtils
instanceKlass org/springframework/cglib/core/AbstractClassGenerator$Source
instanceKlass  @bci org/springframework/cglib/proxy/Enhancer <clinit> ()V 0 <appendix> argL0 ; # org/springframework/cglib/proxy/Enhancer$$Lambda+0x0000000013367b60
instanceKlass org/springframework/cglib/core/Transformer
instanceKlass org/springframework/cglib/proxy/CallbackGenerator$Context
instanceKlass org/springframework/cglib/core/ProcessSwitchCallback
instanceKlass org/springframework/cglib/core/ObjectSwitchCallback
instanceKlass org/springframework/cglib/core/Predicate
instanceKlass org/springframework/cglib/core/AbstractClassGenerator
instanceKlass org/springframework/cglib/core/ClassGenerator
instanceKlass org/springframework/context/annotation/ConfigurationClassEnhancer$EnhancedConfiguration
instanceKlass org/springframework/aop/framework/autoproxy/AutoProxyUtils
instanceKlass org/springframework/objenesis/instantiator/ObjectInstantiator
instanceKlass org/springframework/objenesis/strategy/BaseInstantiatorStrategy
instanceKlass org/springframework/objenesis/strategy/InstantiatorStrategy
instanceKlass org/springframework/objenesis/SpringObjenesis
instanceKlass org/springframework/objenesis/Objenesis
instanceKlass org/springframework/context/annotation/ConfigurationClassEnhancer$ConditionalCallbackFilter
instanceKlass org/springframework/cglib/proxy/NoOp$1
instanceKlass org/springframework/cglib/proxy/NoOp
instanceKlass org/springframework/context/annotation/ConfigurationClassEnhancer$BeanFactoryAwareMethodInterceptor
instanceKlass org/springframework/context/annotation/ConfigurationClassEnhancer$BeanMethodInterceptor
instanceKlass org/springframework/context/annotation/ConfigurationClassEnhancer$ConditionalCallback
instanceKlass org/springframework/cglib/proxy/MethodInterceptor
instanceKlass org/springframework/cglib/proxy/Callback
instanceKlass org/springframework/cglib/proxy/CallbackFilter
instanceKlass org/springframework/cglib/core/GeneratorStrategy
instanceKlass org/springframework/cglib/core/NamingPolicy
instanceKlass org/springframework/context/annotation/ConfigurationClassEnhancer
instanceKlass  @bci org/springframework/context/support/PostProcessorRegistrationDelegate invokeBeanFactoryPostProcessors (Ljava/util/Collection;Lorg/springframework/beans/factory/config/ConfigurableListableBeanFactory;)V 47 <appendix> member <vmtarget> ; # org/springframework/context/support/PostProcessorRegistrationDelegate$$Lambda+0x00000000133635c8
instanceKlass org/springframework/aot/generate/GenerationContext
instanceKlass org/springframework/data/repository/config/AotRepositoryContext
instanceKlass org/springframework/data/aot/AotContext
instanceKlass jakarta/persistence/PersistenceContexts
instanceKlass jakarta/persistence/PersistenceProperty
instanceKlass jakarta/persistence/PersistenceContext
instanceKlass org/springframework/lang/NonNull
instanceKlass org/springframework/data/repository/core/support/RepositoryFragment
instanceKlass org/springframework/boot/autoconfigure/orm/jpa/HibernatePropertiesCustomizer
instanceKlass org/springframework/boot/autoconfigure/orm/jpa/HibernateSettings
instanceKlass  @bci org/springframework/context/annotation/ConfigurationClassPostProcessor processConfigBeanDefinitions (Lorg/springframework/beans/factory/support/BeanDefinitionRegistry;)V 395 <appendix> member <vmtarget> ; # org/springframework/context/annotation/ConfigurationClassPostProcessor$$Lambda+0x0000000013361620
instanceKlass org/springframework/boot/autoconfigure/web/servlet/MultipartAutoConfiguration
instanceKlass org/springframework/boot/autoconfigure/web/servlet/HttpEncodingAutoConfiguration$LocaleCharsetMappingsCustomizer
instanceKlass org/springframework/boot/autoconfigure/web/servlet/MultipartProperties
instanceKlass org/springframework/boot/autoconfigure/web/servlet/HttpEncodingAutoConfiguration
instanceKlass org/springframework/boot/autoconfigure/web/embedded/EmbeddedWebServerFactoryCustomizerAutoConfiguration
instanceKlass org/springframework/boot/autoconfigure/web/embedded/TomcatWebServerFactoryCustomizer
instanceKlass org/springframework/boot/autoconfigure/web/embedded/TomcatVirtualThreadsWebServerFactoryCustomizer
instanceKlass org/springframework/boot/autoconfigure/web/embedded/EmbeddedWebServerFactoryCustomizerAutoConfiguration$TomcatWebServerFactoryCustomizerConfiguration
instanceKlass org/springframework/boot/autoconfigure/web/client/RestTemplateBuilderConfigurer
instanceKlass org/springframework/boot/autoconfigure/web/client/RestTemplateAutoConfiguration
instanceKlass org/springframework/boot/web/client/RestTemplateBuilder
instanceKlass org/springframework/web/client/RestClient$Builder
instanceKlass org/springframework/boot/autoconfigure/web/client/RestClientBuilderConfigurer
instanceKlass org/springframework/boot/autoconfigure/web/client/AutoConfiguredRestClientSsl
instanceKlass org/springframework/boot/autoconfigure/web/client/RestClientSsl
instanceKlass org/springframework/boot/autoconfigure/web/client/RestClientAutoConfiguration
instanceKlass org/springframework/boot/autoconfigure/web/client/HttpMessageConvertersRestClientCustomizer
instanceKlass org/springframework/boot/web/client/RestClientCustomizer
instanceKlass org/springframework/transaction/support/DefaultTransactionDefinition
instanceKlass org/springframework/transaction/TransactionDefinition
instanceKlass org/springframework/transaction/ReactiveTransactionManager
instanceKlass org/springframework/boot/autoconfigure/transaction/TransactionAutoConfiguration$TransactionTemplateConfiguration
instanceKlass org/springframework/transaction/support/TransactionOperations
instanceKlass org/springframework/boot/autoconfigure/transaction/TransactionAutoConfiguration$EnableTransactionManagementConfiguration
instanceKlass org/springframework/boot/autoconfigure/transaction/TransactionAutoConfiguration$EnableTransactionManagementConfiguration$CglibAutoProxyConfiguration
instanceKlass org/springframework/aop/support/AbstractPointcutAdvisor
instanceKlass org/springframework/aop/PointcutAdvisor
instanceKlass org/springframework/aop/Advisor
instanceKlass org/aopalliance/intercept/MethodInterceptor
instanceKlass org/aopalliance/intercept/Interceptor
instanceKlass org/aopalliance/aop/Advice
instanceKlass org/springframework/transaction/event/TransactionalEventListenerFactory
instanceKlass org/springframework/transaction/interceptor/TransactionAttributeSource
instanceKlass org/springframework/transaction/annotation/TransactionRuntimeHints
instanceKlass org/springframework/boot/autoconfigure/jdbc/DataSourceTransactionManagerAutoConfiguration$JdbcTransactionManagerConfiguration
instanceKlass org/springframework/boot/autoconfigure/task/TaskSchedulingAutoConfiguration
instanceKlass org/springframework/boot/autoconfigure/task/TaskSchedulingProperties$Shutdown
instanceKlass org/springframework/boot/autoconfigure/task/TaskSchedulingProperties$Simple
instanceKlass org/springframework/boot/autoconfigure/task/TaskSchedulingProperties$Pool
instanceKlass org/springframework/boot/autoconfigure/task/TaskSchedulingConfigurations$TaskSchedulerConfiguration
instanceKlass org/springframework/boot/autoconfigure/task/TaskSchedulingConfigurations$SimpleAsyncTaskSchedulerBuilderConfiguration
instanceKlass org/springframework/boot/autoconfigure/task/TaskSchedulingProperties
instanceKlass org/springframework/boot/task/SimpleAsyncTaskSchedulerBuilder
instanceKlass org/springframework/boot/autoconfigure/task/TaskSchedulingConfigurations$ThreadPoolTaskSchedulerBuilderConfiguration
instanceKlass org/springframework/boot/task/ThreadPoolTaskSchedulerBuilder
instanceKlass org/springframework/boot/autoconfigure/sql/init/DataSourceInitializationConfiguration
instanceKlass org/springframework/boot/autoconfigure/sql/init/R2dbcInitializationConfiguration
instanceKlass org/springframework/boot/autoconfigure/sql/init/SqlInitializationProperties
instanceKlass org/springframework/boot/sql/init/AbstractScriptDatabaseInitializer
instanceKlass org/springframework/boot/autoconfigure/jdbc/JdbcClientAutoConfiguration
instanceKlass org/springframework/jdbc/core/simple/JdbcClient
instanceKlass org/springframework/boot/autoconfigure/jdbc/JdbcTemplateAutoConfiguration
instanceKlass org/springframework/boot/sql/init/dependency/DatabaseInitializationDependencyConfigurer$DependsOnDatabaseInitializationPostProcessor
instanceKlass org/springframework/boot/autoconfigure/jdbc/JdbcProperties$Template
instanceKlass org/springframework/boot/autoconfigure/jdbc/NamedParameterJdbcTemplateConfiguration
# instanceKlass java/lang/invoke/LambdaForm$MH+0x0000000013358000
instanceKlass org/springframework/boot/autoconfigure/jdbc/JdbcProperties
instanceKlass org/springframework/boot/autoconfigure/jdbc/JdbcTemplateConfiguration
instanceKlass org/springframework/boot/autoconfigure/info/ProjectInfoAutoConfiguration
instanceKlass org/springframework/boot/autoconfigure/info/ProjectInfoProperties$Git
instanceKlass org/springframework/boot/autoconfigure/info/ProjectInfoProperties$Build
instanceKlass org/springframework/boot/autoconfigure/info/ProjectInfoProperties
instanceKlass org/springframework/boot/ssl/SslBundle
instanceKlass org/springframework/boot/autoconfigure/http/client/HttpClientProperties$Ssl
instanceKlass org/springframework/boot/autoconfigure/http/client/HttpClientAutoConfiguration
instanceKlass org/springframework/boot/http/client/ClientHttpRequestFactoryBuilder
instanceKlass org/springframework/boot/autoconfigure/http/client/HttpClientProperties
instanceKlass org/springframework/boot/autoconfigure/data/web/SpringDataWebProperties$Sort
instanceKlass org/springframework/boot/autoconfigure/data/web/SpringDataWebProperties$Pageable
instanceKlass org/springframework/boot/autoconfigure/data/web/SpringDataWebAutoConfiguration
instanceKlass org/springframework/data/web/config/SpringDataJacksonConfiguration
instanceKlass org/springframework/data/web/config/OffsetScrollPositionHandlerMethodArgumentResolverCustomizer
instanceKlass org/springframework/data/web/OffsetScrollPositionHandlerMethodArgumentResolverSupport
instanceKlass org/springframework/data/web/OffsetScrollPositionArgumentResolver
instanceKlass org/springframework/data/web/config/SortHandlerMethodArgumentResolverCustomizer
instanceKlass org/springframework/data/web/SortHandlerMethodArgumentResolverSupport
instanceKlass org/springframework/data/web/SortArgumentResolver
instanceKlass org/springframework/data/web/config/ProjectingArgumentResolverRegistrar$ProjectingArgumentResolverBeanPostProcessor
instanceKlass org/springframework/data/web/config/PageableHandlerMethodArgumentResolverCustomizer
instanceKlass org/springframework/boot/autoconfigure/data/rest/RepositoryRestMvcAutoConfiguration
instanceKlass org/springframework/boot/autoconfigure/http/HttpMessageConvertersAutoConfiguration
instanceKlass org/springframework/boot/context/properties/bind/BindableRuntimeHintsRegistrar
instanceKlass org/springframework/boot/autoconfigure/http/JsonbHttpMessageConvertersConfiguration
instanceKlass org/springframework/boot/autoconfigure/http/GsonHttpMessageConvertersConfiguration
instanceKlass org/springframework/boot/autoconfigure/http/JacksonHttpMessageConvertersConfiguration
instanceKlass org/springframework/boot/autoconfigure/jsonb/JsonbAutoConfiguration
instanceKlass org/springframework/boot/autoconfigure/gson/GsonAutoConfiguration
instanceKlass org/springframework/boot/autoconfigure/http/JacksonHttpMessageConvertersConfiguration$MappingJackson2HttpMessageConverterConfiguration
instanceKlass org/springframework/boot/autoconfigure/http/HttpMessageConvertersAutoConfiguration$StringHttpMessageConverterConfiguration
instanceKlass org/springframework/data/repository/core/support/RepositoryComposition$RepositoryFragments
instanceKlass org/springframework/data/repository/core/support/PropertiesBasedNamedQueries
instanceKlass org/springframework/data/repository/core/NamedQueries
instanceKlass org/springframework/data/jpa/util/JpaMetamodelCacheCleanup
instanceKlass org/springframework/data/mapping/context/AbstractMappingContext
instanceKlass org/springframework/data/mapping/context/MappingContext
instanceKlass org/springframework/orm/jpa/SharedEntityManagerCreator
instanceKlass org/springframework/boot/autoconfigure/data/jpa/JpaRepositoriesAutoConfiguration
instanceKlass org/springframework/data/repository/config/RepositoryRegistrationAotProcessor
instanceKlass org/springframework/util/StopWatch$TaskInfo
instanceKlass org/springframework/beans/factory/parsing/ComponentDefinition
instanceKlass org/springframework/data/repository/config/RepositoryConfigurationAdapter
instanceKlass org/springframework/data/repository/config/RepositoryFragmentConfigurationProvider
instanceKlass  @bci org/springframework/data/repository/config/RepositoryBeanDefinitionBuilder buildMetadata (Lorg/springframework/data/repository/config/RepositoryConfiguration;)Lorg/springframework/data/repository/config/RepositoryConfigurationAdapter; 37 <appendix> argL0 ; # org/springframework/data/repository/config/RepositoryBeanDefinitionBuilder$$Lambda+0x000000001334fb90
instanceKlass  @bci org/springframework/data/repository/config/RepositoryBeanDefinitionBuilder buildMetadata (Lorg/springframework/data/repository/config/RepositoryConfiguration;)Lorg/springframework/data/repository/config/RepositoryConfigurationAdapter; 27 <appendix> member <vmtarget> ; # org/springframework/data/repository/config/RepositoryBeanDefinitionBuilder$$Lambda+0x000000001334f940
instanceKlass  @bci org/springframework/data/repository/config/RepositoryConfigurationDelegate getRepositoryFactoryBeanType (Lorg/springframework/data/repository/config/RepositoryConfiguration;)Lorg/springframework/core/ResolvableType; 275 <appendix> argL0 ; # org/springframework/data/repository/config/RepositoryConfigurationDelegate$$Lambda+0x000000001334f4b8
instanceKlass  @bci java/util/stream/StreamSpliterators$WrappingSpliterator forEachRemaining (Ljava/util/function/Consumer;)V 33 <appendix> member <vmtarget> ; # java/util/stream/StreamSpliterators$WrappingSpliterator$$Lambda+0x0000000013175818
instanceKlass  @bci org/springframework/data/repository/config/RepositoryBeanDefinitionBuilder registerRepositoryFragments (Lorg/springframework/data/repository/config/RepositoryConfiguration;)Ljava/lang/String; 16 <appendix> argL0 ; # org/springframework/data/repository/config/RepositoryBeanDefinitionBuilder$$Lambda+0x000000001334f270
instanceKlass  @bci org/springframework/data/repository/config/RepositoryBeanDefinitionBuilder registerRepositoryFragmentsImplementation (Lorg/springframework/data/repository/config/RepositoryConfiguration;)Ljava/util/stream/Stream; 45 <appendix> member <vmtarget> ; # org/springframework/data/repository/config/RepositoryBeanDefinitionBuilder$$Lambda+0x000000001334f030
instanceKlass  @bci org/springframework/data/repository/config/RepositoryBeanDefinitionBuilder registerRepositoryFragmentsImplementation (Lorg/springframework/data/repository/config/RepositoryConfiguration;)Ljava/util/stream/Stream; 33 <appendix> member <vmtarget> ; # org/springframework/data/repository/config/RepositoryBeanDefinitionBuilder$$Lambda+0x000000001334edf0
instanceKlass org/springframework/data/repository/config/RepositoryFragmentConfiguration
instanceKlass  @bci org/springframework/data/repository/config/RepositoryBeanDefinitionBuilder discoverFragments (Lorg/springframework/data/repository/config/RepositoryConfiguration;Lorg/springframework/data/repository/config/ImplementationDetectionConfiguration;)Ljava/util/stream/Stream; 26 <appendix> argL0 ; # org/springframework/data/repository/config/RepositoryBeanDefinitionBuilder$$Lambda+0x000000001334e990
instanceKlass  @bci org/springframework/data/repository/config/RepositoryBeanDefinitionBuilder discoverFragments (Lorg/springframework/data/repository/config/RepositoryConfiguration;Lorg/springframework/data/repository/config/ImplementationDetectionConfiguration;)Ljava/util/stream/Stream; 16 <appendix> member <vmtarget> ; # org/springframework/data/repository/config/RepositoryBeanDefinitionBuilder$$Lambda+0x000000001334e740
instanceKlass  @bci org/springframework/data/repository/config/FragmentMetadata getFragmentInterfaces (Ljava/lang/String;)Ljava/util/stream/Stream; 20 <appendix> member <vmtarget> ; # org/springframework/data/repository/config/FragmentMetadata$$Lambda+0x000000001334e4e0
instanceKlass org/springframework/data/repository/core/support/RepositoryFragmentsFactoryBean
instanceKlass  @bci org/springframework/data/repository/config/RepositoryBeanDefinitionBuilder build (Lorg/springframework/data/repository/config/RepositoryConfiguration;)Lorg/springframework/beans/factory/support/BeanDefinitionBuilder; 225 <appendix> member <vmtarget> ; # org/springframework/data/repository/config/RepositoryBeanDefinitionBuilder$$Lambda+0x000000001334e000
instanceKlass  @bci org/springframework/data/repository/config/RepositoryBeanDefinitionBuilder registerCustomImplementation (Lorg/springframework/data/repository/config/RepositoryConfiguration;)Ljava/util/Optional; 79 <appendix> member <vmtarget> ; # org/springframework/data/repository/config/RepositoryBeanDefinitionBuilder$$Lambda+0x000000001334bbd0
instanceKlass  @bci org/springframework/data/repository/config/CustomRepositoryImplementationDetector selectImplementationCandidate (Lorg/springframework/data/repository/config/ImplementationLookupConfiguration;Ljava/util/Set;)Ljava/util/Optional; 34 <appendix> member <vmtarget> ; # org/springframework/data/repository/config/CustomRepositoryImplementationDetector$$Lambda+0x000000001334b980
instanceKlass  @bci org/springframework/data/repository/config/SelectionSet filterIfNecessary (Ljava/util/function/Predicate;)Lorg/springframework/data/repository/config/SelectionSet; 15 <appendix> member <vmtarget> ; # org/springframework/data/repository/config/SelectionSet$$Lambda+0x000000001334b750
instanceKlass  @bci org/springframework/data/repository/config/SelectionSet filterIfNecessary (Ljava/util/function/Predicate;)Lorg/springframework/data/repository/config/SelectionSet; 5 <appendix> member <vmtarget> ; # org/springframework/data/repository/config/SelectionSet$$Lambda+0x000000001334b500
instanceKlass  @bci org/springframework/data/repository/config/CustomRepositoryImplementationDetector selectImplementationCandidate (Lorg/springframework/data/repository/config/ImplementationLookupConfiguration;Ljava/util/Set;)Ljava/util/Optional; 16 <appendix> member <vmtarget> ; # org/springframework/data/repository/config/CustomRepositoryImplementationDetector$$Lambda+0x000000001334b2a0
instanceKlass org/springframework/data/repository/config/SelectionSet
instanceKlass  @bci org/springframework/data/repository/config/CustomRepositoryImplementationDetector selectImplementationCandidate (Lorg/springframework/data/repository/config/ImplementationLookupConfiguration;Ljava/util/Set;)Ljava/util/Optional; 2 <appendix> member <vmtarget> ; # org/springframework/data/repository/config/CustomRepositoryImplementationDetector$$Lambda+0x000000001334ae28
instanceKlass  @bci java/util/function/Function andThen (Ljava/util/function/Function;)Ljava/util/function/Function; 7 <appendix> member <vmtarget> ; # java/util/function/Function$$Lambda+0x0000000013174de0
instanceKlass  @bci org/springframework/data/util/StreamUtils toUnmodifiableSet ()Ljava/util/stream/Collector; 3 <appendix> argL0 ; # org/springframework/data/util/StreamUtils$$Lambda+0x000000001334abe0
instanceKlass org/springframework/data/util/StreamUtils
instanceKlass  @bci org/springframework/data/repository/config/CustomRepositoryImplementationDetector detectCustomImplementation (Lorg/springframework/data/repository/config/ImplementationLookupConfiguration;)Ljava/util/Optional; 37 <appendix> member <vmtarget> ; # org/springframework/data/repository/config/CustomRepositoryImplementationDetector$$Lambda+0x000000001334a778
instanceKlass  @bci org/springframework/data/repository/config/CustomRepositoryImplementationDetector detectCustomImplementation (Lorg/springframework/data/repository/config/ImplementationLookupConfiguration;)Ljava/util/Optional; 15 <appendix> member <vmtarget> ; # org/springframework/data/repository/config/CustomRepositoryImplementationDetector$$Lambda+0x000000001334a548
instanceKlass  @bci org/springframework/data/repository/config/CustomRepositoryImplementationDetector findCandidateBeanDefinitions (Lorg/springframework/data/repository/config/ImplementationDetectionConfiguration;)Ljava/util/Set; 93 <appendix> member <vmtarget> ; # org/springframework/data/repository/config/CustomRepositoryImplementationDetector$$Lambda+0x000000001334a2f8
instanceKlass  @bci org/springframework/data/repository/config/CustomRepositoryImplementationDetector findCandidateBeanDefinitions (Lorg/springframework/data/repository/config/ImplementationDetectionConfiguration;)Ljava/util/Set; 71 <appendix> member <vmtarget> ; # org/springframework/data/repository/config/CustomRepositoryImplementationDetector$$Lambda+0x000000001334a0b8
instanceKlass  @bci org/springframework/data/repository/config/CustomRepositoryImplementationDetector findCandidateBeanDefinitions (Lorg/springframework/data/repository/config/ImplementationDetectionConfiguration;)Ljava/util/Set; 56 <appendix> argL0 ; # org/springframework/data/repository/config/CustomRepositoryImplementationDetector$$Lambda+0x0000000013349e90
instanceKlass org/springframework/data/repository/config/DefaultImplementationLookupConfiguration
instanceKlass  @bci org/springframework/cglib/core/SpringNamingPolicy getClassName (Ljava/lang/String;Ljava/lang/String;Ljava/lang/Object;Lorg/springframework/cglib/core/Predicate;)Ljava/lang/String; 124 <appendix> form vmentry <vmtarget> ; # java/lang/invoke/LambdaForm$MH+0x000000001334c400
instanceKlass  @bci org/springframework/data/repository/config/RepositoryBeanDefinitionBuilder build (Lorg/springframework/data/repository/config/RepositoryConfiguration;)Lorg/springframework/beans/factory/support/BeanDefinitionBuilder; 147 <appendix> member <vmtarget> ; # org/springframework/data/repository/config/RepositoryBeanDefinitionBuilder$$Lambda+0x0000000013349360
instanceKlass org/springframework/data/repository/config/NamedQueriesBeanDefinitionBuilder
instanceKlass  @bci org/springframework/data/repository/config/RepositoryBeanDefinitionBuilder build (Lorg/springframework/data/repository/config/RepositoryConfiguration;)Lorg/springframework/beans/factory/support/BeanDefinitionBuilder; 110 <appendix> member <vmtarget> ; # org/springframework/data/repository/config/RepositoryBeanDefinitionBuilder$$Lambda+0x0000000013348ef8
instanceKlass  @bci org/springframework/data/repository/config/DefaultRepositoryConfiguration getRepositoryFactoryBeanClassName ()Ljava/lang/String; 18 <appendix> member <vmtarget> ; # org/springframework/data/repository/config/DefaultRepositoryConfiguration$$Lambda+0x0000000013348cc8
instanceKlass java/util/stream/Streams$2
instanceKlass java/util/stream/Streams$ConcatSpliterator
instanceKlass  @bci org/springframework/data/util/ReactiveWrappers usesReactiveType (Ljava/lang/Class;)Z 23 <appendix> argL0 ; # org/springframework/data/util/ReactiveWrappers$$Lambda+0x0000000013348a70
instanceKlass  @bci org/springframework/data/util/ReactiveWrappers usesReactiveType (Ljava/lang/Class;)Z 13 <appendix> argL0 ; # org/springframework/data/util/ReactiveWrappers$$Lambda+0x0000000013348828
instanceKlass org/springframework/data/util/ReflectionUtils$DescribedFieldFilter
instanceKlass org/springframework/data/util/ReflectionUtils
instanceKlass org/springframework/data/domain/Page
instanceKlass org/springframework/data/domain/Slice
instanceKlass org/springframework/data/domain/Example
instanceKlass org/springframework/data/util/ReactiveWrappers$1
instanceKlass  @bci org/springframework/data/util/ReactiveWrappers <clinit> ()V 58 <appendix> argL0 ; # org/springframework/data/util/ReactiveWrappers$$Lambda+0x0000000013347980
instanceKlass org/springframework/data/util/ReactiveWrappers
instanceKlass  @bci org/springframework/data/repository/core/support/DefaultRepositoryMetadata <init> (Ljava/lang/Class;)V 53 <appendix> member <vmtarget> ; # org/springframework/data/repository/core/support/DefaultRepositoryMetadata$$Lambda+0x00000000133470f0
instanceKlass  @bci org/springframework/data/repository/core/support/DefaultRepositoryMetadata <init> (Ljava/lang/Class;)V 38 <appendix> member <vmtarget> ; # org/springframework/data/repository/core/support/DefaultRepositoryMetadata$$Lambda+0x0000000013346ec0
instanceKlass  @bci org/springframework/data/util/TypeDiscoverer doGetTypeArguments ()Ljava/util/List; 24 <appendix> argL0 ; # org/springframework/data/util/TypeDiscoverer$$Lambda+0x0000000013346c78
instanceKlass  @bci org/springframework/data/util/TypeDiscoverer getSuperTypeInformation (Ljava/lang/Class;)Lorg/springframework/data/util/TypeInformation; 77 <appendix> argL0 ; # org/springframework/data/util/TypeDiscoverer$$Lambda+0x0000000013346a20
instanceKlass com/milsabores/carrito/model/CarritoItem
instanceKlass  @bci org/springframework/data/repository/core/support/AbstractRepositoryMetadata <init> (Ljava/lang/Class;)V 38 <appendix> member <vmtarget> ; # org/springframework/data/repository/core/support/AbstractRepositoryMetadata$$Lambda+0x0000000013346530
instanceKlass  @bci org/springframework/data/util/TypeDiscoverer <init> (Lorg/springframework/core/ResolvableType;)V 104 <appendix> member <vmtarget> ; # org/springframework/data/util/TypeDiscoverer$$Lambda+0x0000000013346300
instanceKlass  @bci org/springframework/data/util/TypeDiscoverer <init> (Lorg/springframework/core/ResolvableType;)V 91 <appendix> member <vmtarget> ; # org/springframework/data/util/TypeDiscoverer$$Lambda+0x00000000133460d0
instanceKlass  @bci org/springframework/data/util/TypeDiscoverer <init> (Lorg/springframework/core/ResolvableType;)V 78 <appendix> member <vmtarget> ; # org/springframework/data/util/TypeDiscoverer$$Lambda+0x0000000013345ea0
instanceKlass  @bci org/springframework/data/util/TypeDiscoverer <init> (Lorg/springframework/core/ResolvableType;)V 65 <appendix> member <vmtarget> ; # org/springframework/data/util/TypeDiscoverer$$Lambda+0x0000000013345c70
instanceKlass  @bci org/springframework/data/util/TypeDiscoverer <init> (Lorg/springframework/core/ResolvableType;)V 30 <appendix> member <vmtarget> ; # org/springframework/data/util/TypeDiscoverer$$Lambda+0x0000000013345a40
instanceKlass  @bci org/springframework/data/util/TypeDiscoverer <init> (Lorg/springframework/core/ResolvableType;)V 17 <appendix> member <vmtarget> ; # org/springframework/data/util/TypeDiscoverer$$Lambda+0x0000000013345810
instanceKlass org/springframework/util/ConcurrentLruCache$AddTask
instanceKlass  @bci org/springframework/data/util/ClassTypeInformation <clinit> ()V 25 <appendix> argL0 ; # org/springframework/data/util/ClassTypeInformation$$Lambda+0x0000000013344b18
instanceKlass  @bci org/springframework/data/util/ClassTypeInformation <clinit> ()V 7 <appendix> argL0 ; # org/springframework/data/util/ClassTypeInformation$$Lambda+0x00000000133448d0
instanceKlass org/springframework/util/ConcurrentLruCache$WriteOperations
instanceKlass org/springframework/util/ConcurrentLruCache$ReadOperations
instanceKlass org/springframework/util/ConcurrentLruCache$EvictionQueue
instanceKlass  @bci org/springframework/data/util/TypeDiscoverer <clinit> ()V 6 <appendix> argL0 ; # org/springframework/data/util/TypeDiscoverer$$Lambda+0x00000000133434e0
instanceKlass org/springframework/util/ConcurrentLruCache
instanceKlass org/springframework/data/util/TypeDiscoverer
instanceKlass org/springframework/data/util/TypeInformation
instanceKlass  @bci org/springframework/data/repository/core/support/AbstractRepositoryMetadata <init> (Ljava/lang/Class;)V 15 <appendix> member <vmtarget> ; # org/springframework/data/repository/core/support/AbstractRepositoryMetadata$$Lambda+0x0000000013342738
instanceKlass org/springframework/data/repository/core/CrudMethods
instanceKlass org/springframework/data/repository/core/support/AbstractRepositoryMetadata
instanceKlass org/springframework/data/repository/core/RepositoryMetadata
instanceKlass com/milsabores/carrito/repository/CarritoRepository
instanceKlass  @bci org/springframework/data/jpa/repository/config/JpaRepositoryConfigExtension$LazyJvmAgent isActive (Ljava/lang/ClassLoader;)Z 9 <appendix> member <vmtarget> ; # org/springframework/data/jpa/repository/config/JpaRepositoryConfigExtension$LazyJvmAgent$$Lambda+0x00000000133418f0
instanceKlass org/springframework/data/jpa/repository/config/JpaRepositoryConfigExtension$LazyJvmAgent
instanceKlass  @bci org/springframework/data/repository/config/DefaultRepositoryConfiguration <init> (Lorg/springframework/data/repository/config/RepositoryConfigurationSource;Lorg/springframework/beans/factory/config/BeanDefinition;Lorg/springframework/data/repository/config/RepositoryConfigurationExtension;)V 22 <appendix> member <vmtarget> ; # org/springframework/data/repository/config/DefaultRepositoryConfiguration$$Lambda+0x00000000133414b0
instanceKlass org/springframework/data/repository/config/DefaultRepositoryConfiguration
instanceKlass org/springframework/data/repository/util/ClassUtils
instanceKlass org/springframework/asm/ByteVector
instanceKlass java/util/TreeMap$NavigableSubMap$SubMapIterator
instanceKlass  @bci org/springframework/data/repository/config/RepositoryConfigurationSourceSupport lambda$getCandidates$1 (Lorg/springframework/data/repository/config/RepositoryComponentProvider;)Ljava/util/stream/Stream; 10 <appendix> member <vmtarget> ; # org/springframework/data/repository/config/RepositoryConfigurationSourceSupport$$Lambda+0x0000000013340ab0
instanceKlass  @bci org/springframework/data/util/Streamable of (Ljava/lang/Iterable;)Lorg/springframework/data/util/Streamable; 12 <appendix> member <vmtarget> ; # org/springframework/data/util/Streamable$$Lambda+0x0000000013340760
instanceKlass org/springframework/util/MethodInvoker
instanceKlass org/springframework/beans/factory/support/ConstructorResolver$ArgumentsHolder
instanceKlass  @bci org/springframework/beans/factory/support/AutowireUtils <clinit> ()V 0 <appendix> argL0 ; # org/springframework/beans/factory/support/AutowireUtils$$Lambda+0x0000000013340000
instanceKlass org/springframework/beans/factory/support/AutowireUtils
instanceKlass org/springframework/beans/Mergeable
instanceKlass org/springframework/beans/factory/config/RuntimeBeanNameReference
instanceKlass java/util/Collections$UnmodifiableMap$UnmodifiableEntrySet$1
instanceKlass org/springframework/beans/factory/support/ConstructorResolver
instanceKlass  @bci org/springframework/data/repository/config/RepositoryConfigurationSourceSupport getCandidates (Lorg/springframework/core/io/ResourceLoader;)Lorg/springframework/data/util/Streamable; 59 <appendix> member <vmtarget> ; # org/springframework/data/repository/config/RepositoryConfigurationSourceSupport$$Lambda+0x000000001333d1d0
instanceKlass  @bci org/springframework/data/repository/config/RepositoryConfigurationSourceSupport getCandidates (Lorg/springframework/core/io/ResourceLoader;)Lorg/springframework/data/util/Streamable; 47 <appendix> member <vmtarget> ; # org/springframework/data/repository/config/RepositoryConfigurationSourceSupport$$Lambda+0x000000001333cf90
instanceKlass org/springframework/data/repository/NoRepositoryBean
instanceKlass org/springframework/data/repository/RepositoryDefinition
instanceKlass org/springframework/data/util/LazyStreamable
instanceKlass  @bci org/springframework/data/repository/config/AnnotationRepositoryConfigurationSource parseFilters (Ljava/lang/String;)Lorg/springframework/data/util/Streamable; 11 <appendix> member <vmtarget> ; # org/springframework/data/repository/config/AnnotationRepositoryConfigurationSource$$Lambda+0x000000001333c3a8
instanceKlass  @bci org/springframework/data/repository/config/RepositoryConfigurationDelegate registerRepositoriesIn (Lorg/springframework/beans/factory/support/BeanDefinitionRegistry;Lorg/springframework/data/repository/config/RepositoryConfigurationExtension;)Ljava/util/List; 176 <appendix> member <vmtarget> ; # org/springframework/data/repository/config/RepositoryConfigurationDelegate$$Lambda+0x000000001333beb0
instanceKlass org/springframework/util/StopWatch
instanceKlass  @bci org/springframework/data/util/Lazy <clinit> ()V 4 <appendix> argL0 ; # org/springframework/data/util/Lazy$$Lambda+0x000000001333b9c8
instanceKlass org/springframework/data/util/Lazy
instanceKlass  @bci org/springframework/data/repository/config/CustomRepositoryImplementationDetector <init> (Lorg/springframework/core/env/Environment;Lorg/springframework/core/io/ResourceLoader;Lorg/springframework/data/repository/config/ImplementationDetectionConfiguration;)V 35 <appendix> member <vmtarget> ; # org/springframework/data/repository/config/CustomRepositoryImplementationDetector$$Lambda+0x000000001333b518
instanceKlass org/springframework/data/repository/config/ImplementationLookupConfiguration
instanceKlass org/springframework/data/repository/config/RepositoryConfigurationSourceSupport$SpringImplementationDetectionConfiguration
instanceKlass org/springframework/data/repository/config/CustomRepositoryImplementationDetector
instanceKlass org/springframework/data/repository/config/FragmentMetadata
instanceKlass org/springframework/data/repository/config/RepositoryBeanDefinitionBuilder
instanceKlass  @bci org/springframework/data/repository/config/RepositoryConfigurationSource getRequiredAttribute (Ljava/lang/String;Ljava/lang/Class;)Ljava/lang/Object; 15 <appendix> member <vmtarget> ; # org/springframework/data/repository/config/RepositoryConfigurationSource$$Lambda+0x000000001333a598
instanceKlass org/springframework/data/jpa/repository/support/JpaEvaluationContextExtension
instanceKlass org/springframework/data/spel/spi/EvaluationContextExtension
instanceKlass org/springframework/data/spel/spi/ExtensionIdAware
instanceKlass  @bci org/springframework/data/jpa/repository/config/JpaRepositoryConfigExtension registerBeansForRoot (Lorg/springframework/beans/factory/support/BeanDefinitionRegistry;Lorg/springframework/data/repository/config/RepositoryConfigurationSource;)V 81 <appendix> member <vmtarget> ; # org/springframework/data/jpa/repository/config/JpaRepositoryConfigExtension$$Lambda+0x0000000013339cd8
instanceKlass  @bci org/springframework/data/jpa/repository/config/JpaRepositoryConfigExtension registerBeansForRoot (Lorg/springframework/beans/factory/support/BeanDefinitionRegistry;Lorg/springframework/data/repository/config/RepositoryConfigurationSource;)V 68 <appendix> argL0 ; # org/springframework/data/jpa/repository/config/JpaRepositoryConfigExtension$$Lambda+0x0000000013339ab0
instanceKlass org/springframework/data/jpa/repository/support/DefaultJpaContext
instanceKlass org/springframework/data/jpa/repository/JpaContext
instanceKlass  @bci org/springframework/data/jpa/repository/config/JpaRepositoryConfigExtension registerBeansForRoot (Lorg/springframework/beans/factory/support/BeanDefinitionRegistry;Lorg/springframework/data/repository/config/RepositoryConfigurationSource;)V 56 <appendix> argL0 ; # org/springframework/data/jpa/repository/config/JpaRepositoryConfigExtension$$Lambda+0x0000000013339448
instanceKlass  @bci org/springframework/data/jpa/repository/config/JpaRepositoryConfigExtension registerBeansForRoot (Lorg/springframework/beans/factory/support/BeanDefinitionRegistry;Lorg/springframework/data/repository/config/RepositoryConfigurationSource;)V 44 <appendix> argL0 ; # org/springframework/data/jpa/repository/config/JpaRepositoryConfigExtension$$Lambda+0x0000000013339220
instanceKlass org/springframework/beans/factory/config/AbstractFactoryBean
instanceKlass  @bci org/springframework/data/jpa/repository/config/JpaRepositoryConfigExtension registerBeansForRoot (Lorg/springframework/beans/factory/support/BeanDefinitionRegistry;Lorg/springframework/data/repository/config/RepositoryConfigurationSource;)V 32 <appendix> argL0 ; # org/springframework/data/jpa/repository/config/JpaRepositoryConfigExtension$$Lambda+0x00000000133389d0
instanceKlass org/springframework/data/jpa/repository/support/EntityManagerBeanDefinitionRegistrarPostProcessor
instanceKlass  @bci org/springframework/data/jpa/repository/config/JpaRepositoryConfigExtension registerBeansForRoot (Lorg/springframework/beans/factory/support/BeanDefinitionRegistry;Lorg/springframework/data/repository/config/RepositoryConfigurationSource;)V 20 <appendix> argL0 ; # org/springframework/data/jpa/repository/config/JpaRepositoryConfigExtension$$Lambda+0x0000000013338558
instanceKlass  @bci org/springframework/data/repository/config/AnnotationRepositoryConfigurationSource getAttribute (Ljava/lang/String;Ljava/lang/Class;)Ljava/util/Optional; 54 <appendix> member <vmtarget> ; # org/springframework/data/repository/config/AnnotationRepositoryConfigurationSource$$Lambda+0x0000000013338328
instanceKlass org/springframework/data/repository/config/RepositoryConfiguration
instanceKlass org/springframework/data/repository/core/support/RepositoryFactorySupport
instanceKlass  @bci org/springframework/data/repository/config/AnnotationRepositoryConfigurationSource hasExplicitFilters (Lorg/springframework/core/annotation/AnnotationAttributes;)Z 18 <appendix> member <vmtarget> ; # org/springframework/data/repository/config/AnnotationRepositoryConfigurationSource$$Lambda+0x0000000013335470
instanceKlass  @bci org/springframework/data/repository/config/AnnotationRepositoryConfigurationSource <init> (Lorg/springframework/core/type/AnnotationMetadata;Ljava/lang/Class;Lorg/springframework/core/io/ResourceLoader;Lorg/springframework/core/env/Environment;Lorg/springframework/beans/factory/support/BeanDefinitionRegistry;Lorg/springframework/beans/factory/support/BeanNameGenerator;)V 111 <appendix> member <vmtarget> ; # org/springframework/data/repository/config/AnnotationRepositoryConfigurationSource$$Lambda+0x0000000013335220
instanceKlass org/springframework/data/repository/config/RepositoryBeanNameGenerator
instanceKlass org/springframework/data/repository/config/RepositoryBeanDefinitionRegistrarSupport
instanceKlass org/springframework/data/config/ConfigurationUtils
instanceKlass org/springframework/data/repository/config/ImplementationDetectionConfiguration
instanceKlass org/springframework/data/repository/config/DefaultRepositoryBaseClass
instanceKlass org/springframework/data/jpa/repository/config/EnableJpaRepositories
instanceKlass org/springframework/boot/autoconfigure/data/jpa/JpaRepositoriesRegistrar$EnableJpaRepositoriesConfiguration
instanceKlass org/springframework/data/repository/config/RepositoryConfigurationDelegate
instanceKlass org/springframework/data/repository/config/RepositoryConfigurationExtensionSupport
instanceKlass org/springframework/data/repository/core/support/RepositoryFactoryBeanSupport
instanceKlass org/springframework/data/repository/core/support/RepositoryFactoryInformation
instanceKlass org/springframework/boot/autoconfigure/dao/PersistenceExceptionTranslationAutoConfiguration
instanceKlass org/springframework/context/support/DefaultLifecycleProcessor
instanceKlass org/springframework/boot/autoconfigure/context/LifecycleAutoConfiguration
instanceKlass org/springframework/boot/autoconfigure/context/ConfigurationPropertiesAutoConfiguration
instanceKlass org/springframework/boot/autoconfigure/context/LifecycleProperties
instanceKlass org/springframework/boot/autoconfigure/jackson/JacksonAutoConfiguration
instanceKlass org/springframework/boot/jackson/JsonMixinModuleEntries
instanceKlass org/springframework/boot/autoconfigure/jackson/JacksonAutoConfiguration$JacksonMixinConfiguration
# instanceKlass java/lang/invoke/LambdaForm$DMH+0x0000000013334000
instanceKlass org/springframework/boot/autoconfigure/jackson/JacksonAutoConfiguration$JacksonObjectMapperConfiguration
instanceKlass org/springframework/boot/autoconfigure/jackson/JacksonAutoConfiguration$ParameterNamesModuleConfiguration
instanceKlass org/springframework/boot/autoconfigure/jackson/JacksonAutoConfiguration$JacksonObjectMapperBuilderConfiguration
instanceKlass org/springframework/boot/autoconfigure/jackson/JacksonAutoConfiguration$Jackson2ObjectMapperBuilderCustomizerConfiguration$StandardJackson2ObjectMapperBuilderCustomizer
instanceKlass org/springframework/boot/autoconfigure/jackson/Jackson2ObjectMapperBuilderCustomizer
instanceKlass org/springframework/boot/autoconfigure/jackson/JacksonAutoConfiguration$Jackson2ObjectMapperBuilderCustomizerConfiguration
instanceKlass org/springframework/beans/factory/support/AbstractAutowireCapableBeanFactory$FactoryBeanMethodTypeFinder
instanceKlass org/springframework/boot/autoconfigure/jackson/JacksonProperties$Datatype
instanceKlass org/springframework/boot/autoconfigure/jackson/JacksonProperties
instanceKlass org/springframework/boot/autoconfigure/jdbc/DataSourceTransactionManagerAutoConfiguration
instanceKlass org/springframework/boot/autoconfigure/orm/jpa/HibernateProperties$Naming
instanceKlass org/springframework/boot/autoconfigure/orm/jpa/EntityManagerFactoryBuilderCustomizer
instanceKlass org/springframework/transaction/support/ResourceTransactionManager
instanceKlass org/springframework/boot/orm/jpa/EntityManagerFactoryBuilder
instanceKlass org/springframework/boot/autoconfigure/orm/jpa/JpaProperties
instanceKlass org/hibernate/boot/model/naming/ImplicitNamingStrategy
instanceKlass org/hibernate/boot/model/naming/PhysicalNamingStrategy
instanceKlass org/springframework/orm/jpa/vendor/AbstractJpaVendorAdapter
instanceKlass org/springframework/orm/jpa/JpaVendorAdapter
instanceKlass org/springframework/boot/autoconfigure/orm/jpa/JpaBaseConfiguration
instanceKlass org/springframework/boot/autoconfigure/orm/jpa/HibernateJpaConfiguration$HibernateRuntimeHints
instanceKlass org/springframework/boot/autoconfigure/orm/jpa/HibernateProperties
instanceKlass org/springframework/boot/autoconfigure/orm/jpa/JpaBaseConfiguration$PersistenceManagedTypesConfiguration
instanceKlass org/springframework/orm/jpa/persistenceunit/PersistenceManagedTypes
instanceKlass org/springframework/boot/autoconfigure/orm/jpa/JpaBaseConfiguration$JpaWebConfiguration
instanceKlass org/springframework/orm/jpa/EntityManagerFactoryAccessor
instanceKlass org/springframework/web/context/request/AsyncWebRequestInterceptor
instanceKlass org/springframework/web/context/request/WebRequestInterceptor
instanceKlass org/springframework/boot/autoconfigure/transaction/ExecutionListenersTransactionManagerCustomizer
instanceKlass org/springframework/boot/autoconfigure/jdbc/DataSourceAutoConfiguration
instanceKlass org/springframework/boot/jdbc/metadata/DataSourcePoolMetadataProvider
instanceKlass org/springframework/boot/jdbc/metadata/DataSourcePoolMetadata
instanceKlass org/springframework/boot/autoconfigure/jdbc/metadata/DataSourcePoolMetadataProvidersConfiguration$HikariPoolDataSourceMetadataProviderConfiguration
instanceKlass org/springframework/boot/autoconfigure/jdbc/PropertiesJdbcConnectionDetails
instanceKlass org/springframework/boot/autoconfigure/transaction/TransactionManagerCustomizers
instanceKlass org/springframework/boot/autoconfigure/transaction/TransactionProperties
instanceKlass org/springframework/boot/autoconfigure/transaction/TransactionManagerCustomizer
instanceKlass org/springframework/boot/autoconfigure/jdbc/DataSourceProperties$Xa
instanceKlass org/springframework/boot/autoconfigure/jdbc/DataSourceCheckpointRestoreConfiguration
instanceKlass org/springframework/boot/autoconfigure/jdbc/metadata/DataSourcePoolMetadataProvidersConfiguration
instanceKlass org/springframework/boot/autoconfigure/sql/init/SqlInitializationAutoConfiguration
instanceKlass org/springframework/boot/autoconfigure/jdbc/DataSourceAutoConfiguration$PooledDataSourceConfiguration
instanceKlass org/springframework/boot/autoconfigure/jdbc/DataSourceJmxConfiguration$Hikari
instanceKlass org/springframework/boot/autoconfigure/jdbc/DataSourceJmxConfiguration
instanceKlass org/springframework/boot/autoconfigure/jdbc/DataSourceConfiguration$Generic
instanceKlass org/springframework/boot/autoconfigure/jdbc/DataSourceConfiguration$OracleUcp
instanceKlass org/springframework/boot/autoconfigure/jdbc/DataSourceConfiguration$Dbcp2
instanceKlass org/springframework/boot/autoconfigure/jdbc/DataSourceConfiguration$Tomcat
instanceKlass org/springframework/boot/autoconfigure/jdbc/JdbcConnectionDetailsBeanPostProcessor
instanceKlass org/springframework/boot/autoconfigure/jdbc/JdbcConnectionDetails
instanceKlass org/springframework/boot/autoconfigure/service/connection/ConnectionDetails
instanceKlass org/springframework/boot/autoconfigure/jdbc/DataSourceProperties
instanceKlass org/springframework/boot/autoconfigure/jdbc/DataSourceConfiguration$Hikari
instanceKlass  @bci org/springframework/boot/autoconfigure/condition/OnBeanCondition$SingleCandidateSpec validate (Lorg/springframework/boot/autoconfigure/condition/OnBeanCondition$BeanTypeDeductionException;)V 19 <appendix> member <vmtarget> ; # org/springframework/boot/autoconfigure/condition/OnBeanCondition$SingleCandidateSpec$$Lambda+0x0000000013327998
instanceKlass javax/sql/XADataSource
instanceKlass org/springframework/boot/autoconfigure/transaction/jta/JtaAutoConfiguration
instanceKlass org/springframework/boot/availability/ApplicationAvailabilityBean
instanceKlass org/springframework/boot/autoconfigure/transaction/jta/JndiJtaConfiguration
instanceKlass org/springframework/boot/autoconfigure/transaction/TransactionManagerCustomizationAutoConfiguration
instanceKlass org/springframework/boot/autoconfigure/transaction/TransactionAutoConfiguration
instanceKlass org/springframework/boot/autoconfigure/orm/jpa/HibernateJpaAutoConfiguration
instanceKlass org/springframework/boot/autoconfigure/jms/artemis/ArtemisAutoConfiguration
instanceKlass org/springframework/boot/autoconfigure/jms/activemq/ActiveMQAutoConfiguration
instanceKlass org/springframework/boot/autoconfigure/jdbc/XADataSourceAutoConfiguration
instanceKlass org/springframework/boot/autoconfigure/availability/ApplicationAvailabilityAutoConfiguration
instanceKlass org/springframework/boot/autoconfigure/aop/AopAutoConfiguration
instanceKlass org/springframework/boot/autoconfigure/aop/AopAutoConfiguration$AspectJAutoProxyingConfiguration
instanceKlass org/springframework/boot/autoconfigure/aop/AopAutoConfiguration$AspectJAutoProxyingConfiguration$CglibAutoProxyConfiguration
instanceKlass org/springframework/boot/availability/ApplicationAvailability
instanceKlass org/springframework/aop/config/AopConfigUtils
instanceKlass org/springdoc/webmvc/ui/SwaggerWebMvcConfigurer
instanceKlass org/springframework/web/servlet/resource/AbstractResourceResolver
instanceKlass org/springframework/web/servlet/resource/ResourceResolver
instanceKlass org/springdoc/webmvc/ui/SwaggerUiHome
instanceKlass org/springdoc/webmvc/ui/SwaggerConfigResource
instanceKlass org/springdoc/webmvc/ui/SwaggerIndexTransformer
instanceKlass org/springframework/web/servlet/resource/ResourceTransformer
instanceKlass org/springdoc/webmvc/ui/SwaggerConfig
instanceKlass org/springdoc/ui/AbstractSwaggerWelcome
instanceKlass org/springdoc/core/service/GenericResponseService
instanceKlass org/springdoc/core/providers/SpringWebProvider
instanceKlass org/springdoc/core/service/AbstractRequestService
instanceKlass org/springdoc/webmvc/core/configuration/SpringDocWebMvcConfiguration
instanceKlass io/swagger/v3/core/filter/SpecFilter
instanceKlass org/springframework/expression/common/ExpressionUtils
instanceKlass org/springframework/expression/spel/CodeFlow
instanceKlass org/springframework/expression/spel/ExpressionState
instanceKlass org/springframework/expression/spel/standard/SpelExpression
instanceKlass org/springframework/expression/spel/standard/Token
instanceKlass org/springframework/expression/spel/standard/Tokenizer
instanceKlass  @bci java/util/regex/Pattern union (Ljava/util/regex/Pattern$CharPredicate;Ljava/util/regex/Pattern$CharPredicate;Z)Ljava/util/regex/Pattern$CharPredicate; 14 <appendix> member <vmtarget> ; # java/util/regex/Pattern$$Lambda+0x0000000013172738
instanceKlass  @bci java/util/regex/CharPredicates category (I)Ljava/util/regex/Pattern$CharPredicate; 1 <appendix> member <vmtarget> ; # java/util/regex/CharPredicates$$Lambda+0x00000000131724d0
instanceKlass org/springframework/expression/spel/ast/SpelNodeImpl
instanceKlass org/springframework/expression/spel/SpelNode
instanceKlass org/springdoc/webmvc/core/configuration/SpringDocWebMvcConfiguration$SpringDocWebMvcRouterConfiguration
instanceKlass org/springdoc/webmvc/core/providers/RouterFunctionWebMvcProvider
instanceKlass org/springdoc/core/providers/RouterFunctionProvider
instanceKlass  @bci org/springframework/context/annotation/ConfigurationClassParser removeKnownSuperclass (Ljava/lang/String;Z)V 54 <appendix> member <vmtarget> ; # org/springframework/context/annotation/ConfigurationClassParser$$Lambda+0x0000000013316ab0
instanceKlass org/springdoc/core/properties/SwaggerUiOAuthProperties
instanceKlass org/springdoc/core/properties/AbstractSwaggerUiConfigProperties
instanceKlass org/springdoc/core/configuration/SpringDocUIConfiguration
instanceKlass org/springdoc/core/configuration/SpringDocSortConfiguration
instanceKlass org/springdoc/core/converters/SortOpenAPIConverter
instanceKlass org/springdoc/core/customizers/DataRestDelegatingMethodParameterCustomizer
instanceKlass org/springdoc/core/converters/PageOpenAPIConverter
instanceKlass org/springframework/data/web/PagedModel
instanceKlass org/springdoc/core/configuration/SpringDocPageableConfiguration
instanceKlass org/springdoc/core/converters/PageableOpenAPIConverter
# instanceKlass java/lang/invoke/LambdaForm$DMH+0x0000000013314000
instanceKlass org/springdoc/core/converters/PolymorphicModelConverter
instanceKlass org/springdoc/core/customizers/SpringDocCustomizers
instanceKlass org/springdoc/core/providers/SpringDocProviders
instanceKlass org/springdoc/core/service/OperationService
instanceKlass org/springdoc/core/utils/PropertyResolverUtils
instanceKlass org/springdoc/core/service/SecurityService
instanceKlass org/springdoc/core/service/RequestBodyService
instanceKlass org/springdoc/core/service/GenericParameterService
instanceKlass org/springdoc/core/converters/ModelConverterRegistrar
instanceKlass org/springdoc/core/converters/ResponseSupportConverter
instanceKlass org/springdoc/core/converters/FileSupportConverter
instanceKlass org/springdoc/core/converters/AdditionalModelsConverter
instanceKlass io/swagger/v3/core/util/ObjectMapperFactory
instanceKlass org/springdoc/core/customizers/ParameterObjectNamingStrategyCustomizer
instanceKlass org/springdoc/core/customizers/DelegatingMethodParameterCustomizer
instanceKlass org/springdoc/core/converters/SchemaPropertyDeprecatingConverter
instanceKlass org/springdoc/core/converters/PropertyCustomizingConverter
instanceKlass io/swagger/v3/core/converter/ModelConverter
instanceKlass org/springdoc/core/service/OpenAPIService
instanceKlass org/springdoc/core/customizers/GlobalOpenApiCustomizer
instanceKlass org/springdoc/core/customizers/OpenApiCustomizer
instanceKlass io/swagger/v3/oas/models/media/Schema
instanceKlass org/springdoc/core/customizers/PropertyCustomizer
instanceKlass org/springdoc/core/configuration/SpringDocConfiguration
instanceKlass org/springdoc/core/providers/WebConversionServiceProvider
instanceKlass org/springdoc/core/configuration/SpringDocConfiguration$WebConversionServiceConfiguration
instanceKlass org/springdoc/core/models/GroupedOpenApi
instanceKlass org/springdoc/core/configuration/SpringDocConfiguration$SpringDocSpringDataWebPropertiesProvider
instanceKlass org/springdoc/core/configuration/SpringDocConfiguration$OpenApiResourceAdvice
instanceKlass org/springdoc/core/providers/SpringDataWebPropertiesProvider
instanceKlass org/springdoc/core/configuration/SpringDocConfiguration$QuerydslProvider
instanceKlass org/springdoc/core/customizers/QuerydslPredicateOperationCustomizer
instanceKlass org/springdoc/core/customizers/GlobalOperationCustomizer
instanceKlass org/springdoc/core/customizers/OperationCustomizer
instanceKlass org/springframework/boot/autoconfigure/web/servlet/WebMvcAutoConfiguration$ResourceChainResourceHandlerRegistrationCustomizer
instanceKlass org/springframework/boot/autoconfigure/web/servlet/WebMvcAutoConfiguration$ResourceHandlerRegistrationCustomizer
instanceKlass org/springframework/boot/autoconfigure/web/servlet/WebMvcAutoConfiguration$ResourceChainCustomizerConfiguration
instanceKlass org/springframework/boot/autoconfigure/web/WebResourcesRuntimeHints
instanceKlass org/springframework/aot/hint/RuntimeHintsRegistrar
instanceKlass org/springframework/core/ResolvableType$WildcardBounds
instanceKlass org/springframework/web/context/request/RequestContextListener
instanceKlass jakarta/servlet/ServletRequestListener
instanceKlass org/springframework/boot/autoconfigure/http/HttpMessageConverters
instanceKlass org/springframework/web/servlet/config/annotation/ResourceHandlerRegistration
instanceKlass org/springframework/boot/web/servlet/filter/OrderedFilter
instanceKlass org/springframework/boot/autoconfigure/web/servlet/WebMvcAutoConfiguration$WebMvcAutoConfigurationAdapter
instanceKlass org/springframework/lang/Nullable
instanceKlass org/springframework/web/method/support/CompositeUriComponentsContributor
instanceKlass org/springframework/web/method/support/UriComponentsContributor
instanceKlass org/springframework/web/servlet/mvc/SimpleControllerHandlerAdapter
instanceKlass org/springframework/web/servlet/handler/HandlerMappingIntrospector
instanceKlass org/springframework/web/cors/PreFlightRequestHandler
instanceKlass org/springframework/web/cors/CorsConfigurationSource
instanceKlass org/springframework/web/util/UrlPathHelper
instanceKlass org/springframework/web/util/pattern/PathPatternParser
instanceKlass org/springframework/web/servlet/mvc/HttpRequestHandlerAdapter
instanceKlass org/springframework/web/servlet/function/support/HandlerFunctionAdapter
instanceKlass jakarta/servlet/ServletContext
instanceKlass org/springframework/web/servlet/config/annotation/DefaultServletHandlerConfigurer
instanceKlass org/springframework/web/servlet/config/annotation/ContentNegotiationConfigurer
instanceKlass org/springframework/web/servlet/config/annotation/ViewResolverRegistry
instanceKlass org/springframework/web/servlet/config/annotation/CorsRegistry
instanceKlass org/springframework/web/servlet/config/annotation/InterceptorRegistry
instanceKlass org/springframework/validation/MessageCodesResolver
instanceKlass org/springframework/web/servlet/config/annotation/ResourceHandlerRegistry
instanceKlass org/springframework/web/servlet/config/annotation/ViewControllerRegistry
instanceKlass org/springframework/web/servlet/config/annotation/AsyncSupportConfigurer
instanceKlass org/springframework/web/servlet/config/annotation/PathMatchConfigurer
instanceKlass org/springframework/web/bind/support/ConfigurableWebBindingInitializer
instanceKlass org/springframework/web/accept/ContentNegotiationManager
instanceKlass org/springframework/web/accept/MediaTypeFileExtensionResolver
instanceKlass org/springframework/web/accept/ContentNegotiationStrategy
instanceKlass org/springframework/boot/autoconfigure/web/servlet/WebMvcAutoConfiguration$WelcomePageHandlerMappingFactory
instanceKlass org/springframework/web/servlet/resource/ResourceUrlProvider
instanceKlass org/springframework/web/servlet/HandlerAdapter
instanceKlass org/springframework/web/servlet/handler/AbstractHandlerExceptionResolver
instanceKlass org/springframework/web/bind/support/WebBindingInitializer
instanceKlass org/springframework/web/servlet/handler/MatchableHandlerMapping
instanceKlass org/springframework/web/servlet/HandlerMapping
instanceKlass org/springframework/web/servlet/FlashMapManager
instanceKlass org/springframework/web/servlet/ThemeResolver
instanceKlass org/springframework/web/servlet/RequestToViewNameTranslator
instanceKlass org/springframework/web/servlet/HandlerInterceptor
instanceKlass org/springframework/web/servlet/LocaleResolver
instanceKlass org/springframework/web/servlet/config/annotation/WebMvcConfigurationSupport
instanceKlass org/springframework/boot/autoconfigure/web/servlet/error/AbstractErrorController
instanceKlass org/springframework/boot/autoconfigure/web/servlet/error/ErrorMvcAutoConfiguration$ErrorPageCustomizer
instanceKlass org/springframework/boot/web/server/ErrorPageRegistrar
instanceKlass org/springframework/boot/web/servlet/error/DefaultErrorAttributes
instanceKlass org/springframework/web/servlet/HandlerExceptionResolver
instanceKlass org/springframework/boot/autoconfigure/web/servlet/error/ErrorMvcAutoConfiguration$PreserveErrorControllerTargetClassPostProcessor
instanceKlass org/springframework/boot/web/servlet/error/ErrorController
instanceKlass org/springframework/boot/autoconfigure/web/servlet/error/ErrorMvcAutoConfiguration
instanceKlass org/springframework/boot/autoconfigure/web/servlet/error/DefaultErrorViewResolver
instanceKlass org/springframework/boot/web/servlet/error/ErrorAttributes
instanceKlass org/springframework/boot/autoconfigure/web/servlet/WebMvcAutoConfiguration
instanceKlass org/springframework/boot/autoconfigure/web/WebProperties$Resources
instanceKlass org/springframework/boot/autoconfigure/web/servlet/error/ErrorViewResolver
instanceKlass org/springframework/boot/autoconfigure/web/servlet/error/ErrorMvcAutoConfiguration$DefaultErrorViewResolverConfiguration
instanceKlass org/springframework/boot/autoconfigure/web/WebProperties
instanceKlass org/springframework/web/servlet/View
instanceKlass org/springframework/boot/autoconfigure/web/servlet/error/ErrorMvcAutoConfiguration$WhitelabelErrorViewConfiguration
instanceKlass org/springframework/context/support/ApplicationObjectSupport
instanceKlass org/springframework/web/servlet/ViewResolver
instanceKlass org/springframework/boot/autoconfigure/validation/ValidationConfigurationCustomizer
instanceKlass org/springframework/validation/beanvalidation/SpringValidatorAdapter
instanceKlass org/springframework/validation/SmartValidator
instanceKlass org/springframework/boot/autoconfigure/validation/ValidationAutoConfiguration
instanceKlass org/springframework/boot/autoconfigure/task/TaskExecutionAutoConfiguration
instanceKlass org/springframework/boot/autoconfigure/task/TaskExecutionProperties$Shutdown
instanceKlass org/springframework/boot/autoconfigure/task/TaskExecutionProperties$Simple
instanceKlass org/springframework/boot/autoconfigure/task/TaskExecutionProperties$Pool
instanceKlass org/springframework/boot/autoconfigure/task/TaskExecutorConfigurations$TaskExecutorConfiguration
instanceKlass  @bci org/springframework/boot/autoconfigure/condition/OnBeanCondition appendMessageForMatches (Ljava/lang/StringBuilder;Ljava/util/Map;Ljava/lang/String;)V 12 <appendix> member <vmtarget> ; # org/springframework/boot/autoconfigure/condition/OnBeanCondition$$Lambda+0x00000000132f6ed0
instanceKlass org/springframework/boot/autoconfigure/task/TaskExecutorConfigurations$SimpleAsyncTaskExecutorBuilderConfiguration
instanceKlass org/springframework/boot/autoconfigure/task/TaskExecutionProperties
instanceKlass org/springframework/boot/task/SimpleAsyncTaskExecutorBuilder
instanceKlass org/springframework/boot/autoconfigure/task/TaskExecutorConfigurations$ThreadPoolTaskExecutorBuilderConfiguration
instanceKlass org/springframework/boot/autoconfigure/web/servlet/DispatcherServletAutoConfiguration
instanceKlass org/springframework/boot/autoconfigure/web/servlet/DispatcherServletPath
instanceKlass org/springframework/boot/task/ThreadPoolTaskExecutorBuilder
instanceKlass org/springframework/aop/scope/ScopedProxyUtils
instanceKlass org/springframework/boot/autoconfigure/web/servlet/DispatcherServletAutoConfiguration$DispatcherServletRegistrationConfiguration
instanceKlass org/springframework/boot/autoconfigure/web/servlet/WebMvcProperties$Problemdetails
instanceKlass org/springframework/boot/autoconfigure/web/servlet/WebMvcProperties$Pathmatch
instanceKlass org/springframework/boot/autoconfigure/web/servlet/WebMvcProperties$Contentnegotiation
instanceKlass org/springframework/boot/autoconfigure/web/servlet/WebMvcProperties$View
instanceKlass org/springframework/boot/autoconfigure/web/servlet/WebMvcProperties$Servlet
instanceKlass org/springframework/boot/autoconfigure/web/servlet/WebMvcProperties$Async
instanceKlass org/springframework/boot/autoconfigure/web/servlet/WebMvcProperties$Format
instanceKlass org/springframework/validation/MessageCodeFormatter
instanceKlass org/springframework/boot/autoconfigure/web/servlet/DispatcherServletAutoConfiguration$DispatcherServletConfiguration
instanceKlass org/springframework/boot/autoconfigure/web/servlet/WebMvcProperties
instanceKlass org/springframework/boot/web/server/ErrorPageRegistrarBeanPostProcessor
instanceKlass org/springframework/boot/autoconfigure/web/servlet/TomcatServletWebServerFactoryCustomizer
instanceKlass org/springframework/boot/autoconfigure/web/servlet/ServletWebServerFactoryCustomizer
instanceKlass org/springframework/boot/web/server/AbstractConfigurableWebServerFactory
instanceKlass org/springframework/boot/web/servlet/server/ConfigurableServletWebServerFactory
instanceKlass org/springframework/boot/web/servlet/WebListenerRegistry
instanceKlass org/springframework/boot/web/embedded/tomcat/ConfigurableTomcatWebServerFactory
instanceKlass org/springframework/boot/web/server/ConfigurableWebServerFactory
instanceKlass org/springframework/boot/web/server/ErrorPageRegistry
instanceKlass org/springframework/boot/web/server/WebServerFactoryCustomizerBeanPostProcessor
instanceKlass org/springframework/boot/autoconfigure/web/ServerProperties$Undertow
instanceKlass org/springframework/boot/autoconfigure/web/ServerProperties$Netty
instanceKlass org/springframework/boot/autoconfigure/web/ServerProperties$Jetty
instanceKlass org/springframework/boot/autoconfigure/web/ServerProperties$Tomcat
instanceKlass org/springframework/boot/autoconfigure/web/ServerProperties$Reactive
instanceKlass org/springframework/boot/autoconfigure/web/ServerProperties$Servlet
instanceKlass org/springframework/boot/web/server/Http2
instanceKlass org/springframework/boot/web/server/MimeMappings
instanceKlass org/springframework/boot/web/server/Compression
instanceKlass org/springframework/boot/web/server/Ssl
instanceKlass org/springframework/boot/autoconfigure/web/ErrorProperties
instanceKlass org/springframework/boot/autoconfigure/web/servlet/ServletWebServerFactoryConfiguration$EmbeddedUndertow
instanceKlass org/springframework/boot/autoconfigure/web/servlet/ServletWebServerFactoryConfiguration$EmbeddedJetty
instanceKlass org/springframework/boot/autoconfigure/web/servlet/ServletWebServerFactoryConfiguration$EmbeddedTomcat
instanceKlass org/springframework/boot/autoconfigure/web/ServerProperties
instanceKlass org/springframework/boot/autoconfigure/websocket/servlet/WebSocketServletAutoConfiguration
instanceKlass org/springframework/boot/autoconfigure/websocket/servlet/TomcatWebSocketServletWebServerCustomizer
instanceKlass org/springframework/boot/web/server/WebServerFactoryCustomizer
instanceKlass org/springframework/boot/autoconfigure/websocket/servlet/WebSocketServletAutoConfiguration$TomcatWebSocketConfiguration
instanceKlass org/springframework/boot/web/servlet/server/ServletWebServerFactory
instanceKlass org/springframework/boot/web/server/WebServerFactory
instanceKlass org/springframework/boot/autoconfigure/web/servlet/ServletWebServerFactoryAutoConfiguration
instanceKlass org/springframework/boot/context/properties/BindMethodAttribute
instanceKlass org/springframework/boot/autoconfigure/ssl/SslProperties$Bundles
instanceKlass org/springframework/boot/context/properties/ConfigurationPropertiesBean
instanceKlass  @bci org/springframework/boot/context/properties/ConfigurationPropertiesBeanRegistrar registerBeanDefinition (Ljava/lang/String;Ljava/lang/Class;Lorg/springframework/core/annotation/MergedAnnotation;)V 7 <appendix> member <vmtarget> ; # org/springframework/boot/context/properties/ConfigurationPropertiesBeanRegistrar$$Lambda+0x00000000132eeb70
instanceKlass  @bci org/springframework/boot/context/properties/EnableConfigurationPropertiesRegistrar registerBeanDefinitions (Lorg/springframework/core/type/AnnotationMetadata;Lorg/springframework/beans/factory/support/BeanDefinitionRegistry;)V 28 <appendix> member <vmtarget> ; # org/springframework/boot/context/properties/EnableConfigurationPropertiesRegistrar$$Lambda+0x00000000132ee6b8
instanceKlass  @bci org/springframework/boot/context/properties/EnableConfigurationPropertiesRegistrar getTypes (Lorg/springframework/core/type/AnnotationMetadata;)Ljava/util/Set; 23 <appendix> argL0 ; # org/springframework/boot/context/properties/EnableConfigurationPropertiesRegistrar$$Lambda+0x00000000132ee460
instanceKlass  @bci org/springframework/boot/context/properties/EnableConfigurationPropertiesRegistrar getTypes (Lorg/springframework/core/type/AnnotationMetadata;)Ljava/util/Set; 13 <appendix> argL0 ; # org/springframework/boot/context/properties/EnableConfigurationPropertiesRegistrar$$Lambda+0x00000000132ee218
instanceKlass org/springframework/boot/context/properties/ConfigurationPropertiesBeanRegistrar
instanceKlass org/springframework/boot/validation/beanvalidation/MethodValidationExcludeFilter
instanceKlass org/springframework/boot/context/properties/BoundConfigurationProperties
instanceKlass org/springframework/boot/context/properties/ConfigurationPropertiesBinder$ConfigurationPropertiesBinderFactory
instanceKlass org/springframework/validation/Validator
instanceKlass org/springframework/boot/context/properties/ConfigurationPropertiesBinder
instanceKlass org/springframework/boot/context/properties/ConfigurationPropertiesBindingPostProcessor
instanceKlass org/springframework/boot/ssl/DefaultSslBundleRegistry
instanceKlass org/springframework/boot/ssl/SslBundles
instanceKlass org/springframework/boot/autoconfigure/ssl/SslPropertiesBundleRegistrar
instanceKlass org/springframework/boot/autoconfigure/ssl/SslBundleRegistrar
instanceKlass org/springframework/boot/autoconfigure/ssl/FileWatcher
instanceKlass org/springframework/boot/autoconfigure/ssl/SslAutoConfiguration
instanceKlass org/springframework/boot/ssl/SslBundleRegistry
instanceKlass org/springframework/boot/autoconfigure/ssl/SslProperties
instanceKlass  @bci org/springframework/boot/autoconfigure/condition/OnBeanCondition getMatchingBeans (Lorg/springframework/boot/autoconfigure/condition/OnBeanCondition$Spec;)Lorg/springframework/boot/autoconfigure/condition/OnBeanCondition$MatchResult; 118 <appendix> member <vmtarget> ; # org/springframework/boot/autoconfigure/condition/OnBeanCondition$$Lambda+0x00000000132e99d8
instanceKlass  @cpi org/springframework/boot/autoconfigure/condition/OnBeanCondition 856 form vmentry <vmtarget> ; # java/lang/invoke/LambdaForm$DMH+0x00000000132ec000
instanceKlass org/springframework/boot/autoconfigure/context/PropertyPlaceholderAutoConfiguration
instanceKlass  @bci org/springframework/beans/factory/config/ConstructorArgumentValues addArgumentValues (Lorg/springframework/beans/factory/config/ConstructorArgumentValues;)V 40 <appendix> member <vmtarget> ; # org/springframework/beans/factory/config/ConstructorArgumentValues$$Lambda+0x00000000132e9588
instanceKlass  @bci org/springframework/beans/factory/config/ConstructorArgumentValues addArgumentValues (Lorg/springframework/beans/factory/config/ConstructorArgumentValues;)V 29 <appendix> member <vmtarget> ; # org/springframework/beans/factory/config/ConstructorArgumentValues$$Lambda+0x00000000132e9328
instanceKlass  @bci org/springframework/beans/factory/config/ConstructorArgumentValues addArgumentValues (Lorg/springframework/beans/factory/config/ConstructorArgumentValues;)V 9 <appendix> member <vmtarget> ; # org/springframework/beans/factory/config/ConstructorArgumentValues$$Lambda+0x00000000132e90e8
instanceKlass org/springframework/core/annotation/AnnotatedElementUtils
instanceKlass org/springframework/context/annotation/BeanAnnotationHelper
instanceKlass  @bci org/springframework/util/ReflectionUtils getUniqueDeclaredMethods (Ljava/lang/Class;Lorg/springframework/util/ReflectionUtils$MethodFilter;)[Ljava/lang/reflect/Method; 12 <appendix> member <vmtarget> ; # org/springframework/util/ReflectionUtils$$Lambda+0x00000000132e8808
instanceKlass  @bci org/springframework/beans/factory/support/AbstractAutowireCapableBeanFactory getTypeForFactoryMethod (Ljava/lang/String;Lorg/springframework/beans/factory/support/RootBeanDefinition;[Ljava/lang/Class;)Ljava/lang/Class; 133 <appendix> argL0 ; # org/springframework/beans/factory/support/AbstractAutowireCapableBeanFactory$$Lambda+0x00000000132e85c0
instanceKlass org/springframework/boot/autoconfigure/condition/OnBeanCondition$MatchResult
instanceKlass org/springframework/core/io/support/PropertiesLoaderSupport
instanceKlass  @bci org/springframework/boot/autoconfigure/condition/OnBeanCondition$Spec <init> (Lorg/springframework/context/annotation/ConditionContext;Lorg/springframework/core/type/AnnotatedTypeMetadata;Lorg/springframework/core/annotation/MergedAnnotations;Ljava/lang/Class;)V 12 <appendix> argL0 ; # org/springframework/boot/autoconfigure/condition/OnBeanCondition$Spec$$Lambda+0x00000000132e7378
instanceKlass org/springframework/beans/factory/config/ConstructorArgumentValues$ValueHolder
instanceKlass org/springframework/beans/factory/config/ConstructorArgumentValues
instanceKlass org/springframework/boot/autoconfigure/AutoConfigurationPackages$BasePackages
instanceKlass org/springframework/boot/autoconfigure/AutoConfigurationPackages
instanceKlass org/springframework/boot/autoconfigure/AutoConfigurationPackages$PackageImports
instanceKlass org/springframework/core/type/StandardMethodMetadata
instanceKlass  @bci org/springframework/context/annotation/ConfigurationClassBeanDefinitionReader loadBeanDefinitionsFromRegistrars (Ljava/util/Map;)V 2 <appendix> member <vmtarget> ; # org/springframework/context/annotation/ConfigurationClassBeanDefinitionReader$$Lambda+0x00000000132e54a0
instanceKlass  @bci org/springframework/context/annotation/ConfigurationClassBeanDefinitionReader loadBeanDefinitionsFromImportedResources (Ljava/util/Map;)V 11 <appendix> member <vmtarget> ; # org/springframework/context/annotation/ConfigurationClassBeanDefinitionReader$$Lambda+0x00000000132e5260
instanceKlass org/springframework/context/annotation/ConfigurationClassBeanDefinitionReader$TrackedConditionEvaluator
instanceKlass org/springframework/boot/autoconfigure/condition/ConditionalOnWarDeployment
instanceKlass org/springframework/transaction/annotation/AbstractTransactionManagementConfiguration
instanceKlass org/springframework/context/annotation/ImportAware
instanceKlass org/springframework/context/annotation/AutoProxyRegistrar
instanceKlass org/springframework/transaction/annotation/TransactionManagementConfigurationSelector$1
instanceKlass org/springframework/context/annotation/AdviceModeImportSelector
instanceKlass org/springframework/transaction/annotation/EnableTransactionManagement
instanceKlass org/springframework/transaction/interceptor/TransactionAspectSupport
instanceKlass org/springframework/jdbc/datasource/init/DatabasePopulator
instanceKlass org/springframework/boot/sql/init/dependency/DatabaseInitializationDependencyConfigurer
instanceKlass org/springframework/data/querydsl/QuerydslUtils
instanceKlass  @bci org/springframework/data/web/config/EnableSpringDataWebSupport$SpringDataWebConfigurationImportSelector selectImports (Lorg/springframework/core/type/AnnotationMetadata;)[Ljava/lang/String; 79 <appendix> member <vmtarget> ; # org/springframework/data/web/config/EnableSpringDataWebSupport$SpringDataWebConfigurationImportSelector$$Lambda+0x00000000132e1e58
instanceKlass org/springframework/data/web/config/SpringDataJacksonModules
instanceKlass  @bci org/springframework/data/web/config/EnableSpringDataWebSupport$SpringDataWebConfigurationImportSelector selectImports (Lorg/springframework/core/type/AnnotationMetadata;)[Ljava/lang/String; 70 <appendix> argL0 ; # org/springframework/data/web/config/EnableSpringDataWebSupport$SpringDataWebConfigurationImportSelector$$Lambda+0x00000000132e1a08
instanceKlass  @bci org/springframework/data/web/config/EnableSpringDataWebSupport$SpringDataWebConfigurationImportSelector selectImports (Lorg/springframework/core/type/AnnotationMetadata;)[Ljava/lang/String; 62 <appendix> argL0 ; # org/springframework/data/web/config/EnableSpringDataWebSupport$SpringDataWebConfigurationImportSelector$$Lambda+0x00000000132e17b0
instanceKlass org/springframework/data/web/config/SpringDataWebConfiguration
instanceKlass  @bci org/springframework/data/web/config/EnableSpringDataWebSupport$SpringDataWebConfigurationImportSelector selectImports (Lorg/springframework/core/type/AnnotationMetadata;)[Ljava/lang/String; 41 <appendix> argL0 ; # org/springframework/data/web/config/EnableSpringDataWebSupport$SpringDataWebConfigurationImportSelector$$Lambda+0x00000000132e11e0
instanceKlass  @bci org/springframework/data/web/config/EnableSpringDataWebSupport$SpringDataWebConfigurationImportSelector selectImports (Lorg/springframework/core/type/AnnotationMetadata;)[Ljava/lang/String; 33 <appendix> argL0 ; # org/springframework/data/web/config/EnableSpringDataWebSupport$SpringDataWebConfigurationImportSelector$$Lambda+0x00000000132e0f98
instanceKlass  @bci org/springframework/data/web/config/EnableSpringDataWebSupport$SpringDataWebConfigurationImportSelector selectImports (Lorg/springframework/core/type/AnnotationMetadata;)[Ljava/lang/String; 25 <appendix> argL0 ; # org/springframework/data/web/config/EnableSpringDataWebSupport$SpringDataWebConfigurationImportSelector$$Lambda+0x00000000132e0d40
instanceKlass org/springframework/data/web/config/ProjectingArgumentResolverRegistrar
instanceKlass  @bci org/springframework/data/web/config/EnableSpringDataWebSupport$SpringDataWebConfigurationImportSelector setResourceLoader (Lorg/springframework/core/io/ResourceLoader;)V 5 <appendix> argL0 ; # org/springframework/data/web/config/EnableSpringDataWebSupport$SpringDataWebConfigurationImportSelector$$Lambda+0x00000000132e08e8
instanceKlass org/springframework/data/web/config/EnableSpringDataWebSupport$SpringDataWebSettingsRegistrar
instanceKlass org/springframework/data/web/config/EnableSpringDataWebSupport$QuerydslActivator
instanceKlass org/springframework/data/web/config/EnableSpringDataWebSupport$SpringDataWebConfigurationImportSelector
instanceKlass org/springframework/data/web/config/EnableSpringDataWebSupport
instanceKlass org/springframework/data/repository/config/RepositoryConfigurationExtension
instanceKlass org/springframework/data/repository/config/RepositoryConfigurationSourceSupport
instanceKlass org/springframework/data/repository/config/RepositoryConfigurationSource
instanceKlass org/springframework/boot/autoconfigure/data/AbstractRepositoryConfigurationSourceSupport
instanceKlass org/springframework/boot/autoconfigure/data/jpa/JpaRepositoriesAutoConfiguration$JpaRepositoriesImportSelector
instanceKlass org/springframework/cache/Cache
instanceKlass  @bci org/springframework/boot/autoconfigure/cache/CacheConfigurations getConfigurationClass (Lorg/springframework/boot/autoconfigure/cache/CacheType;)Ljava/lang/String; 23 <appendix> member <vmtarget> ; # org/springframework/boot/autoconfigure/cache/CacheConfigurations$$Lambda+0x00000000132de860
instanceKlass org/springframework/boot/autoconfigure/cache/NoOpCacheConfiguration
instanceKlass org/springframework/boot/autoconfigure/cache/SimpleCacheConfiguration
instanceKlass org/springframework/boot/autoconfigure/cache/Cache2kCacheConfiguration
instanceKlass org/springframework/boot/autoconfigure/cache/CaffeineCacheConfiguration
instanceKlass org/springframework/boot/autoconfigure/cache/RedisCacheConfiguration
instanceKlass org/springframework/boot/autoconfigure/cache/CouchbaseCacheConfiguration
instanceKlass org/springframework/boot/autoconfigure/cache/JCacheCacheConfiguration
instanceKlass org/springframework/boot/autoconfigure/cache/InfinispanCacheConfiguration
instanceKlass org/springframework/boot/autoconfigure/cache/HazelcastCacheConfiguration
instanceKlass org/springframework/boot/autoconfigure/cache/GenericCacheConfiguration
instanceKlass org/springframework/boot/autoconfigure/cache/CacheConfigurations
instanceKlass org/springframework/boot/autoconfigure/cache/CacheAutoConfiguration$CacheConfigurationImportSelector
# instanceKlass java/lang/invoke/LambdaForm$MH+0x00000000132dc800
instanceKlass java/lang/invoke/MethodHandle$1
instanceKlass org/springframework/boot/autoconfigure/condition/ConditionalOnCheckpointRestore
instanceKlass  @bci org/springframework/util/PlaceholderParser$AbstractPart isTextOnly (Ljava/util/List;)Z 13 <appendix> member <vmtarget> ; # org/springframework/util/PlaceholderParser$AbstractPart$$Lambda+0x00000000132da1e8
instanceKlass java/util/LinkedList$LLSpliterator
instanceKlass  @bci org/springframework/util/PlaceholderParser$AbstractPart toText (Ljava/util/List;)Ljava/lang/String; 10 <appendix> member <vmtarget> ; # org/springframework/util/PlaceholderParser$AbstractPart$$Lambda+0x00000000132d9fa8
instanceKlass  @bci org/springframework/boot/autoconfigure/condition/NoneNestedConditions getFinalMatchOutcome (Lorg/springframework/boot/autoconfigure/condition/AbstractNestedCondition$MemberMatchOutcomes;)Lorg/springframework/boot/autoconfigure/condition/ConditionOutcome; 46 <appendix> form vmentry <vmtarget> ; # java/lang/invoke/LambdaForm$MH+0x00000000132dc400
instanceKlass  @bci org/springframework/boot/jdbc/DataSourceBuilder$MappedDataSourceProperties lookupPooled (Ljava/lang/ClassLoader;Ljava/lang/Class;)Lorg/springframework/boot/jdbc/DataSourceBuilder$MappedDataSourceProperties; 84 <appendix> argL0 ; # org/springframework/boot/jdbc/DataSourceBuilder$MappedDataSourceProperties$$Lambda+0x00000000132d98f8
instanceKlass  @bci org/springframework/boot/jdbc/DataSourceBuilder$MappedDataSourceProperties lookupPooled (Ljava/lang/ClassLoader;Ljava/lang/Class;)Lorg/springframework/boot/jdbc/DataSourceBuilder$MappedDataSourceProperties; 61 <appendix> argL0 ; # org/springframework/boot/jdbc/DataSourceBuilder$MappedDataSourceProperties$$Lambda+0x00000000132d9458
instanceKlass  @bci org/springframework/boot/jdbc/DataSourceBuilder$MappedDataSourceProperties lookupPooled (Ljava/lang/ClassLoader;Ljava/lang/Class;)Lorg/springframework/boot/jdbc/DataSourceBuilder$MappedDataSourceProperties; 43 <appendix> argL0 ; # org/springframework/boot/jdbc/DataSourceBuilder$MappedDataSourceProperties$$Lambda+0x00000000132d8fb8
instanceKlass  @bci org/springframework/boot/jdbc/DataSourceBuilder$MappedDataSourceProperties lookupPooled (Ljava/lang/ClassLoader;Ljava/lang/Class;)Lorg/springframework/boot/jdbc/DataSourceBuilder$MappedDataSourceProperties; 25 <appendix> argL0 ; # org/springframework/boot/jdbc/DataSourceBuilder$MappedDataSourceProperties$$Lambda+0x00000000132d8b18
instanceKlass  @bci org/springframework/boot/jdbc/DataSourceBuilder$HikariDataSourceProperties <init> ()V 64 <appendix> argL0 ; # org/springframework/boot/jdbc/DataSourceBuilder$HikariDataSourceProperties$$Lambda+0x00000000132d8678
instanceKlass  @bci org/springframework/boot/jdbc/DataSourceBuilder$HikariDataSourceProperties <init> ()V 59 <appendix> argL0 ; # org/springframework/boot/jdbc/DataSourceBuilder$HikariDataSourceProperties$$Lambda+0x00000000132d8450
instanceKlass  @bci org/springframework/boot/jdbc/DataSourceBuilder$HikariDataSourceProperties <init> ()V 47 <appendix> argL0 ; # org/springframework/boot/jdbc/DataSourceBuilder$HikariDataSourceProperties$$Lambda+0x00000000132d8228
instanceKlass  @bci org/springframework/boot/jdbc/DataSourceBuilder$HikariDataSourceProperties <init> ()V 42 <appendix> argL0 ; # org/springframework/boot/jdbc/DataSourceBuilder$HikariDataSourceProperties$$Lambda+0x00000000132d8000
instanceKlass  @bci org/springframework/boot/jdbc/DataSourceBuilder$HikariDataSourceProperties <init> ()V 30 <appendix> argL0 ; # org/springframework/boot/jdbc/DataSourceBuilder$HikariDataSourceProperties$$Lambda+0x00000000132d3ca8
instanceKlass  @bci org/springframework/boot/jdbc/DataSourceBuilder$HikariDataSourceProperties <init> ()V 25 <appendix> argL0 ; # org/springframework/boot/jdbc/DataSourceBuilder$HikariDataSourceProperties$$Lambda+0x00000000132d3a80
instanceKlass org/springframework/boot/jdbc/DataSourceBuilder$MappedDataSourceProperty
instanceKlass  @bci org/springframework/boot/jdbc/DataSourceBuilder$HikariDataSourceProperties <init> ()V 13 <appendix> argL0 ; # org/springframework/boot/jdbc/DataSourceBuilder$HikariDataSourceProperties$$Lambda+0x00000000132d3630
instanceKlass org/springframework/boot/jdbc/DataSourceBuilder$Setter
instanceKlass  @bci org/springframework/boot/jdbc/DataSourceBuilder$HikariDataSourceProperties <init> ()V 8 <appendix> argL0 ; # org/springframework/boot/jdbc/DataSourceBuilder$HikariDataSourceProperties$$Lambda+0x00000000132d3200
instanceKlass org/springframework/boot/jdbc/DataSourceBuilder$Getter
instanceKlass com/zaxxer/hikari/HikariConfig
instanceKlass com/zaxxer/hikari/HikariConfigMXBean
instanceKlass  @bci org/springframework/boot/jdbc/DataSourceBuilder$MappedDataSourceProperties lookupPooled (Ljava/lang/ClassLoader;Ljava/lang/Class;)Lorg/springframework/boot/jdbc/DataSourceBuilder$MappedDataSourceProperties; 7 <appendix> argL0 ; # org/springframework/boot/jdbc/DataSourceBuilder$MappedDataSourceProperties$$Lambda+0x00000000132d7708
instanceKlass org/springframework/boot/jdbc/DataSourceBuilder$MappedDataSourceProperties
instanceKlass org/springframework/boot/jdbc/DataSourceBuilder$DataSourceProperties
instanceKlass org/springframework/boot/jdbc/DataSourceBuilder
instanceKlass org/springframework/boot/autoconfigure/condition/AbstractNestedCondition$MemberOutcomes
instanceKlass  @bci org/springframework/boot/autoconfigure/condition/AbstractNestedCondition$MemberConditions getMatchOutcomes ()Ljava/util/List; 14 <appendix> member <vmtarget> ; # org/springframework/boot/autoconfigure/condition/AbstractNestedCondition$MemberConditions$$Lambda+0x00000000132d6998
instanceKlass org/springframework/boot/autoconfigure/condition/AbstractNestedCondition$MemberMatchOutcomes
instanceKlass org/springframework/boot/autoconfigure/condition/AbstractNestedCondition$MemberConditions
instanceKlass org/springframework/transaction/support/AbstractPlatformTransactionManager
instanceKlass org/springframework/transaction/ConfigurableTransactionManager
instanceKlass org/springframework/transaction/jta/TransactionFactory
instanceKlass org/springframework/boot/autoconfigure/condition/ConditionalOnJndi
instanceKlass org/springframework/context/annotation/AspectJAutoProxyRegistrar
instanceKlass org/springframework/context/annotation/EnableAspectJAutoProxy
instanceKlass org/aspectj/weaver/ShadowMunger
instanceKlass org/aspectj/weaver/IHasPosition
instanceKlass org/aspectj/util/PartialOrder$PartialComparable
instanceKlass org/springframework/web/servlet/function/RouterFunction
instanceKlass  @bci org/springdoc/core/conditions/SpecPropertiesCondition matches (Lorg/springframework/context/annotation/ConditionContext;Lorg/springframework/core/type/AnnotatedTypeMetadata;)Z 57 <appendix> argL0 ; # org/springdoc/core/conditions/SpecPropertiesCondition$$Lambda+0x00000000132cf498
# instanceKlass java/lang/invoke/LambdaForm$MH+0x00000000132d1c00
# instanceKlass java/lang/invoke/LambdaForm$MH+0x00000000132d1800
# instanceKlass java/lang/invoke/LambdaForm$MH+0x00000000132d1400
# instanceKlass java/lang/invoke/LambdaForm$BMH+0x00000000132d1000
# instanceKlass java/lang/invoke/LambdaForm$DMH+0x00000000132d0c00
# instanceKlass java/lang/invoke/LambdaForm$MH+0x00000000132d0800
# instanceKlass java/lang/invoke/LambdaForm$DMH+0x00000000132d0400
instanceKlass java/lang/invoke/ClassSpecializer$Factory$1$5$1
instanceKlass java/lang/invoke/ClassSpecializer$Factory$1$5
instanceKlass java/lang/invoke/ClassSpecializer$Factory$1$4
instanceKlass java/lang/invoke/ClassSpecializer$Factory$1$3
instanceKlass java/lang/invoke/ClassSpecializer$Factory$1$2
instanceKlass java/lang/invoke/ClassSpecializer$Factory$1$1Var
instanceKlass java/lang/invoke/ClassSpecializer$Factory$1$1
instanceKlass java/lang/invoke/ClassSpecializer$Factory$1
instanceKlass java/lang/invoke/MethodHandles$1
instanceKlass sun/invoke/util/ValueConversions$1
# instanceKlass java/lang/invoke/LambdaForm$DMH+0x00000000132d0000
instanceKlass  @bci org/springframework/boot/context/properties/bind/PropertySourcesPlaceholdersResolver resolvePlaceholders (Ljava/lang/Object;)Ljava/lang/Object; 18 <appendix> member <vmtarget> ; # org/springframework/boot/context/properties/bind/PropertySourcesPlaceholdersResolver$$Lambda+0x00000000132ccb30
instanceKlass org/springdoc/core/properties/SpringDocConfigProperties$ModelConverters$PolymorphicConverter
instanceKlass org/springdoc/core/properties/SpringDocConfigProperties$ModelConverters$PageableConverter
instanceKlass org/springdoc/core/properties/SpringDocConfigProperties$ModelConverters$DeprecatingConverter
instanceKlass org/springdoc/core/properties/SpringDocConfigProperties$Groups
instanceKlass org/springdoc/core/properties/SpringDocConfigProperties$GroupConfig
instanceKlass io/swagger/v3/oas/models/OpenAPI
instanceKlass org/springdoc/core/properties/SpringDocConfigProperties$SortConverter
instanceKlass org/springdoc/core/properties/SpringDocConfigProperties$ModelConverters
instanceKlass org/springdoc/core/properties/SpringDocConfigProperties$Cache
instanceKlass org/springdoc/core/properties/SpringDocConfigProperties$ApiDocs
instanceKlass org/springdoc/core/properties/SpringDocConfigProperties$Webjars
instanceKlass org/springdoc/core/properties/SpringDocConfigProperties
instanceKlass org/springdoc/core/conditions/SpecPropertiesCondition
instanceKlass org/springframework/data/domain/Sort
instanceKlass org/springframework/data/util/Streamable
instanceKlass org/springframework/data/domain/Pageable
instanceKlass org/springframework/boot/autoconfigure/data/web/SpringDataWebProperties
instanceKlass org/springframework/data/querydsl/binding/QuerydslBindingsFactory
instanceKlass org/springframework/http/HttpStatusCode
instanceKlass org/springframework/web/bind/annotation/ResponseStatus
instanceKlass io/swagger/v3/oas/annotations/Hidden
instanceKlass org/webjars/WebJarVersionLocator
instanceKlass org/springframework/boot/autoconfigure/web/WebProperties$Resources$Chain
instanceKlass org/springframework/boot/autoconfigure/web/ConditionalOnEnabledResourceChain
instanceKlass org/springframework/boot/autoconfigure/web/servlet/JspTemplateAvailabilityProvider
instanceKlass org/springframework/boot/autoconfigure/thymeleaf/ThymeleafTemplateAvailabilityProvider
instanceKlass org/springframework/boot/autoconfigure/mustache/MustacheTemplateAvailabilityProvider
instanceKlass org/springframework/boot/autoconfigure/template/PathBasedTemplateAvailabilityProvider$TemplateAvailabilityProperties
instanceKlass org/springframework/boot/autoconfigure/template/PathBasedTemplateAvailabilityProvider
instanceKlass org/springframework/boot/autoconfigure/template/TemplateAvailabilityProviders$NoTemplateAvailabilityProvider
instanceKlass org/springframework/boot/autoconfigure/template/TemplateAvailabilityProvider
instanceKlass org/springframework/boot/autoconfigure/template/TemplateAvailabilityProviders
instanceKlass org/springframework/boot/autoconfigure/validation/PrimaryDefaultValidatorPostProcessor
instanceKlass org/springframework/boot/autoconfigure/condition/ConditionalOnResource
instanceKlass org/springframework/boot/autoconfigure/condition/ConditionalOnThreading
instanceKlass com/milsabores/carrito/service/CarritoService
instanceKlass com/milsabores/carrito/exception/GlobalExceptionHandler
instanceKlass com/milsabores/carrito/controller/CarritoController
instanceKlass com/milsabores/carrito/config/OpenApiConfig
instanceKlass com/milsabores/carrito/config/CorsConfig
instanceKlass org/apache/coyote/UpgradeProtocol
instanceKlass org/springframework/boot/autoconfigure/web/servlet/ServletWebServerFactoryAutoConfiguration$BeanPostProcessorsRegistrar
instanceKlass org/springframework/boot/autoconfigure/condition/OnPropertyCondition$Spec
instanceKlass  @bci org/springframework/boot/autoconfigure/condition/OnPropertyCondition getMatchOutcome (Lorg/springframework/context/annotation/ConditionContext;Lorg/springframework/core/type/AnnotatedTypeMetadata;)Lorg/springframework/boot/autoconfigure/condition/ConditionOutcome; 29 <appendix> argL0 ; # org/springframework/boot/autoconfigure/condition/OnPropertyCondition$$Lambda+0x00000000132c2760
instanceKlass  @bci org/springframework/boot/autoconfigure/condition/OnPropertyCondition getMatchOutcome (Lorg/springframework/context/annotation/ConditionContext;Lorg/springframework/core/type/AnnotatedTypeMetadata;)Lorg/springframework/boot/autoconfigure/condition/ConditionOutcome; 16 <appendix> argL0 ; # org/springframework/boot/autoconfigure/condition/OnPropertyCondition$$Lambda+0x00000000132c2518
instanceKlass org/springframework/boot/web/servlet/RegistrationBean
instanceKlass org/springframework/boot/web/servlet/ServletContextInitializer
instanceKlass org/springframework/boot/autoconfigure/web/servlet/ConditionalOnMissingFilterBean
instanceKlass org/apache/tomcat/websocket/server/WsSci
instanceKlass jakarta/servlet/ServletContainerInitializer
instanceKlass org/apache/catalina/startup/Tomcat
instanceKlass org/springframework/boot/autoconfigure/condition/ConditionalOnNotWarDeployment
instanceKlass org/springframework/boot/autoconfigure/condition/OnWebApplicationCondition$1
instanceKlass  @bci org/springframework/core/annotation/MergedAnnotationCollectors lambda$toMultiValueMap$4 ([Lorg/springframework/core/annotation/MergedAnnotation$Adapt;Lorg/springframework/util/MultiValueMap;Lorg/springframework/core/annotation/MergedAnnotation;)V 13 <appendix> member <vmtarget> ; # org/springframework/core/annotation/MergedAnnotationCollectors$$Lambda+0x00000000132c0000
instanceKlass  @bci org/springframework/core/annotation/TypeMappedAnnotation asMap ([Lorg/springframework/core/annotation/MergedAnnotation$Adapt;)Ljava/util/Map; 1 <appendix> argL0 ; # org/springframework/core/annotation/TypeMappedAnnotation$$Lambda+0x00000000132bfc70
instanceKlass  @bci org/springframework/core/annotation/MergedAnnotationCollectors toMultiValueMap (Ljava/util/function/Function;[Lorg/springframework/core/annotation/MergedAnnotation$Adapt;)Ljava/util/stream/Collector; 31 <appendix> argL0 ; # org/springframework/core/annotation/MergedAnnotationCollectors$$Lambda+0x00000000132bfa20
instanceKlass  @bci org/springframework/core/annotation/MergedAnnotationCollectors toMultiValueMap (Ljava/util/function/Function;[Lorg/springframework/core/annotation/MergedAnnotation$Adapt;)Ljava/util/stream/Collector; 26 <appendix> member <vmtarget> ; # org/springframework/core/annotation/MergedAnnotationCollectors$$Lambda+0x00000000132bf7e0
instanceKlass  @bci org/springframework/core/annotation/MergedAnnotationCollectors toMultiValueMap (Ljava/util/function/Function;[Lorg/springframework/core/annotation/MergedAnnotation$Adapt;)Ljava/util/stream/Collector; 20 <appendix> argL0 ; # org/springframework/core/annotation/MergedAnnotationCollectors$$Lambda+0x00000000132bf5b8
instanceKlass org/springframework/core/annotation/MergedAnnotationCollectors
instanceKlass  @bci org/springframework/core/type/AnnotatedTypeMetadata getAllAnnotationAttributes (Ljava/lang/String;Z)Lorg/springframework/util/MultiValueMap; 41 <appendix> argL0 ; # org/springframework/core/type/AnnotatedTypeMetadata$$Lambda+0x00000000132bf160
instanceKlass  @bci org/springframework/core/type/AnnotatedTypeMetadata getAllAnnotationAttributes (Ljava/lang/String;Z)Lorg/springframework/util/MultiValueMap; 31 <appendix> argL0 ; # org/springframework/core/type/AnnotatedTypeMetadata$$Lambda+0x00000000132bef18
instanceKlass org/springframework/core/annotation/MergedAnnotationPredicates$UniquePredicate
instanceKlass  @bci org/springframework/core/type/AnnotatedTypeMetadata getAllAnnotationAttributes (Ljava/lang/String;Z)Lorg/springframework/util/MultiValueMap; 18 <appendix> argL0 ; # org/springframework/core/type/AnnotatedTypeMetadata$$Lambda+0x00000000132bea60
instanceKlass org/springframework/boot/context/properties/EnableConfigurationPropertiesRegistrar
instanceKlass org/springframework/boot/context/properties/EnableConfigurationProperties
instanceKlass  @bci org/springframework/context/annotation/ConfigurationClassParser$DeferredImportSelectorGroupingHandler processGroupImports ()V 45 <appendix> member <vmtarget> ; # org/springframework/context/annotation/ConfigurationClassParser$DeferredImportSelectorGroupingHandler$$Lambda+0x00000000132bdaa8
instanceKlass  @bci org/springframework/boot/autoconfigure/AutoConfigurationImportSelector$AutoConfigurationGroup selectImports ()Ljava/lang/Iterable; 126 <appendix> member <vmtarget> ; # org/springframework/boot/autoconfigure/AutoConfigurationImportSelector$AutoConfigurationGroup$$Lambda+0x00000000132bd858
instanceKlass org/springframework/context/annotation/DeferredImportSelector$Group$Entry
instanceKlass  @bci org/springframework/boot/autoconfigure/AutoConfigurationSorter checkForCycles (Ljava/util/Set;Ljava/lang/String;Ljava/lang/String;)V 17 <appendix> member <vmtarget> ; # org/springframework/boot/autoconfigure/AutoConfigurationSorter$$Lambda+0x00000000132bd400
instanceKlass  @bci org/springframework/boot/autoconfigure/AutoConfigurationSorter$AutoConfigurationClasses getClassesRequestedAfter (Ljava/lang/String;)Ljava/util/Set; 22 <appendix> member <vmtarget> ; # org/springframework/boot/autoconfigure/AutoConfigurationSorter$AutoConfigurationClasses$$Lambda+0x00000000132bd1c0
instanceKlass  @bci org/springframework/boot/autoconfigure/AutoConfigurationSorter doSortByAfterAnnotation (Lorg/springframework/boot/autoconfigure/AutoConfigurationSorter$AutoConfigurationClasses;Ljava/util/List;Ljava/util/Set;Ljava/util/Set;Ljava/lang/String;)V 37 <appendix> member <vmtarget> ; # org/springframework/boot/autoconfigure/AutoConfigurationSorter$$Lambda+0x00000000132bcf70
instanceKlass java/lang/invoke/TypeConvertingMethodAdapter$BoxHolder
instanceKlass org/springframework/boot/autoconfigure/AutoConfigureOrder
instanceKlass  @bci org/springframework/boot/autoconfigure/AutoConfigurationSorter getInPriorityOrder (Ljava/util/Collection;)Ljava/util/List; 49 <appendix> member <vmtarget> ; # org/springframework/boot/autoconfigure/AutoConfigurationSorter$$Lambda+0x00000000132bcac0
instanceKlass  @bci org/springframework/core/type/classreading/MergedAnnotationReadingVisitor visitEnum (Ljava/lang/String;Ljava/lang/String;Ljava/lang/String;)V 5 <appendix> member <vmtarget> ; # org/springframework/core/type/classreading/MergedAnnotationReadingVisitor$$Lambda+0x00000000132bc880
instanceKlass org/springframework/boot/context/properties/ConfigurationProperties
instanceKlass org/springframework/boot/autoconfigure/BackgroundPreinitializer$JdkInitializer
instanceKlass sun/security/smartcardio/SunPCSC$1
instanceKlass org/jcp/xml/dsig/internal/dom/XMLDSigRI$2
instanceKlass org/jcp/xml/dsig/internal/dom/XMLDSigRI$1
instanceKlass  @bci sun/security/pkcs11/SunPKCS11 register (Lsun/security/pkcs11/SunPKCS11$Descriptor;)V 27 <appendix> argL0 ; # sun/security/pkcs11/SunPKCS11$$Lambda+0x00000000132b94d8
instanceKlass sun/security/pkcs11/SunPKCS11$Descriptor
instanceKlass javax/security/auth/callback/CallbackHandler
instanceKlass javax/security/auth/Subject
instanceKlass org/springframework/context/annotation/ImportRuntimeHints
instanceKlass org/springframework/boot/autoconfigure/condition/ConditionalOnExpression
instanceKlass org/springframework/boot/autoconfigure/AutoConfigureAfter
instanceKlass org/springframework/boot/autoconfigure/AutoConfigureBefore
instanceKlass sun/security/jca/ProviderConfig$ProviderLoader
instanceKlass java/security/spec/ECFieldF2m
instanceKlass org/springframework/boot/autoconfigure/condition/ConditionalOnMissingBean
instanceKlass org/springframework/boot/autoconfigure/condition/ConditionalOnMissingClass
instanceKlass sun/security/util/ObjectIdentifier
instanceKlass sun/security/util/ByteArrayTagOrder
instanceKlass sun/security/util/ByteArrayLexOrder
instanceKlass org/springframework/boot/autoconfigure/condition/ConditionalOnProperty
instanceKlass sun/security/util/DerEncoder
instanceKlass java/security/spec/ECParameterSpec
instanceKlass java/security/spec/AlgorithmParameterSpec
instanceKlass java/security/spec/ECPoint
instanceKlass java/security/spec/EllipticCurve
instanceKlass java/security/spec/ECFieldFp
instanceKlass java/security/spec/ECField
instanceKlass sun/security/util/CurveDB
instanceKlass sun/security/rsa/SunRsaSignEntries
instanceKlass org/springframework/boot/autoconfigure/AutoConfigurationSorter$AutoConfigurationClass
instanceKlass org/springframework/boot/autoconfigure/AutoConfigurationSorter$AutoConfigurationClasses
instanceKlass  @bci org/springframework/boot/autoconfigure/AutoConfigurationImportSelector$AutoConfigurationGroup sortAutoConfigurations (Ljava/util/Set;Lorg/springframework/boot/autoconfigure/AutoConfigurationMetadata;)Ljava/util/List; 18 <appendix> member <vmtarget> ; # org/springframework/boot/autoconfigure/AutoConfigurationImportSelector$AutoConfigurationGroup$$Lambda+0x00000000132b6008
instanceKlass org/springframework/boot/autoconfigure/AutoConfigurationSorter
instanceKlass sun/security/util/SecurityProviderConstants
instanceKlass java/security/Provider$UString
instanceKlass java/security/Provider$Service
instanceKlass sun/security/provider/NativePRNG$NonBlocking
instanceKlass sun/security/provider/NativePRNG$Blocking
instanceKlass sun/security/provider/NativePRNG
instanceKlass sun/security/provider/SunEntries
instanceKlass sun/security/util/SecurityConstants
instanceKlass jdk/internal/math/FloatingDecimal$ASCIIToBinaryBuffer
instanceKlass jdk/internal/math/MathUtils
instanceKlass jdk/internal/math/FloatingDecimal$PreparedASCIIToBinaryBuffer
instanceKlass jdk/internal/math/FloatingDecimal$ASCIIToBinaryConverter
instanceKlass jdk/internal/math/FloatingDecimal$BinaryToASCIIBuffer
instanceKlass jdk/internal/math/FloatingDecimal$ExceptionalBinaryToASCIIBuffer
instanceKlass jdk/internal/math/FloatingDecimal$BinaryToASCIIConverter
instanceKlass jdk/internal/math/FloatingDecimal
instanceKlass javax/security/auth/login/Configuration$Parameters
instanceKlass java/security/Policy$Parameters
instanceKlass javax/crypto/KDFParameters
instanceKlass java/security/cert/CertStoreParameters
instanceKlass java/security/SecureRandomParameters
instanceKlass java/security/Provider$EngineDescription
instanceKlass  @bci java/security/Provider <clinit> ()V 28 <appendix> argL0 ; # java/security/Provider$$Lambda+0x0000000013166268
instanceKlass java/security/Provider$ServiceKey
instanceKlass sun/security/jca/ProviderConfig
instanceKlass sun/security/jca/ProviderList
instanceKlass sun/security/jca/Providers
instanceKlass java/security/Security$2
instanceKlass jdk/internal/access/JavaSecurityPropertiesAccess
instanceKlass sun/nio/ch/Util$BufferCache
instanceKlass sun/nio/ch/Util
instanceKlass sun/nio/ch/SelChImpl
instanceKlass java/nio/channels/NetworkChannel
instanceKlass sun/nio/ch/Streams
instanceKlass java/nio/channels/Channels
instanceKlass sun/nio/fs/WindowsLinkSupport
instanceKlass java/security/Security$SecPropLoader
instanceKlass java/security/Security
instanceKlass org/apache/tomcat/util/http/ConcurrentDateFormat
instanceKlass  @bci org/springframework/boot/autoconfigure/AutoConfigurationImportSelector$AutoConfigurationGroup selectImports ()Ljava/lang/Iterable; 86 <appendix> argL0 ; # org/springframework/boot/autoconfigure/AutoConfigurationImportSelector$AutoConfigurationGroup$$Lambda+0x00000000132b5348
instanceKlass  @bci org/springframework/boot/autoconfigure/AutoConfigurationImportSelector$AutoConfigurationGroup selectImports ()Ljava/lang/Iterable; 76 <appendix> argL0 ; # org/springframework/boot/autoconfigure/AutoConfigurationImportSelector$AutoConfigurationGroup$$Lambda+0x00000000132b5100
instanceKlass  @bci org/springframework/boot/autoconfigure/AutoConfigurationImportSelector$AutoConfigurationGroup selectImports ()Ljava/lang/Iterable; 66 <appendix> argL0 ; # org/springframework/boot/autoconfigure/AutoConfigurationImportSelector$AutoConfigurationGroup$$Lambda+0x00000000132b4eb8
instanceKlass  @bci org/springframework/boot/autoconfigure/AutoConfigurationImportSelector$AutoConfigurationGroup selectImports ()Ljava/lang/Iterable; 35 <appendix> argL0 ; # org/springframework/boot/autoconfigure/AutoConfigurationImportSelector$AutoConfigurationGroup$$Lambda+0x00000000132b4c70
instanceKlass org/apache/tomcat/util/http/FastHttpDateFormat
instanceKlass  @bci org/springframework/boot/autoconfigure/AutoConfigurationImportSelector$AutoConfigurationGroup selectImports ()Ljava/lang/Iterable; 25 <appendix> argL0 ; # org/springframework/boot/autoconfigure/AutoConfigurationImportSelector$AutoConfigurationGroup$$Lambda+0x00000000132b4818
instanceKlass org/springframework/boot/autoconfigure/condition/ConditionEvaluationReportAutoConfigurationImportListener
instanceKlass org/springframework/boot/autoconfigure/AutoConfigurationImportListener
instanceKlass org/springframework/boot/jdbc/XADataSourceWrapper
instanceKlass org/springframework/jdbc/core/namedparam/NamedParameterJdbcTemplate
instanceKlass org/springframework/jdbc/core/namedparam/NamedParameterJdbcOperations
instanceKlass org/springframework/cache/interceptor/AbstractCacheInvoker
instanceKlass org/springframework/boot/autoconfigure/condition/ConditionalOnSingleCandidate
instanceKlass org/springframework/boot/autoconfigure/condition/ConditionalOnBean
instanceKlass org/springframework/boot/autoconfigure/condition/ConditionalOnWebApplication
instanceKlass org/springframework/boot/autoconfigure/condition/ConditionEvaluationReport$ConditionAndOutcome
instanceKlass  @bci org/springframework/boot/autoconfigure/condition/ConditionEvaluationReport recordConditionEvaluation (Ljava/lang/String;Lorg/springframework/context/annotation/Condition;Lorg/springframework/boot/autoconfigure/condition/ConditionOutcome;)V 34 <appendix> argL0 ; # org/springframework/boot/autoconfigure/condition/ConditionEvaluationReport$$Lambda+0x00000000132b2468
instanceKlass org/springframework/boot/autoconfigure/condition/ConditionEvaluationReport$ConditionAndOutcomes
instanceKlass org/apache/catalina/SessionIdGenerator
instanceKlass jakarta/websocket/server/ServerContainer
instanceKlass jakarta/websocket/WebSocketContainer
instanceKlass org/apache/catalina/Container
instanceKlass jakarta/security/auth/message/MessageInfo
instanceKlass org/springframework/web/multipart/support/StandardServletMultipartResolver
instanceKlass org/springframework/web/multipart/MultipartResolver
instanceKlass jakarta/servlet/MultipartConfigElement
instanceKlass jakarta/servlet/http/HttpServletRequest
instanceKlass jakarta/servlet/http/HttpServletResponse
instanceKlass org/springframework/web/filter/GenericFilterBean
instanceKlass jakarta/servlet/Filter
instanceKlass org/apache/catalina/util/LifecycleBase
instanceKlass org/apache/catalina/Lifecycle
instanceKlass org/apache/catalina/JmxEnabled
instanceKlass javax/management/MBeanRegistration
instanceKlass jakarta/servlet/GenericServlet
instanceKlass jakarta/servlet/ServletConfig
instanceKlass org/apache/catalina/Valve
instanceKlass org/apache/catalina/Contained
instanceKlass org/springframework/jmx/support/MBeanRegistrationSupport
instanceKlass org/springframework/jmx/export/MBeanExportOperations
instanceKlass jakarta/security/auth/message/config/RegistrationListener
instanceKlass org/apache/catalina/Authenticator
instanceKlass jakarta/servlet/ServletRegistration
instanceKlass jakarta/servlet/Registration
instanceKlass jakarta/transaction/TransactionManager
instanceKlass org/springframework/jdbc/support/JdbcAccessor
instanceKlass org/springframework/http/ReactiveHttpInputMessage
instanceKlass org/springframework/jdbc/core/JdbcOperations
instanceKlass org/springframework/http/codec/LoggingCodecSupport
instanceKlass org/springframework/http/codec/HttpMessageReader
instanceKlass org/springframework/http/codec/CodecConfigurer
instanceKlass org/springframework/http/server/reactive/HttpHandler
instanceKlass org/springframework/http/client/ClientHttpRequestFactory
instanceKlass org/springframework/http/client/support/HttpAccessor
instanceKlass java/util/ResourceBundle$CacheKeyReference
instanceKlass org/springframework/web/client/RestOperations
instanceKlass java/util/ResourceBundle$CacheKey
instanceKlass  @bci java/util/ResourceBundle$ResourceBundleControlProviderHolder <clinit> ()V 11 <appendix> argL0 ; # java/util/ResourceBundle$ResourceBundleControlProviderHolder$$Lambda+0x0000000013161c30
instanceKlass java/util/ServiceLoader$ProviderSpliterator
instanceKlass java/util/spi/ResourceBundleControlProvider
instanceKlass java/util/ResourceBundle$ResourceBundleControlProviderHolder
instanceKlass org/apache/tomcat/util/res/StringManager
instanceKlass org/springframework/web/client/RestClient
instanceKlass org/apache/juli/logging/DirectJDKLog
instanceKlass jakarta/transaction/Transaction
instanceKlass org/springframework/transaction/PlatformTransactionManager
instanceKlass org/springframework/transaction/TransactionManager
instanceKlass org/apache/juli/logging/Log
instanceKlass org/apache/juli/logging/LogFactory
instanceKlass  @bci sun/util/cldr/CLDRTimeZoneNameProviderImpl deriveFallbackName ([Ljava/lang/String;ILjava/util/Locale;Z)V 176 <adapter> ; # java/lang/invoke/LambdaForm$MH+0x00000000132a8400
instanceKlass  @bci sun/util/cldr/CLDRTimeZoneNameProviderImpl deriveFallbackName ([Ljava/lang/String;ILjava/util/Locale;Z)V 176 <appendix> form vmentry <vmtarget> ; # java/lang/invoke/LambdaForm$DMH+0x00000000132a8000
instanceKlass org/springframework/scheduling/TaskScheduler
instanceKlass org/springframework/util/CustomizableThreadCreator
instanceKlass  @bci sun/util/cldr/CLDRTimeZoneNameProviderImpl deriveFallbackName ([Ljava/lang/String;ILjava/util/Locale;Z)V 176 <appendix> member <vmtarget> ; # sun/util/cldr/CLDRTimeZoneNameProviderImpl$$Lambda+0x0000000013161320
instanceKlass sun/util/cldr/CLDRBaseLocaleDataMetaInfo$CLDRMapHolder
instanceKlass org/springframework/web/servlet/config/annotation/WebMvcConfigurer
instanceKlass org/springframework/scheduling/SchedulingTaskExecutor
instanceKlass org/springframework/data/web/PageableHandlerMethodArgumentResolverSupport
instanceKlass org/springframework/core/task/AsyncListenableTaskExecutor
instanceKlass org/springframework/core/task/AsyncTaskExecutor
instanceKlass org/springframework/core/task/TaskExecutor
instanceKlass org/springframework/data/web/PageableArgumentResolver
instanceKlass org/springframework/web/method/support/HandlerMethodArgumentResolver
instanceKlass javax/naming/ldap/LdapContext
instanceKlass javax/naming/directory/DirContext
instanceKlass org/springframework/data/jpa/repository/JpaRepository
instanceKlass org/springframework/data/repository/query/QueryByExampleExecutor
instanceKlass org/springframework/data/repository/ListPagingAndSortingRepository
instanceKlass org/springframework/data/repository/PagingAndSortingRepository
instanceKlass sun/util/resources/provider/NonBaseLocaleDataMetaInfo
instanceKlass sun/util/locale/provider/BaseLocaleDataMetaInfo
instanceKlass sun/util/locale/provider/TimeZoneNameUtility$TimeZoneNameGetter
instanceKlass sun/util/locale/provider/TimeZoneNameUtility
instanceKlass java/text/DontCareFieldPosition$1
instanceKlass java/text/Format$FieldDelegate
instanceKlass java/text/StringBufFactory$StringBuilderImpl
instanceKlass org/springframework/data/repository/ListCrudRepository
instanceKlass java/text/Format$StringBuf
instanceKlass java/text/StringBufFactory
instanceKlass org/springframework/data/repository/CrudRepository
instanceKlass org/springframework/data/repository/Repository
instanceKlass  @bci org/apache/tomcat/util/http/CookieProcessorBase <clinit> ()V 0 <appendix> argL0 ; # org/apache/tomcat/util/http/CookieProcessorBase$$Lambda+0x00000000132a1720
instanceKlass org/apache/tomcat/util/http/CookieProcessorBase
instanceKlass org/apache/tomcat/util/http/CookieProcessor
instanceKlass org/springframework/boot/autoconfigure/BackgroundPreinitializer$TomcatInitializer
instanceKlass org/springframework/orm/jpa/AbstractEntityManagerFactoryBean
instanceKlass org/springframework/dao/support/PersistenceExceptionTranslator
instanceKlass org/springframework/boot/autoconfigure/BackgroundPreinitializer$CharsetInitializer
instanceKlass org/springframework/orm/jpa/EntityManagerFactoryInfo
instanceKlass org/springframework/context/weaving/LoadTimeWeaverAware
instanceKlass org/hibernate/engine/spi/SessionImplementor
instanceKlass org/hibernate/engine/spi/SharedSessionContractImplementor
instanceKlass org/hibernate/type/descriptor/java/JavaType$CoercionContext
instanceKlass org/hibernate/query/spi/QueryProducerImplementor
instanceKlass org/hibernate/type/descriptor/WrapperOptions
instanceKlass org/hibernate/engine/jdbc/LobCreationContext
instanceKlass org/hibernate/resource/transaction/spi/TransactionCoordinatorBuilder$Options
instanceKlass org/hibernate/resource/jdbc/spi/JdbcSessionOwner
instanceKlass org/springframework/aop/framework/ProxyConfig
instanceKlass org/hibernate/Session
instanceKlass org/hibernate/SharedSessionContract
instanceKlass com/fasterxml/jackson/core/FormatFeature
instanceKlass org/hibernate/query/QueryProducer
instanceKlass org/springframework/cache/CacheManager
instanceKlass javax/sql/DataSource
instanceKlass java/sql/Wrapper
instanceKlass jakarta/persistence/EntityManager
instanceKlass com/fasterxml/jackson/dataformat/yaml/util/StringQuotingChecker
instanceKlass org/springframework/http/converter/json/Jackson2ObjectMapperBuilder$YamlFactoryInitializer
instanceKlass javax/sql/CommonDataSource
instanceKlass jakarta/activation/MimeType
instanceKlass  @bci org/springframework/http/converter/json/Jackson2ObjectMapperBuilder configure (Lcom/fasterxml/jackson/databind/ObjectMapper;)V 453 <appendix> member <vmtarget> ; # org/springframework/http/converter/json/Jackson2ObjectMapperBuilder$$Lambda+0x000000001329c8f0
instanceKlass  @bci org/springframework/http/converter/json/Jackson2ObjectMapperBuilder configure (Lcom/fasterxml/jackson/databind/ObjectMapper;)V 432 <appendix> member <vmtarget> ; # org/springframework/http/converter/json/Jackson2ObjectMapperBuilder$$Lambda+0x000000001329c6b0
instanceKlass  @bci org/springframework/http/converter/json/Jackson2ObjectMapperBuilder configure (Lcom/fasterxml/jackson/databind/ObjectMapper;)V 360 <appendix> member <vmtarget> ; # org/springframework/http/converter/json/Jackson2ObjectMapperBuilder$$Lambda+0x0000000013295ab0
instanceKlass  @cpi org/springframework/http/converter/json/Jackson2ObjectMapperBuilder 729 form vmentry <vmtarget> ; # java/lang/invoke/LambdaForm$DMH+0x0000000013298000
instanceKlass org/springframework/boot/autoconfigure/condition/ConditionMessage$ItemsBuilder
instanceKlass org/springframework/http/converter/json/ProblemDetailJacksonMixin
instanceKlass org/springframework/boot/autoconfigure/condition/ConditionMessage$Builder
instanceKlass org/springframework/boot/autoconfigure/condition/ConditionMessage
instanceKlass org/springframework/boot/autoconfigure/condition/ConditionalOnClass
instanceKlass org/springframework/http/ProblemDetail
instanceKlass com/fasterxml/jackson/databind/deser/ValueInstantiators$Base
instanceKlass org/springframework/boot/autoconfigure/condition/ConditionOutcome
instanceKlass com/fasterxml/jackson/databind/module/SimpleKeyDeserializers
instanceKlass java/lang/Thread$ThreadNumbering
instanceKlass  @bci com/fasterxml/jackson/datatype/jsr310/ser/ZonedDateTimeSerializer <init> (Ljava/time/format/DateTimeFormatter;)V 13 <appendix> argL0 ; # com/fasterxml/jackson/datatype/jsr310/ser/ZonedDateTimeSerializer$$Lambda+0x0000000013296458
instanceKlass  @bci org/springframework/boot/autoconfigure/condition/OnClassCondition$ThreadedOutcomesResolver <init> (Lorg/springframework/boot/autoconfigure/condition/OnClassCondition$OutcomesResolver;)V 11 <appendix> member <vmtarget> ; # org/springframework/boot/autoconfigure/condition/OnClassCondition$ThreadedOutcomesResolver$$Lambda+0x0000000013296228
instanceKlass  @bci com/fasterxml/jackson/datatype/jsr310/ser/ZonedDateTimeSerializer <init> (Ljava/time/format/DateTimeFormatter;)V 8 <appendix> argL0 ; # com/fasterxml/jackson/datatype/jsr310/ser/ZonedDateTimeSerializer$$Lambda+0x0000000013296000
instanceKlass org/springframework/boot/autoconfigure/condition/OnClassCondition$ThreadedOutcomesResolver
instanceKlass  @cpi com/fasterxml/jackson/datatype/jsr310/ser/ZonedDateTimeSerializer 113 form vmentry <vmtarget> ; # java/lang/invoke/LambdaForm$DMH+0x0000000013294c00
instanceKlass  @bci com/fasterxml/jackson/datatype/jsr310/ser/ZonedDateTimeSerializer <init> (Ljava/time/format/DateTimeFormatter;)V 3 <appendix> argL0 ; # com/fasterxml/jackson/datatype/jsr310/ser/ZonedDateTimeSerializer$$Lambda+0x0000000013293ab0
instanceKlass  @bci com/fasterxml/jackson/datatype/jsr310/ser/OffsetDateTimeSerializer <init> ()V 13 <appendix> argL0 ; # com/fasterxml/jackson/datatype/jsr310/ser/OffsetDateTimeSerializer$$Lambda+0x0000000013293888
instanceKlass  @bci com/fasterxml/jackson/datatype/jsr310/ser/OffsetDateTimeSerializer <init> ()V 8 <appendix> argL0 ; # com/fasterxml/jackson/datatype/jsr310/ser/OffsetDateTimeSerializer$$Lambda+0x0000000013293660
instanceKlass  @bci com/fasterxml/jackson/datatype/jsr310/ser/OffsetDateTimeSerializer <init> ()V 3 <appendix> argL0 ; # com/fasterxml/jackson/datatype/jsr310/ser/OffsetDateTimeSerializer$$Lambda+0x0000000013293438
instanceKlass  @cpi com/fasterxml/jackson/datatype/jsr310/ser/ZonedDateTimeSerializer 110 form vmentry <vmtarget> ; # java/lang/invoke/LambdaForm$DMH+0x0000000013294800
# instanceKlass java/lang/invoke/LambdaForm$DMH+0x0000000013294400
instanceKlass  @bci com/fasterxml/jackson/datatype/jsr310/ser/InstantSerializer <init> ()V 13 <appendix> argL0 ; # com/fasterxml/jackson/datatype/jsr310/ser/InstantSerializer$$Lambda+0x0000000013293210
instanceKlass  @bci com/fasterxml/jackson/datatype/jsr310/ser/InstantSerializer <init> ()V 8 <appendix> argL0 ; # com/fasterxml/jackson/datatype/jsr310/ser/InstantSerializer$$Lambda+0x0000000013292fe8
instanceKlass org/springframework/boot/autoconfigure/condition/OnClassCondition$StandardOutcomesResolver
instanceKlass  @bci com/fasterxml/jackson/datatype/jsr310/ser/InstantSerializer <init> ()V 3 <appendix> argL0 ; # com/fasterxml/jackson/datatype/jsr310/ser/InstantSerializer$$Lambda+0x0000000013292b90
instanceKlass  @cpi com/fasterxml/jackson/datatype/jsr310/ser/OffsetDateTimeSerializer 74 form vmentry <vmtarget> ; # java/lang/invoke/LambdaForm$DMH+0x0000000013294000
instanceKlass org/springframework/boot/autoconfigure/AutoConfigurationMetadataLoader$PropertiesAutoConfigurationMetadata
instanceKlass java/util/function/ToLongFunction
instanceKlass com/fasterxml/jackson/databind/type/ClassKey
instanceKlass  @bci com/fasterxml/jackson/datatype/jsr310/deser/InstantDeserializer <clinit> ()V 130 <appendix> argL0 ; # com/fasterxml/jackson/datatype/jsr310/deser/InstantDeserializer$$Lambda+0x0000000013290fe8
instanceKlass  @bci com/fasterxml/jackson/datatype/jsr310/deser/InstantDeserializer <clinit> ()V 125 <appendix> argL0 ; # com/fasterxml/jackson/datatype/jsr310/deser/InstantDeserializer$$Lambda+0x0000000013290da0
instanceKlass  @bci com/fasterxml/jackson/datatype/jsr310/deser/InstantDeserializer <clinit> ()V 120 <appendix> argL0 ; # com/fasterxml/jackson/datatype/jsr310/deser/InstantDeserializer$$Lambda+0x0000000013290b58
instanceKlass  @bci com/fasterxml/jackson/datatype/jsr310/deser/InstantDeserializer <clinit> ()V 115 <appendix> argL0 ; # com/fasterxml/jackson/datatype/jsr310/deser/InstantDeserializer$$Lambda+0x0000000013290910
instanceKlass  @bci com/fasterxml/jackson/datatype/jsr310/deser/InstantDeserializer <clinit> ()V 88 <appendix> argL0 ; # com/fasterxml/jackson/datatype/jsr310/deser/InstantDeserializer$$Lambda+0x00000000132906d8
instanceKlass  @bci com/fasterxml/jackson/datatype/jsr310/deser/InstantDeserializer <clinit> ()V 83 <appendix> argL0 ; # com/fasterxml/jackson/datatype/jsr310/deser/InstantDeserializer$$Lambda+0x0000000013290490
instanceKlass  @bci com/fasterxml/jackson/datatype/jsr310/deser/InstantDeserializer <clinit> ()V 78 <appendix> argL0 ; # com/fasterxml/jackson/datatype/jsr310/deser/InstantDeserializer$$Lambda+0x0000000013290248
instanceKlass  @bci com/fasterxml/jackson/datatype/jsr310/deser/InstantDeserializer <clinit> ()V 73 <appendix> argL0 ; # com/fasterxml/jackson/datatype/jsr310/deser/InstantDeserializer$$Lambda+0x0000000013290000
instanceKlass  @bci com/fasterxml/jackson/datatype/jsr310/deser/InstantDeserializer <init> (Ljava/lang/Class;Ljava/time/format/DateTimeFormatter;Ljava/util/function/Function;Ljava/util/function/Function;Ljava/util/function/Function;Ljava/util/function/BiFunction;ZZZ)V 29 <appendix> argL0 ; # com/fasterxml/jackson/datatype/jsr310/deser/InstantDeserializer$$Lambda+0x000000001328fbc8
instanceKlass  @bci com/fasterxml/jackson/datatype/jsr310/deser/InstantDeserializer <clinit> ()V 45 <appendix> argL0 ; # com/fasterxml/jackson/datatype/jsr310/deser/InstantDeserializer$$Lambda+0x000000001328f980
instanceKlass com/fasterxml/jackson/datatype/jsr310/deser/InstantDeserializer$FromDecimalArguments
instanceKlass  @bci com/fasterxml/jackson/datatype/jsr310/deser/InstantDeserializer <clinit> ()V 40 <appendix> argL0 ; # com/fasterxml/jackson/datatype/jsr310/deser/InstantDeserializer$$Lambda+0x000000001328f520
instanceKlass com/fasterxml/jackson/datatype/jsr310/deser/InstantDeserializer$FromIntegerArguments
instanceKlass  @bci com/fasterxml/jackson/datatype/jsr310/deser/InstantDeserializer <clinit> ()V 35 <appendix> argL0 ; # com/fasterxml/jackson/datatype/jsr310/deser/InstantDeserializer$$Lambda+0x000000001328f0c0
instanceKlass com/fasterxml/jackson/module/paramnames/ParameterExtractor
instanceKlass org/springframework/boot/autoconfigure/AutoConfigurationMetadata
instanceKlass org/springframework/boot/autoconfigure/AutoConfigurationMetadataLoader
instanceKlass org/springframework/boot/autoconfigure/AutoConfigurationImportSelector$ConfigurationClassFilter
instanceKlass com/fasterxml/jackson/databind/deser/Deserializers$Base
instanceKlass com/fasterxml/jackson/databind/util/ArrayBuilders
instanceKlass org/springframework/boot/autoconfigure/condition/OnClassCondition$OutcomesResolver
instanceKlass com/fasterxml/jackson/databind/ser/Serializers$Base
instanceKlass com/fasterxml/jackson/databind/ObjectMapper$1
instanceKlass org/springframework/boot/autoconfigure/condition/OnBeanCondition$Spec
instanceKlass com/fasterxml/jackson/datatype/jdk8/PackageVersion
instanceKlass com/fasterxml/jackson/core/util/JacksonFeatureSet
instanceKlass org/springframework/boot/autoconfigure/condition/SpringBootCondition
instanceKlass com/fasterxml/jackson/datatype/jsr310/PackageVersion
instanceKlass org/springframework/context/annotation/ConfigurationCondition
instanceKlass org/springframework/boot/autoconfigure/AutoConfigurationImportFilter
instanceKlass  @bci org/springframework/boot/autoconfigure/AutoConfigurationImportSelector getExcludeAutoConfigurationsProperty ()Ljava/util/List; 35 <appendix> argL0 ; # org/springframework/boot/autoconfigure/AutoConfigurationImportSelector$$Lambda+0x0000000013285150
instanceKlass  @bci org/springframework/boot/autoconfigure/AutoConfigurationImportSelector getAttributes (Lorg/springframework/core/type/AnnotationMetadata;)Lorg/springframework/core/annotation/AnnotationAttributes; 23 <appendix> member <vmtarget> ; # org/springframework/boot/autoconfigure/AutoConfigurationImportSelector$$Lambda+0x0000000013283d20
instanceKlass org/springframework/boot/autoconfigure/AutoConfigurationReplacements
instanceKlass  @bci org/springframework/boot/autoconfigure/AutoConfigurationImportSelector$AutoConfigurationGroup process (Lorg/springframework/core/type/AnnotationMetadata;Lorg/springframework/context/annotation/DeferredImportSelector;)V 5 <appendix> member <vmtarget> ; # org/springframework/boot/autoconfigure/AutoConfigurationImportSelector$AutoConfigurationGroup$$Lambda+0x0000000013281920
instanceKlass  @bci org/springframework/context/annotation/ConfigurationClassParser$DeferredImportSelectorGroupingHandler register (Lorg/springframework/context/annotation/ConfigurationClassParser$DeferredImportSelectorHolder;)V 25 <appendix> member <vmtarget> ; # org/springframework/context/annotation/ConfigurationClassParser$DeferredImportSelectorGroupingHandler$$Lambda+0x0000000013280ef8
instanceKlass org/springframework/context/annotation/ConfigurationClassParser$DeferredImportSelectorGrouping
instanceKlass org/springframework/boot/autoconfigure/AutoConfigurationImportSelector$AutoConfigurationGroup
instanceKlass org/springframework/context/annotation/DeferredImportSelector$Group
instanceKlass  @bci org/springframework/context/annotation/ConfigurationClassParser$DeferredImportSelectorHandler process ()V 42 <appendix> member <vmtarget> ; # org/springframework/context/annotation/ConfigurationClassParser$DeferredImportSelectorHandler$$Lambda+0x000000001327f178
instanceKlass org/springframework/context/annotation/ConfigurationClassParser$DeferredImportSelectorGroupingHandler
instanceKlass  @bci org/springframework/core/type/StandardAnnotationMetadata getAnnotatedMethods (Ljava/lang/String;)Ljava/util/Set; 27 <appendix> member <vmtarget> ; # org/springframework/core/type/StandardAnnotationMetadata$$Lambda+0x000000001327d708
instanceKlass  @bci java/util/function/Predicate or (Ljava/util/function/Predicate;)Ljava/util/function/Predicate; 7 <appendix> member <vmtarget> ; # java/util/function/Predicate$$Lambda+0x000000001315e998
instanceKlass  @bci org/springframework/boot/autoconfigure/AutoConfigurationImportSelector getExclusionFilter ()Ljava/util/function/Predicate; 1 <appendix> member <vmtarget> ; # org/springframework/boot/autoconfigure/AutoConfigurationImportSelector$$Lambda+0x000000001327cf20
instanceKlass org/springframework/boot/autoconfigure/AutoConfigurationImportSelector$AutoConfigurationEntry
instanceKlass com/fasterxml/jackson/core/Version
instanceKlass com/fasterxml/jackson/core/util/VersionUtil
instanceKlass com/fasterxml/jackson/module/paramnames/PackageVersion
instanceKlass com/fasterxml/jackson/databind/type/TypeModifier
instanceKlass com/fasterxml/jackson/databind/ser/BeanSerializerModifier
instanceKlass com/fasterxml/jackson/databind/ser/Serializers
instanceKlass com/fasterxml/jackson/databind/cfg/SerializerFactoryConfig
instanceKlass com/fasterxml/jackson/databind/ser/std/StdJdkSerializers
instanceKlass com/fasterxml/jackson/databind/ser/std/NumberSerializers
instanceKlass org/springframework/context/annotation/ConfigurationMethod
instanceKlass  @bci org/springframework/core/type/AnnotationMetadata getAnnotationTypes ()Ljava/util/Set; 31 <appendix> argL0 ; # org/springframework/core/type/AnnotationMetadata$$Lambda+0x000000001326f130
instanceKlass  @bci org/springframework/core/type/AnnotationMetadata getAnnotationTypes ()Ljava/util/Set; 21 <appendix> argL0 ; # org/springframework/core/type/AnnotationMetadata$$Lambda+0x000000001326eee8
instanceKlass  @bci org/springframework/core/type/AnnotationMetadata getAnnotationTypes ()Ljava/util/Set; 11 <appendix> argL0 ; # org/springframework/core/type/AnnotationMetadata$$Lambda+0x000000001326ec90
instanceKlass org/springframework/core/annotation/MergedAnnotationsCollection$AnnotationsSpliterator
instanceKlass com/fasterxml/jackson/databind/deser/DeserializerCache
instanceKlass com/fasterxml/jackson/databind/KeyDeserializer
instanceKlass com/fasterxml/jackson/databind/deser/std/StdKeyDeserializers
instanceKlass com/fasterxml/jackson/databind/deser/KeyDeserializers
instanceKlass com/fasterxml/jackson/databind/deser/ValueInstantiators
instanceKlass com/fasterxml/jackson/databind/AbstractTypeResolver
instanceKlass com/fasterxml/jackson/databind/deser/BeanDeserializerModifier
instanceKlass com/fasterxml/jackson/databind/cfg/DeserializerFactoryConfig
instanceKlass com/fasterxml/jackson/databind/PropertyName
instanceKlass org/springframework/transaction/annotation/Transactional
instanceKlass org/springframework/stereotype/Service
instanceKlass com/fasterxml/jackson/databind/deser/Deserializers
instanceKlass org/springframework/beans/factory/annotation/Lookup
instanceKlass org/springframework/stereotype/Repository
instanceKlass com/fasterxml/jackson/annotation/ObjectIdGenerator
instanceKlass jakarta/persistence/PrePersist
instanceKlass jakarta/persistence/Index
instanceKlass jakarta/persistence/UniqueConstraint
instanceKlass jakarta/persistence/Table
instanceKlass jakarta/persistence/Entity
instanceKlass org/springframework/web/bind/annotation/ExceptionHandler
instanceKlass com/fasterxml/jackson/databind/deser/ResolvableDeserializer
instanceKlass org/springframework/web/bind/annotation/ControllerAdvice
instanceKlass org/springframework/web/bind/annotation/RestControllerAdvice
instanceKlass com/fasterxml/jackson/databind/deser/ValueInstantiator$Gettable
instanceKlass com/fasterxml/jackson/databind/deser/ContextualDeserializer
instanceKlass com/fasterxml/jackson/databind/JsonDeserializer
instanceKlass com/fasterxml/jackson/databind/deser/NullValueProvider
instanceKlass com/fasterxml/jackson/databind/ser/SerializerCache
instanceKlass com/fasterxml/jackson/databind/ser/ResolvableSerializer
instanceKlass com/fasterxml/jackson/databind/ser/ContextualSerializer
instanceKlass org/springframework/web/bind/annotation/DeleteMapping
instanceKlass org/springframework/web/bind/annotation/PutMapping
instanceKlass org/springframework/web/bind/annotation/PostMapping
instanceKlass  @bci org/springframework/core/type/classreading/MergedAnnotationReadingVisitor$ArrayVisitor visitAnnotation (Ljava/lang/String;Ljava/lang/String;)Lorg/springframework/asm/AnnotationVisitor; 14 <appendix> member <vmtarget> ; # org/springframework/core/type/classreading/MergedAnnotationReadingVisitor$ArrayVisitor$$Lambda+0x00000000132566e0
instanceKlass io/swagger/v3/oas/annotations/security/SecurityRequirements
instanceKlass io/swagger/v3/oas/annotations/responses/ApiResponses
instanceKlass io/swagger/v3/oas/annotations/servers/Servers
instanceKlass io/swagger/v3/oas/annotations/servers/ServerVariable
instanceKlass io/swagger/v3/oas/annotations/links/LinkParameter
instanceKlass io/swagger/v3/oas/annotations/links/Link
instanceKlass com/fasterxml/jackson/databind/jsonschema/SchemaAware
instanceKlass com/fasterxml/jackson/databind/JsonSerializer
instanceKlass com/fasterxml/jackson/databind/jsonFormatVisitors/JsonFormatVisitable
instanceKlass io/swagger/v3/oas/annotations/Parameters
instanceKlass io/swagger/v3/oas/annotations/media/SchemaProperties
instanceKlass com/fasterxml/jackson/databind/node/JsonNodeFactory
instanceKlass com/fasterxml/jackson/databind/node/JsonNodeCreator
instanceKlass io/swagger/v3/oas/annotations/headers/Header
instanceKlass io/swagger/v3/oas/annotations/media/DependentSchemas
instanceKlass io/swagger/v3/oas/annotations/media/SchemaProperty
instanceKlass io/swagger/v3/oas/annotations/media/DependentSchema
instanceKlass io/swagger/v3/oas/annotations/media/Encoding
instanceKlass com/fasterxml/jackson/databind/cfg/ContextAttributes
instanceKlass com/fasterxml/jackson/databind/cfg/DatatypeFeature
instanceKlass com/fasterxml/jackson/databind/cfg/DatatypeFeatures$DefaultHolder
instanceKlass io/swagger/v3/oas/annotations/media/DependentRequiredMap
instanceKlass com/fasterxml/jackson/databind/cfg/DatatypeFeatures
instanceKlass com/fasterxml/jackson/core/util/DefaultPrettyPrinter$NopIndenter
instanceKlass com/fasterxml/jackson/core/util/Separators
instanceKlass com/fasterxml/jackson/core/util/DefaultPrettyPrinter
instanceKlass com/fasterxml/jackson/core/util/Instantiatable
instanceKlass io/swagger/v3/oas/annotations/OpenAPI31
instanceKlass com/fasterxml/jackson/databind/cfg/ConfigFeature
instanceKlass com/fasterxml/jackson/databind/cfg/ConfigOverride
instanceKlass com/fasterxml/jackson/annotation/JsonFormat$Features
instanceKlass com/fasterxml/jackson/annotation/JsonFormat$Value
instanceKlass com/fasterxml/jackson/databind/cfg/CoercionConfig
instanceKlass com/fasterxml/jackson/databind/cfg/CoercionConfigs
instanceKlass com/fasterxml/jackson/databind/introspect/VisibilityChecker$Std
instanceKlass com/fasterxml/jackson/annotation/JsonSetter$Value
instanceKlass com/fasterxml/jackson/annotation/JsonInclude$Value
instanceKlass com/fasterxml/jackson/annotation/JacksonAnnotationValue
instanceKlass com/fasterxml/jackson/databind/cfg/ConfigOverrides
instanceKlass com/fasterxml/jackson/databind/introspect/AnnotatedClass$Creators
instanceKlass com/fasterxml/jackson/databind/introspect/AnnotationCollector$NoAnnotations
instanceKlass com/fasterxml/jackson/databind/util/Annotations
instanceKlass com/fasterxml/jackson/databind/introspect/AnnotationCollector
instanceKlass com/fasterxml/jackson/databind/introspect/AnnotatedClassResolver
instanceKlass io/swagger/v3/oas/annotations/media/DiscriminatorMapping
instanceKlass io/swagger/v3/oas/annotations/media/DependentRequired
instanceKlass io/swagger/v3/oas/annotations/StringToClassMapItem
instanceKlass io/swagger/v3/oas/annotations/media/ExampleObject
instanceKlass io/swagger/v3/oas/annotations/media/Schema
instanceKlass io/swagger/v3/oas/annotations/media/Content
instanceKlass com/fasterxml/jackson/databind/cfg/MapperConfig
instanceKlass io/swagger/v3/oas/annotations/media/ArraySchema
instanceKlass com/fasterxml/jackson/databind/BeanDescription
instanceKlass com/fasterxml/jackson/databind/introspect/SimpleMixInResolver
instanceKlass io/swagger/v3/oas/annotations/responses/ApiResponse
instanceKlass com/fasterxml/jackson/databind/introspect/ClassIntrospector$MixInResolver
instanceKlass com/fasterxml/jackson/databind/util/RootNameLookup
instanceKlass io/swagger/v3/oas/annotations/servers/Server
instanceKlass com/fasterxml/jackson/core/sym/CharsToNameCanonicalizer$Bucket
instanceKlass io/swagger/v3/oas/annotations/parameters/RequestBody
instanceKlass com/fasterxml/jackson/core/sym/CharsToNameCanonicalizer$TableInfo
instanceKlass io/swagger/v3/oas/annotations/security/SecurityRequirement
instanceKlass com/fasterxml/jackson/core/sym/CharsToNameCanonicalizer
instanceKlass com/fasterxml/jackson/core/ErrorReportConfiguration
instanceKlass io/swagger/v3/oas/annotations/Parameter
instanceKlass com/fasterxml/jackson/core/StreamWriteConstraints
instanceKlass com/fasterxml/jackson/core/StreamReadConstraints
instanceKlass io/swagger/v3/oas/annotations/Operation
instanceKlass com/fasterxml/jackson/core/util/RecyclerPool$WithPool
instanceKlass com/fasterxml/jackson/core/util/RecyclerPool$ThreadLocalPoolBase
instanceKlass com/fasterxml/jackson/core/util/RecyclerPool
instanceKlass com/fasterxml/jackson/core/util/JsonRecyclerPools
instanceKlass com/fasterxml/jackson/core/sym/ByteQuadsCanonicalizer$TableInfo
instanceKlass com/fasterxml/jackson/core/sym/ByteQuadsCanonicalizer
instanceKlass org/springframework/http/HttpMethod
instanceKlass com/fasterxml/jackson/core/io/CharTypes
instanceKlass com/fasterxml/jackson/core/io/JsonStringEncoder
instanceKlass org/springframework/web/bind/annotation/GetMapping
instanceKlass com/fasterxml/jackson/core/io/SerializedString
instanceKlass io/swagger/v3/oas/annotations/tags/Tags
instanceKlass com/fasterxml/jackson/core/util/JacksonFeature
instanceKlass io/swagger/v3/oas/annotations/extensions/Extensions
instanceKlass io/swagger/v3/oas/annotations/extensions/ExtensionProperty
instanceKlass io/swagger/v3/oas/annotations/ExternalDocumentation
instanceKlass io/swagger/v3/oas/annotations/extensions/Extension
instanceKlass io/swagger/v3/oas/annotations/tags/Tag
instanceKlass org/springframework/web/bind/annotation/ControllerMappingReflectiveProcessor
instanceKlass com/fasterxml/jackson/core/async/ByteBufferFeeder
instanceKlass org/springframework/aot/hint/annotation/SimpleReflectiveProcessor
instanceKlass org/springframework/aot/hint/annotation/ReflectiveProcessor
instanceKlass org/springframework/aot/hint/annotation/Reflective
instanceKlass com/fasterxml/jackson/core/async/ByteArrayFeeder
instanceKlass com/fasterxml/jackson/core/async/NonBlockingInputFeeder
instanceKlass org/springframework/web/bind/annotation/Mapping
instanceKlass com/fasterxml/jackson/core/TSFBuilder
instanceKlass com/fasterxml/jackson/core/SerializableString
instanceKlass  @bci org/springframework/core/type/classreading/MergedAnnotationReadingVisitor visitArray (Ljava/lang/String;)Lorg/springframework/asm/AnnotationVisitor; 7 <appendix> member <vmtarget> ; # org/springframework/core/type/classreading/MergedAnnotationReadingVisitor$$Lambda+0x000000001322d668
instanceKlass com/fasterxml/jackson/databind/cfg/DefaultCacheProvider
instanceKlass com/fasterxml/jackson/databind/cfg/CacheProvider
instanceKlass org/springframework/web/bind/annotation/RequestMapping
instanceKlass com/fasterxml/jackson/databind/introspect/AccessorNamingStrategy
instanceKlass com/fasterxml/jackson/core/Base64Variant
instanceKlass com/fasterxml/jackson/core/Base64Variants
instanceKlass java/text/DigitList
instanceKlass java/text/FieldPosition
instanceKlass java/text/DecimalFormatSymbols
instanceKlass org/springframework/web/bind/annotation/ResponseBody
instanceKlass org/springframework/stereotype/Controller
instanceKlass org/springframework/web/bind/annotation/RestController
instanceKlass java/text/DateFormatSymbols
instanceKlass sun/util/calendar/CalendarDate
instanceKlass sun/util/resources/Bundles$CacheKeyReference
instanceKlass java/util/ResourceBundle$ResourceBundleProviderHelper
instanceKlass  @bci sun/util/cldr/CLDRLocaleProviderAdapter applyAliases (Ljava/util/Locale;)Ljava/util/Locale; 4 <appendix> argL0 ; # sun/util/cldr/CLDRLocaleProviderAdapter$$Lambda+0x80000005a
instanceKlass sun/util/resources/Bundles$CacheKey
instanceKlass org/springframework/context/annotation/Bean
instanceKlass java/util/ResourceBundle$1
instanceKlass jdk/internal/access/JavaUtilResourceBundleAccess
instanceKlass sun/util/resources/Bundles
instanceKlass sun/util/resources/LocaleData$LocaleDataStrategy
instanceKlass sun/util/resources/Bundles$Strategy
instanceKlass sun/util/resources/LocaleData
instanceKlass sun/util/locale/provider/LocaleResources
instanceKlass  @bci org/springframework/core/type/classreading/SimpleMethodMetadataReadingVisitor visitAnnotation (Ljava/lang/String;Z)Lorg/springframework/asm/AnnotationVisitor; 19 <appendix> member <vmtarget> ; # org/springframework/core/type/classreading/SimpleMethodMetadataReadingVisitor$$Lambda+0x000000001322bd18
instanceKlass  @bci org/springframework/core/type/AnnotationMetadata hasMetaAnnotation (Ljava/lang/String;)Z 7 <appendix> argL0 ; # org/springframework/core/type/AnnotationMetadata$$Lambda+0x000000001322bac0
instanceKlass org/springframework/boot/context/annotation/ImportCandidates
instanceKlass org/springframework/boot/autoconfigure/AutoConfiguration
instanceKlass org/springframework/core/type/classreading/SimpleAnnotationMetadata
instanceKlass  @bci sun/util/locale/provider/LocaleProviderAdapter toLocaleArray (Ljava/util/Set;)[Ljava/util/Locale; 21 <appendix> argL0 ; # sun/util/locale/provider/LocaleProviderAdapter$$Lambda+0x80000005d
instanceKlass  @bci sun/util/locale/provider/LocaleProviderAdapter toLocaleArray (Ljava/util/Set;)[Ljava/util/Locale; 6 <appendix> argL0 ; # sun/util/locale/provider/LocaleProviderAdapter$$Lambda+0x80000005b
instanceKlass  @bci java/util/ResourceBundle$Control getCandidateLocales (Ljava/lang/String;Ljava/util/Locale;)Ljava/util/List; 23 <appendix> argL0 ; # java/util/ResourceBundle$Control$$Lambda+0x80000001d
instanceKlass org/springframework/core/type/classreading/SimpleMethodMetadataReadingVisitor$Source
instanceKlass sun/util/locale/provider/CalendarDataUtility$CalendarWeekParameterGetter
instanceKlass sun/util/locale/provider/LocaleServiceProviderPool$LocalizedObjectGetter
instanceKlass sun/util/locale/provider/LocaleServiceProviderPool
instanceKlass java/util/Locale$Builder
instanceKlass sun/util/locale/provider/CalendarDataUtility
instanceKlass sun/util/calendar/CalendarSystem$GregorianHolder
instanceKlass sun/util/calendar/CalendarSystem
instanceKlass java/util/Calendar$Builder
instanceKlass org/springframework/core/annotation/MergedAnnotationsCollection
instanceKlass  @bci org/springframework/core/type/classreading/SimpleAnnotationMetadataReadingVisitor visitMethod (ILjava/lang/String;Ljava/lang/String;Ljava/lang/String;[Ljava/lang/String;)Lorg/springframework/asm/MethodVisitor; 43 <appendix> member <vmtarget> ; # org/springframework/core/type/classreading/SimpleAnnotationMetadataReadingVisitor$$Lambda+0x000000001322a828
instanceKlass org/springframework/core/type/classreading/SimpleMethodMetadata
instanceKlass org/springframework/core/type/MethodMetadata
instanceKlass  @bci org/springframework/core/annotation/TypeMappedAnnotation of (Ljava/lang/ClassLoader;Ljava/lang/Object;Ljava/lang/Class;Ljava/util/Map;)Lorg/springframework/core/annotation/MergedAnnotation; 26 <appendix> argL0 ; # org/springframework/core/annotation/TypeMappedAnnotation$$Lambda+0x000000001322a0f8
instanceKlass org/springframework/asm/Type
instanceKlass sun/util/locale/provider/AvailableLanguageTags
instanceKlass sun/util/resources/cldr/provider/CLDRLocaleDataMetaInfo
instanceKlass sun/util/locale/InternalLocaleBuilder$CaseInsensitiveChar
instanceKlass sun/util/locale/InternalLocaleBuilder
instanceKlass sun/util/locale/StringTokenIterator
instanceKlass java/text/ParsePosition
instanceKlass sun/util/cldr/CLDRBaseLocaleDataMetaInfo
instanceKlass sun/util/locale/provider/LocaleDataMetaInfo
instanceKlass sun/util/locale/provider/ResourceBundleBasedAdapter
instanceKlass sun/util/locale/provider/LocaleProviderAdapter
instanceKlass java/util/spi/LocaleServiceProvider
instanceKlass java/text/AttributedCharacterIterator$Attribute
instanceKlass org/springframework/asm/AnnotationVisitor
instanceKlass  @bci java/util/regex/CharPredicates ASCII_DIGIT ()Ljava/util/regex/Pattern$BmpCharPredicate; 0 <appendix> argL0 ; # java/util/regex/CharPredicates$$Lambda+0x800000024
instanceKlass com/fasterxml/jackson/databind/type/TypeBindings
instanceKlass com/fasterxml/jackson/databind/type/TypeParser
instanceKlass  @bci org/springframework/core/type/classreading/SimpleAnnotationMetadataReadingVisitor visitAnnotation (Ljava/lang/String;Z)Lorg/springframework/asm/AnnotationVisitor; 19 <appendix> member <vmtarget> ; # org/springframework/core/type/classreading/SimpleAnnotationMetadataReadingVisitor$$Lambda+0x00000000132290f8
instanceKlass org/springframework/core/type/classreading/SimpleAnnotationMetadataReadingVisitor$Source
instanceKlass org/springframework/asm/Context
instanceKlass org/springframework/asm/Attribute
instanceKlass org/springframework/asm/ClassReader
instanceKlass com/fasterxml/jackson/databind/type/TypeFactory
instanceKlass org/springframework/asm/MethodVisitor
instanceKlass com/fasterxml/jackson/databind/cfg/BaseSettings
instanceKlass java/util/concurrent/atomic/AtomicLongArray
instanceKlass org/springframework/asm/ClassVisitor
instanceKlass java/util/concurrent/ConcurrentLinkedQueue$Node
instanceKlass org/springframework/core/type/classreading/SimpleMetadataReader
instanceKlass com/fasterxml/jackson/databind/util/internal/Linked
instanceKlass com/fasterxml/jackson/databind/util/internal/PrivateMaxEntriesMap$Builder
instanceKlass com/fasterxml/jackson/databind/util/LRUMap
instanceKlass com/fasterxml/jackson/databind/util/LookupCache
instanceKlass java/beans/ConstructorProperties
instanceKlass java/beans/Transient
instanceKlass com/fasterxml/jackson/databind/util/ClassUtil$Ctor
instanceKlass com/fasterxml/jackson/databind/util/ClassUtil
instanceKlass  @bci java/util/regex/Pattern ALL ()Ljava/util/regex/Pattern$CharPredicate; 0 <appendix> argL0 ; # java/util/regex/Pattern$$Lambda+0x000000001315b860
instanceKlass org/springframework/util/AntPathMatcher$AntPathStringMatcher
instanceKlass java/util/StringTokenizer
instanceKlass com/fasterxml/jackson/databind/ext/Java7Support
instanceKlass com/fasterxml/jackson/annotation/JsonMerge
instanceKlass com/fasterxml/jackson/databind/annotation/JsonDeserialize
instanceKlass com/fasterxml/jackson/annotation/JsonManagedReference
instanceKlass com/fasterxml/jackson/annotation/JsonBackReference
instanceKlass com/fasterxml/jackson/annotation/JsonUnwrapped
instanceKlass com/fasterxml/jackson/annotation/JsonRawValue
instanceKlass com/fasterxml/jackson/annotation/JsonTypeInfo
instanceKlass com/fasterxml/jackson/annotation/JsonFormat
instanceKlass com/fasterxml/jackson/annotation/JsonView
instanceKlass com/fasterxml/jackson/databind/annotation/JsonSerialize
instanceKlass com/fasterxml/jackson/databind/introspect/ConcreteBeanPropertyBase
instanceKlass com/fasterxml/jackson/databind/BeanProperty
instanceKlass com/fasterxml/jackson/databind/introspect/BeanPropertyDefinition
instanceKlass com/fasterxml/jackson/databind/util/Named
instanceKlass  @bci org/springframework/core/io/support/PathMatchingResourcePatternResolver doFindPathMatchingJarResources (Lorg/springframework/core/io/Resource;Ljava/net/URL;Ljava/lang/String;)Ljava/util/Set; 433 <appendix> argL0 ; # org/springframework/core/io/support/PathMatchingResourcePatternResolver$$Lambda+0x000000001321e6b8
instanceKlass  @bci org/springframework/boot/loader/jar/NestedJarFile stream ()Ljava/util/stream/Stream; 13 <appendix> member <vmtarget> ; # org/springframework/boot/loader/jar/NestedJarFile$$Lambda+0x0000000013057528
instanceKlass com/fasterxml/jackson/databind/introspect/TypeResolutionContext
instanceKlass com/fasterxml/jackson/databind/introspect/Annotated
instanceKlass com/fasterxml/jackson/databind/JsonSerializable$Base
instanceKlass com/fasterxml/jackson/databind/introspect/VisibilityChecker
instanceKlass com/fasterxml/jackson/core/util/BufferRecycler$Gettable
instanceKlass  @bci org/springframework/core/io/support/PathMatchingResourcePatternResolver findAllModulePathResources (Ljava/lang/String;)Ljava/util/Set; 52 <appendix> member <vmtarget> ; # org/springframework/core/io/support/PathMatchingResourcePatternResolver$$Lambda+0x0000000013219ee0
instanceKlass  @bci org/springframework/core/io/support/PathMatchingResourcePatternResolver findAllModulePathResources (Ljava/lang/String;)Ljava/util/Set; 85 <appendix> member <vmtarget> ; # org/springframework/core/io/support/PathMatchingResourcePatternResolver$$Lambda+0x0000000013219ca0
instanceKlass  @bci org/springframework/core/io/support/PathMatchingResourcePatternResolver findAllModulePathResources (Ljava/lang/String;)Ljava/util/Set; 38 <appendix> member <vmtarget> ; # org/springframework/core/io/support/PathMatchingResourcePatternResolver$$Lambda+0x0000000013219a40
instanceKlass com/fasterxml/jackson/core/TreeNode
instanceKlass com/fasterxml/jackson/databind/JsonSerializable
instanceKlass org/springframework/context/annotation/ParserStrategyUtils
instanceKlass org/springframework/context/annotation/TypeFilterUtils$1
instanceKlass org/springframework/context/annotation/TypeFilterUtils
instanceKlass com/fasterxml/jackson/core/type/ResolvedType
instanceKlass  @bci org/springframework/context/annotation/ConfigurationClassParser doProcessConfigurationClass (Lorg/springframework/context/annotation/ConfigurationClass;Lorg/springframework/context/annotation/ConfigurationClassParser$SourceClass;Ljava/util/function/Predicate;)Lorg/springframework/context/annotation/ConfigurationClassParser$SourceClass; 153 <appendix> argL0 ; # org/springframework/context/annotation/ConfigurationClassParser$$Lambda+0x0000000013215f08
instanceKlass  @bci org/springframework/context/annotation/ConfigurationClassParser doProcessConfigurationClass (Lorg/springframework/context/annotation/ConfigurationClass;Lorg/springframework/context/annotation/ConfigurationClassParser$SourceClass;Ljava/util/function/Predicate;)Lorg/springframework/context/annotation/ConfigurationClassParser$SourceClass; 123 <appendix> argL0 ; # org/springframework/context/annotation/ConfigurationClassParser$$Lambda+0x0000000013215cb0
instanceKlass  @bci java/util/stream/SortedOps$RefSortingSink end ()V 48 <appendix> member <vmtarget> ; # java/util/stream/SortedOps$RefSortingSink$$Lambda+0x000000001315ad00
instanceKlass com/fasterxml/jackson/core/JsonParser
instanceKlass  @bci org/springframework/core/type/AnnotatedTypeMetadata getMergedRepeatableAnnotationAttributes (Ljava/lang/Class;Ljava/lang/Class;Ljava/util/function/Predicate;ZZ)Ljava/util/Set; 89 <appendix> argL0 ; # org/springframework/core/type/AnnotatedTypeMetadata$$Lambda+0x0000000013215478
instanceKlass com/fasterxml/jackson/databind/Module$SetupContext
instanceKlass  @bci org/springframework/core/type/AnnotatedTypeMetadata getMergedRepeatableAnnotationAttributes (Ljava/lang/Class;Ljava/lang/Class;Ljava/util/function/Predicate;ZZ)Ljava/util/Set; 79 <appendix> member <vmtarget> ; # org/springframework/core/type/AnnotatedTypeMetadata$$Lambda+0x0000000013215020
instanceKlass  @bci org/springframework/core/type/AnnotatedTypeMetadata getMergedRepeatableAnnotationAttributes (Ljava/lang/Class;Ljava/lang/Class;Ljava/util/function/Predicate;ZZ)Ljava/util/Set; 68 <appendix> member <vmtarget> ; # org/springframework/core/type/AnnotatedTypeMetadata$$Lambda+0x0000000013214dd0
instanceKlass java/util/stream/SortedOps
instanceKlass com/fasterxml/jackson/databind/introspect/ClassIntrospector
instanceKlass java/util/Collections$ReverseComparator2
instanceKlass java/util/Collections$ReverseComparator
instanceKlass  @bci java/util/Comparator comparingInt (Ljava/util/function/ToIntFunction;)Ljava/util/Comparator; 6 <appendix> member <vmtarget> ; # java/util/Comparator$$Lambda+0x0000000013159160
instanceKlass com/fasterxml/jackson/databind/jsontype/TypeResolverBuilder
instanceKlass  @bci org/springframework/core/type/AnnotatedTypeMetadata reversedMetaDistance ()Ljava/util/Comparator; 0 <appendix> argL0 ; # org/springframework/core/type/AnnotatedTypeMetadata$$Lambda+0x00000000132144a0
instanceKlass  @bci org/springframework/core/annotation/MergedAnnotationPredicates typeIn ([Ljava/lang/Class;)Ljava/util/function/Predicate; 1 <appendix> member <vmtarget> ; # org/springframework/core/annotation/MergedAnnotationPredicates$$Lambda+0x0000000013214240
instanceKlass org/springframework/core/annotation/MergedAnnotationPredicates
instanceKlass  @bci org/springframework/core/type/AnnotatedTypeMetadata getMergedRepeatableAnnotationAttributes (Ljava/lang/Class;Ljava/lang/Class;ZZ)Ljava/util/Set; 3 <appendix> argL0 ; # org/springframework/core/type/AnnotatedTypeMetadata$$Lambda+0x0000000013213a98
instanceKlass org/springframework/context/annotation/PropertySources
instanceKlass org/springframework/context/annotation/PropertySource
instanceKlass org/springframework/context/annotation/ConfigurationClass
instanceKlass com/fasterxml/jackson/databind/jsontype/PolymorphicTypeValidator
instanceKlass org/springframework/context/annotation/ComponentScanAnnotationParser
instanceKlass com/fasterxml/jackson/databind/introspect/AccessorNamingStrategy$Provider
instanceKlass org/springframework/core/io/support/DefaultPropertySourceFactory
instanceKlass org/springframework/core/io/support/PropertySourceFactory
instanceKlass com/fasterxml/jackson/databind/AnnotationIntrospector
instanceKlass org/springframework/core/io/support/PropertySourceProcessor
instanceKlass org/springframework/context/annotation/PropertySourceRegistry
instanceKlass org/springframework/context/annotation/ConfigurationClassParser$SourceClass
instanceKlass org/springframework/context/annotation/ConfigurationClassParser$DeferredImportSelectorHandler
instanceKlass com/fasterxml/jackson/databind/ser/SerializerFactory
instanceKlass  @bci org/springframework/context/annotation/ConfigurationClassParser <clinit> ()V 16 <appendix> argL0 ; # org/springframework/context/annotation/ConfigurationClassParser$$Lambda+0x000000001320e480
instanceKlass org/springframework/context/annotation/ConfigurationClassParser$DeferredImportSelectorHolder
instanceKlass  @bci org/springframework/context/annotation/ConfigurationClassParser <clinit> ()V 8 <appendix> argL0 ; # org/springframework/context/annotation/ConfigurationClassParser$$Lambda+0x000000001320e000
instanceKlass  @bci org/springframework/context/annotation/ConfigurationClassParser <clinit> ()V 0 <appendix> argL0 ; # org/springframework/context/annotation/ConfigurationClassParser$$Lambda+0x000000001320bd50
instanceKlass org/springframework/context/annotation/ImportRegistry
instanceKlass org/springframework/beans/factory/parsing/Problem
instanceKlass org/springframework/context/annotation/ConfigurationClassParser
instanceKlass  @bci org/springframework/context/annotation/ConfigurationClassPostProcessor processConfigBeanDefinitions (Lorg/springframework/beans/factory/support/BeanDefinitionRegistry;)V 141 <appendix> argL0 ; # org/springframework/context/annotation/ConfigurationClassPostProcessor$$Lambda+0x000000001320b1d0
instanceKlass org/springframework/aop/framework/AopInfrastructureBean
instanceKlass  @bci org/springframework/context/support/PostProcessorRegistrationDelegate invokeBeanDefinitionRegistryPostProcessors (Ljava/util/Collection;Lorg/springframework/beans/factory/support/BeanDefinitionRegistry;Lorg/springframework/core/metrics/ApplicationStartup;)V 44 <appendix> member <vmtarget> ; # org/springframework/context/support/PostProcessorRegistrationDelegate$$Lambda+0x000000001320ad98
# instanceKlass java/lang/invoke/LambdaForm$MH+0x000000001320c800
# instanceKlass java/lang/invoke/LambdaForm$MH+0x000000001320c400
# instanceKlass java/lang/invoke/LambdaForm$MH+0x000000001320c000
instanceKlass org/springframework/beans/AbstractNestablePropertyAccessor$PropertyTokenHolder
instanceKlass org/springframework/beans/factory/config/TypedStringValue
instanceKlass  @bci java/util/stream/Collectors joining (Ljava/lang/CharSequence;Ljava/lang/CharSequence;Ljava/lang/CharSequence;)Ljava/util/stream/Collector; 22 <appendix> argL0 ; # java/util/stream/Collectors$$Lambda+0x800000043
instanceKlass  @bci java/util/stream/Collectors joining (Ljava/lang/CharSequence;Ljava/lang/CharSequence;Ljava/lang/CharSequence;)Ljava/util/stream/Collector; 17 <appendix> argL0 ; # java/util/stream/Collectors$$Lambda+0x800000041
instanceKlass  @bci java/util/stream/Collectors joining (Ljava/lang/CharSequence;Ljava/lang/CharSequence;Ljava/lang/CharSequence;)Ljava/util/stream/Collector; 12 <appendix> argL0 ; # java/util/stream/Collectors$$Lambda+0x80000003e
instanceKlass  @bci java/util/stream/Collectors joining (Ljava/lang/CharSequence;Ljava/lang/CharSequence;Ljava/lang/CharSequence;)Ljava/util/stream/Collector; 7 <appendix> member <vmtarget> ; # java/util/stream/Collectors$$Lambda+0x800000046
instanceKlass  @bci java/lang/Class methodToString (Ljava/lang/String;[Ljava/lang/Class;)Ljava/lang/String; 42 <appendix> argL0 ; # java/lang/Class$$Lambda+0x0000000013158f18
instanceKlass org/springframework/context/annotation/ConfigurationClassBeanDefinitionReader
instanceKlass com/fasterxml/jackson/databind/deser/DeserializerFactory
instanceKlass org/springframework/core/convert/Property
instanceKlass com/fasterxml/jackson/databind/DatabindContext
instanceKlass com/sun/beans/WildcardTypeImpl
instanceKlass com/sun/beans/WeakCache
instanceKlass com/sun/beans/TypeResolver
instanceKlass java/beans/SimpleBeanInfo
instanceKlass java/beans/MethodRef
instanceKlass org/springframework/beans/factory/aot/BeanRegistrationAotContribution
instanceKlass org/springframework/beans/factory/support/RegisteredBean
instanceKlass org/springframework/beans/factory/aot/BeanFactoryInitializationAotContribution
instanceKlass com/fasterxml/jackson/databind/jsontype/SubtypeResolver
instanceKlass com/fasterxml/jackson/databind/cfg/HandlerInstantiator
instanceKlass com/fasterxml/jackson/databind/Module
instanceKlass java/text/Format
instanceKlass org/springframework/http/converter/json/Jackson2ObjectMapperBuilder
instanceKlass org/springframework/beans/PropertyDescriptorUtils
instanceKlass com/fasterxml/jackson/core/PrettyPrinter
instanceKlass org/springframework/beans/SimpleBeanInfoFactory
instanceKlass com/fasterxml/jackson/core/util/DefaultPrettyPrinter$Indenter
instanceKlass org/springframework/http/converter/GenericHttpMessageConverter
instanceKlass java/beans/BeanInfo
instanceKlass org/springframework/data/util/KotlinBeanInfoFactory
instanceKlass org/springframework/beans/BeanInfoFactory
instanceKlass org/springframework/beans/CachedIntrospectionResults
instanceKlass org/springframework/beans/PropertyAccessorUtils
instanceKlass  @bci org/springframework/beans/factory/support/DefaultSingletonBeanRegistry registerDependentBean (Ljava/lang/String;Ljava/lang/String;)V 76 <appendix> argL0 ; # org/springframework/beans/factory/support/DefaultSingletonBeanRegistry$$Lambda+0x00000000132029b0
instanceKlass  @bci org/springframework/beans/factory/support/DefaultSingletonBeanRegistry registerDependentBean (Ljava/lang/String;Ljava/lang/String;)V 19 <appendix> argL0 ; # org/springframework/beans/factory/support/DefaultSingletonBeanRegistry$$Lambda+0x0000000013202768
instanceKlass org/springframework/beans/factory/support/DisposableBeanAdapter
instanceKlass org/springframework/beans/factory/InitializingBean
instanceKlass org/springframework/beans/factory/support/InstanceSupplier
instanceKlass org/springframework/util/function/ThrowingSupplier
instanceKlass  @bci javax/xml/transform/FactoryFinder newInstance (Ljava/lang/Class;Ljava/lang/String;Ljava/lang/ClassLoader;Z)Ljava/lang/Object; 83 <appendix> member <vmtarget> ; # javax/xml/transform/FactoryFinder$$Lambda+0x0000000013156fa0
instanceKlass jdk/xml/internal/JdkProperty
instanceKlass jdk/xml/internal/JdkConstants
instanceKlass javax/xml/catalog/CatalogFeatures$Builder
instanceKlass javax/xml/catalog/CatalogFeatures
instanceKlass jdk/xml/internal/TransformErrorListener
instanceKlass javax/xml/transform/ErrorListener
instanceKlass com/sun/org/apache/xalan/internal/xsltc/compiler/SourceLoader
instanceKlass  @bci org/springframework/context/expression/StandardBeanExpressionResolver lambda$evaluate$2 (Lorg/springframework/beans/factory/config/BeanExpressionContext;)Lorg/springframework/expression/spel/support/StandardEvaluationContext; 93 <appendix> member <vmtarget> ; # org/springframework/context/expression/StandardBeanExpressionResolver$$Lambda+0x0000000013201cb0
instanceKlass org/springframework/expression/spel/support/StandardTypeConverter
instanceKlass org/springframework/expression/spel/support/StandardTypeLocator
instanceKlass org/springframework/context/expression/BeanFactoryResolver
instanceKlass org/springframework/context/expression/EnvironmentAccessor
instanceKlass org/springframework/context/expression/MapAccessor
instanceKlass org/springframework/expression/spel/CompilablePropertyAccessor
instanceKlass org/springframework/asm/Opcodes
instanceKlass org/springframework/context/expression/BeanFactoryAccessor
instanceKlass org/springframework/expression/spel/support/ReflectivePropertyAccessor
instanceKlass  @bci javax/xml/transform/FactoryFinder find (Ljava/lang/Class;Ljava/lang/String;)Ljava/lang/Object; 112 <appendix> member <vmtarget> ; # javax/xml/transform/FactoryFinder$$Lambda+0x0000000013155918
instanceKlass org/springframework/context/expression/BeanExpressionContextAccessor
instanceKlass org/springframework/expression/TypedValue
instanceKlass org/springframework/expression/spel/support/StandardOperatorOverloader
instanceKlass jdk/xml/internal/JdkXmlFeatures
instanceKlass jdk/xml/internal/FeaturePropertyBase
instanceKlass org/springframework/expression/spel/support/StandardTypeComparator
instanceKlass  @bci java/util/stream/Collectors uniqKeysMapMerger ()Ljava/util/function/BinaryOperator; 0 <appendix> argL0 ; # java/util/stream/Collectors$$Lambda+0x0000000013153138
instanceKlass  @bci java/util/stream/Collectors uniqKeysMapAccumulator (Ljava/util/function/Function;Ljava/util/function/Function;)Ljava/util/function/BiConsumer; 2 <appendix> member <vmtarget> ; # java/util/stream/Collectors$$Lambda+0x0000000013152ef8
instanceKlass  @bci java/util/stream/Collectors toMap (Ljava/util/function/Function;Ljava/util/function/Function;)Ljava/util/stream/Collector; 4 <appendix> argL0 ; # java/util/stream/Collectors$$Lambda+0x0000000013152cd0
instanceKlass org/springframework/expression/OperatorOverloader
instanceKlass org/springframework/expression/TypeComparator
instanceKlass  @bci org/springframework/context/expression/StandardBeanExpressionResolver evaluate (Ljava/lang/String;Lorg/springframework/beans/factory/config/BeanExpressionContext;)Ljava/lang/Object; 35 <appendix> member <vmtarget> ; # org/springframework/context/expression/StandardBeanExpressionResolver$$Lambda+0x00000000131fee78
instanceKlass org/springframework/expression/spel/support/StandardEvaluationContext
instanceKlass org/springframework/expression/EvaluationContext
instanceKlass org/springframework/expression/common/LiteralExpression
instanceKlass  @bci org/springframework/context/expression/StandardBeanExpressionResolver evaluate (Ljava/lang/String;Lorg/springframework/beans/factory/config/BeanExpressionContext;)Ljava/lang/Object; 15 <appendix> member <vmtarget> ; # org/springframework/context/expression/StandardBeanExpressionResolver$$Lambda+0x00000000131fde30
instanceKlass org/springframework/beans/factory/config/AutowiredPropertyMarker
instanceKlass  @bci jdk/xml/internal/XMLSecurityManager$StringMapper <init> (Ljava/util/Map;)V 30 <appendix> argL0 ; # jdk/xml/internal/XMLSecurityManager$StringMapper$$Lambda+0x0000000013152a88
instanceKlass  @bci jdk/xml/internal/XMLSecurityManager$StringMapper <init> (Ljava/util/Map;)V 25 <appendix> argL0 ; # jdk/xml/internal/XMLSecurityManager$StringMapper$$Lambda+0x0000000013152840
instanceKlass org/springframework/beans/factory/support/BeanDefinitionValueResolver
instanceKlass jdk/xml/internal/XMLSecurityManager$ValueMapper
instanceKlass jdk/xml/internal/XMLSecurityManager
instanceKlass jdk/xml/internal/JdkXmlConfig
instanceKlass jdk/xml/internal/SecuritySupport
instanceKlass  @bci javax/xml/transform/FactoryFinder find (Ljava/lang/Class;Ljava/lang/String;)Ljava/lang/Object; 24 <appendix> member <vmtarget> ; # javax/xml/transform/FactoryFinder$$Lambda+0x00000000131516e8
instanceKlass javax/xml/transform/FactoryFinder
instanceKlass javax/xml/transform/TransformerFactory
instanceKlass  @bci org/springframework/http/converter/xml/Jaxb2RootElementHttpMessageConverter <clinit> ()V 0 <appendix> argL0 ; # org/springframework/http/converter/xml/Jaxb2RootElementHttpMessageConverter$$Lambda+0x00000000131fc2a8
instanceKlass org/xml/sax/InputSource
instanceKlass javax/xml/transform/Result
instanceKlass org/springframework/beans/AbstractNestablePropertyAccessor$PropertyHandler
instanceKlass org/apache/commons/logging/impl/NoOpLog
instanceKlass org/springframework/core/log/CompositeLog
instanceKlass org/springframework/core/log/LogDelegateFactory
instanceKlass org/springframework/beans/factory/parsing/PassThroughSourceExtractor
instanceKlass org/springframework/http/HttpLogging
instanceKlass org/springframework/http/converter/AbstractHttpMessageConverter
instanceKlass org/springframework/beans/BeanUtils
instanceKlass org/springframework/util/MimeType$SpecificityComparator
instanceKlass org/springframework/beans/factory/aot/BeanRegistrationCodeFragments
instanceKlass  @bci org/springframework/http/MediaType <clinit> ()V 502 <appendix> argL0 ; # org/springframework/http/MediaType$$Lambda+0x00000000131f5998
instanceKlass  @bci org/springframework/util/MimeType <init> (Ljava/lang/String;Ljava/lang/String;Ljava/util/Map;)V 77 <appendix> member <vmtarget> ; # org/springframework/util/MimeType$$Lambda+0x00000000131f5500
instanceKlass  @bci org/springframework/beans/factory/support/AbstractBeanFactory doGetBean (Ljava/lang/String;Ljava/lang/Class;[Ljava/lang/Object;Z)Ljava/lang/Object; 471 <appendix> member <vmtarget> ; # org/springframework/beans/factory/support/AbstractBeanFactory$$Lambda+0x00000000131f52d0
instanceKlass org/springframework/util/LinkedCaseInsensitiveMap
instanceKlass  @bci org/springframework/beans/factory/support/AbstractBeanFactory doGetBean (Ljava/lang/String;Ljava/lang/Class;[Ljava/lang/Object;Z)Ljava/lang/Object; 254 <appendix> member <vmtarget> ; # org/springframework/beans/factory/support/AbstractBeanFactory$$Lambda+0x00000000131f4308
instanceKlass org/springframework/beans/factory/support/NullBean
instanceKlass  @bci org/springframework/beans/factory/BeanFactoryUtils transformedBeanName (Ljava/lang/String;)Ljava/lang/String; 21 <appendix> argL0 ; # org/springframework/beans/factory/BeanFactoryUtils$$Lambda+0x00000000131f3c40
instanceKlass org/springframework/util/MimeType
instanceKlass org/springframework/beans/factory/support/AbstractBeanFactory$BeanPostProcessorCache
instanceKlass  @bci org/springframework/core/annotation/TypeMappedAnnotation getValueExtractor (Ljava/lang/Object;)Lorg/springframework/core/annotation/ValueExtractor; 7 <appendix> argL0 ; # org/springframework/core/annotation/TypeMappedAnnotation$$Lambda+0x00000000131f2170
instanceKlass org/springframework/beans/factory/config/RuntimeBeanReference
instanceKlass org/springframework/beans/factory/config/BeanReference
instanceKlass org/springframework/beans/MutablePropertyValues
instanceKlass org/springframework/beans/factory/support/BeanDefinitionBuilder
instanceKlass  @bci org/springframework/boot/autoconfigure/SharedMetadataReaderFactoryContextInitializer$CachingMetadataReaderFactoryPostProcessor register (Lorg/springframework/beans/factory/support/BeanDefinitionRegistry;)V 13 <appendix> argL0 ; # org/springframework/boot/autoconfigure/SharedMetadataReaderFactoryContextInitializer$CachingMetadataReaderFactoryPostProcessor$$Lambda+0x00000000131f0000
instanceKlass com/fasterxml/jackson/core/TokenStreamFactory
instanceKlass org/springframework/boot/autoconfigure/SharedMetadataReaderFactoryContextInitializer$SharedMetadataReaderFactoryBean
instanceKlass com/fasterxml/jackson/core/JsonGenerator
instanceKlass org/springframework/beans/factory/FactoryBean
instanceKlass com/fasterxml/jackson/core/TreeCodec
instanceKlass org/springframework/context/support/PostProcessorRegistrationDelegate
instanceKlass  @bci org/springframework/boot/web/servlet/context/ServletWebServerApplicationContext$ExistingWebApplicationScopes restore ()V 5 <appendix> member <vmtarget> ; # org/springframework/boot/web/servlet/context/ServletWebServerApplicationContext$ExistingWebApplicationScopes$$Lambda+0x00000000131edc20
instanceKlass org/springframework/web/context/support/WebApplicationContextUtils$WebRequestObjectFactory
instanceKlass com/fasterxml/jackson/core/Versioned
instanceKlass org/springframework/web/context/request/WebRequest
instanceKlass org/springframework/web/context/request/RequestAttributes
instanceKlass org/springframework/web/context/support/WebApplicationContextUtils$SessionObjectFactory
instanceKlass jakarta/servlet/http/HttpSession
instanceKlass jakarta/xml/bind/Binder
instanceKlass org/springframework/web/context/support/WebApplicationContextUtils$ResponseObjectFactory
instanceKlass jakarta/servlet/ServletResponse
instanceKlass org/springframework/web/context/support/WebApplicationContextUtils$RequestObjectFactory
instanceKlass jakarta/servlet/ServletRequest
instanceKlass org/springframework/http/HttpOutputMessage
instanceKlass org/springframework/http/HttpMessage
instanceKlass org/springframework/web/context/request/AbstractRequestAttributesScope
instanceKlass org/springframework/boot/web/servlet/context/ServletWebServerApplicationContext$ExistingWebApplicationScopes
instanceKlass org/springframework/http/StreamingHttpOutputMessage$Body
instanceKlass org/springframework/web/context/ServletContextAware
instanceKlass org/springframework/http/converter/FormHttpMessageConverter
instanceKlass org/springframework/web/context/support/ServletContextAwareProcessor
instanceKlass org/springframework/http/converter/HttpMessageConverter
instanceKlass org/springframework/context/support/ApplicationListenerDetector
instanceKlass org/springframework/context/MessageSourceAware
instanceKlass org/springframework/context/ApplicationEventPublisherAware
instanceKlass org/springframework/beans/factory/config/BeanExpressionContext
instanceKlass org/springframework/beans/factory/config/EmbeddedValueResolver
instanceKlass org/springframework/boot/autoconfigure/BackgroundPreinitializer$MessageConverterInitializer
instanceKlass org/springframework/util/StringValueResolver
instanceKlass org/springframework/context/support/ApplicationContextAwareProcessor
instanceKlass org/hibernate/validator/internal/engine/validationcontext/ValidatorScopedContext
instanceKlass jakarta/validation/groups/Default
instanceKlass org/springframework/beans/support/ResourceEditorRegistrar
instanceKlass org/hibernate/validator/internal/engine/validationcontext/BaseBeanValidationContext
instanceKlass org/springframework/expression/Expression
instanceKlass org/hibernate/validator/internal/engine/validationcontext/ValidationContext
instanceKlass org/springframework/expression/common/TemplateAwareExpressionParser
instanceKlass org/hibernate/validator/internal/engine/valuecontext/ValueContext
instanceKlass jakarta/validation/valueextraction/ValueExtractor$ValueReceiver
instanceKlass jakarta/validation/Path$Node
instanceKlass jakarta/validation/Path
instanceKlass org/hibernate/validator/internal/engine/ValidatorImpl
instanceKlass jakarta/validation/executable/ExecutableValidator
instanceKlass org/springframework/expression/spel/SpelParserConfiguration
instanceKlass org/springframework/context/expression/StandardBeanExpressionResolver$1
instanceKlass org/springframework/expression/TypeConverter
instanceKlass org/hibernate/validator/group/GroupSequenceProvider
instanceKlass org/springframework/expression/TypeLocator
instanceKlass jakarta/validation/GroupSequence
instanceKlass org/springframework/expression/BeanResolver
instanceKlass org/springframework/expression/PropertyAccessor
instanceKlass org/springframework/expression/TargetedAccessor
instanceKlass org/hibernate/validator/internal/metadata/raw/BeanConfiguration
instanceKlass org/hibernate/validator/internal/util/privilegedactions/GetDeclaredConstructors
instanceKlass java/lang/reflect/AnnotatedWildcardType
instanceKlass org/hibernate/validator/internal/properties/javabean/JavaBeanHelper$JavaBeanPropertyImpl
instanceKlass org/hibernate/validator/spi/nodenameprovider/JavaBeanProperty
instanceKlass org/springframework/expression/ExpressionParser
instanceKlass org/springframework/expression/ParserContext
instanceKlass org/hibernate/validator/internal/properties/PropertyAccessor
instanceKlass org/springframework/context/expression/StandardBeanExpressionResolver
instanceKlass jdk/internal/vm/annotation/IntrinsicCandidate
instanceKlass org/hibernate/validator/internal/metadata/provider/AnnotationMetaDataProvider$TypeArgumentExecutableParameterLocation
instanceKlass org/springframework/web/context/request/RequestContextHolder
instanceKlass org/hibernate/validator/internal/metadata/core/AnnotationProcessingOptionsImpl$ExecutableParameterKey
instanceKlass org/springframework/web/context/support/WebApplicationContextUtils
instanceKlass org/hibernate/validator/internal/properties/javabean/JavaBeanParameter
instanceKlass org/hibernate/validator/internal/metadata/raw/AbstractConstrainedElement
instanceKlass org/hibernate/validator/internal/metadata/raw/ConstrainedElement
instanceKlass org/springframework/boot/context/logging/LoggingApplicationListener$Lifecycle
instanceKlass org/springframework/context/SmartLifecycle
instanceKlass org/springframework/context/Phased
instanceKlass org/hibernate/validator/internal/util/TypeVariables
instanceKlass org/springframework/beans/factory/BeanFactoryUtils
instanceKlass org/hibernate/validator/internal/metadata/aggregated/CascadingMetaData
instanceKlass org/hibernate/validator/internal/metadata/aggregated/CascadingMetaDataBuilder
instanceKlass org/springframework/boot/logging/DeferredLog$1
instanceKlass jakarta/validation/groups/ConvertGroup$List
instanceKlass jakarta/validation/groups/ConvertGroup
instanceKlass  @bci org/springframework/boot/SpringApplicationRunListeners contextLoaded (Lorg/springframework/context/ConfigurableApplicationContext;)V 4 <appendix> member <vmtarget> ; # org/springframework/boot/SpringApplicationRunListeners$$Lambda+0x00000000131e0000
instanceKlass jakarta/validation/Valid
instanceKlass java/lang/reflect/AnnotatedArrayType
instanceKlass org/springframework/beans/factory/support/BeanDefinitionReaderUtils
instanceKlass java/lang/reflect/AnnotatedParameterizedType
instanceKlass sun/reflect/annotation/AnnotatedTypeFactory$AnnotatedTypeBaseImpl
instanceKlass sun/reflect/annotation/AnnotatedTypeFactory
instanceKlass sun/reflect/annotation/TypeAnnotation$LocationInfo$Location
instanceKlass sun/reflect/annotation/TypeAnnotation$LocationInfo
instanceKlass sun/reflect/annotation/TypeAnnotation
instanceKlass sun/reflect/annotation/TypeAnnotationParser
instanceKlass org/springframework/context/annotation/Description
instanceKlass org/springframework/context/annotation/Role
instanceKlass org/springframework/context/annotation/DependsOn
instanceKlass org/hibernate/validator/internal/metadata/provider/AnnotationMetaDataProvider$TypeArgumentReturnValueLocation
instanceKlass org/springframework/context/annotation/Fallback
instanceKlass org/springframework/context/annotation/Primary
instanceKlass org/springframework/context/annotation/Lazy
instanceKlass  @bci java/util/stream/Collectors mapMerger (Ljava/util/function/BinaryOperator;)Ljava/util/function/BinaryOperator; 1 <appendix> member <vmtarget> ; # java/util/stream/Collectors$$Lambda+0x000000001314cce0
instanceKlass  @bci org/springframework/context/annotation/AnnotationBeanNameGenerator getMetaAnnotationTypes (Lorg/springframework/core/annotation/MergedAnnotation;)Ljava/util/Set; 24 <appendix> argL0 ; # org/springframework/context/annotation/AnnotationBeanNameGenerator$$Lambda+0x00000000131de8b8
instanceKlass  @bci java/util/stream/Collectors groupingBy (Ljava/util/function/Function;Ljava/util/function/Supplier;Ljava/util/stream/Collector;)Ljava/util/stream/Collector; 19 <appendix> member <vmtarget> ; # java/util/stream/Collectors$$Lambda+0x000000001314caa0
instanceKlass  @bci org/springframework/context/annotation/AnnotationBeanNameGenerator getMetaAnnotationTypes (Lorg/springframework/core/annotation/MergedAnnotation;)Ljava/util/Set; 14 <appendix> argL0 ; # org/springframework/context/annotation/AnnotationBeanNameGenerator$$Lambda+0x00000000131de670
instanceKlass  @bci java/util/stream/Collectors groupingBy (Ljava/util/function/Function;Ljava/util/stream/Collector;)Ljava/util/stream/Collector; 1 <appendix> argL0 ; # java/util/stream/Collectors$$Lambda+0x000000001314c878
instanceKlass  @bci org/springframework/context/annotation/AnnotationBeanNameGenerator determineBeanNameFromAnnotation (Lorg/springframework/beans/factory/annotation/AnnotatedBeanDefinition;)Ljava/lang/String; 132 <appendix> member <vmtarget> ; # org/springframework/context/annotation/AnnotationBeanNameGenerator$$Lambda+0x00000000131de420
instanceKlass  @bci java/util/stream/Collectors toList ()Ljava/util/stream/Collector; 14 <appendix> argL0 ; # java/util/stream/Collectors$$Lambda+0x000000001314c628
instanceKlass  @bci java/util/stream/Collectors toList ()Ljava/util/stream/Collector; 9 <appendix> argL0 ; # java/util/stream/Collectors$$Lambda+0x000000001314c3f0
instanceKlass  @bci org/springframework/core/annotation/AbstractMergedAnnotation asAnnotationAttributes ([Lorg/springframework/core/annotation/MergedAnnotation$Adapt;)Lorg/springframework/core/annotation/AnnotationAttributes; 1 <appendix> argL0 ; # org/springframework/core/annotation/AbstractMergedAnnotation$$Lambda+0x00000000131de1d8
instanceKlass  @bci java/util/stream/Collectors toList ()Ljava/util/stream/Collector; 4 <appendix> argL0 ; # java/util/stream/Collectors$$Lambda+0x000000001314c1c8
instanceKlass  @bci org/hibernate/validator/internal/metadata/provider/AnnotationMetaDataProvider findExecutableMetaData (Ljava/lang/reflect/Executable;)Lorg/hibernate/validator/internal/metadata/raw/ConstrainedExecutable; 32 <appendix> argL0 ; # org/hibernate/validator/internal/metadata/provider/AnnotationMetaDataProvider$$Lambda+0x00000000131ddf90
instanceKlass  @bci org/springframework/context/annotation/AnnotationBeanNameGenerator determineBeanNameFromAnnotation (Lorg/springframework/beans/factory/annotation/AnnotatedBeanDefinition;)Ljava/lang/String; 30 <appendix> argL0 ; # org/springframework/context/annotation/AnnotationBeanNameGenerator$$Lambda+0x00000000131ddd38
instanceKlass  @bci org/springframework/core/annotation/TypeMappedAnnotation <init> (Lorg/springframework/core/annotation/AnnotationTypeMapping;Ljava/lang/ClassLoader;Ljava/lang/Object;Ljava/lang/Object;Lorg/springframework/core/annotation/ValueExtractor;I[I)V 100 <appendix> member <vmtarget> ; # org/springframework/core/annotation/TypeMappedAnnotation$$Lambda+0x00000000131ddb08
instanceKlass  @bci org/springframework/context/annotation/AnnotationBeanNameGenerator getExplicitBeanName (Lorg/springframework/core/type/AnnotationMetadata;)Ljava/lang/String; 33 <appendix> argL0 ; # org/springframework/context/annotation/AnnotationBeanNameGenerator$$Lambda+0x00000000131dd8c0
instanceKlass  @bci org/springframework/context/annotation/AnnotationBeanNameGenerator getExplicitBeanName (Lorg/springframework/core/type/AnnotationMetadata;)Ljava/lang/String; 23 <appendix> argL0 ; # org/springframework/context/annotation/AnnotationBeanNameGenerator$$Lambda+0x00000000131dd668
instanceKlass  @bci org/springframework/context/annotation/AnnotationBeanNameGenerator getExplicitBeanName (Lorg/springframework/core/type/AnnotationMetadata;)Ljava/lang/String; 13 <appendix> argL0 ; # org/springframework/context/annotation/AnnotationBeanNameGenerator$$Lambda+0x00000000131dd420
instanceKlass org/springframework/core/annotation/TypeMappedAnnotations$Aggregate
instanceKlass org/springframework/core/annotation/TypeMappedAnnotations$AggregatesCollector
instanceKlass org/springframework/core/annotation/TypeMappedAnnotations$AggregatesSpliterator
instanceKlass  @bci org/springframework/core/annotation/AnnotationTypeMappings forAnnotationType (Ljava/lang/Class;Lorg/springframework/core/annotation/RepeatableContainers;Lorg/springframework/core/annotation/AnnotationFilter;Ljava/util/Set;)Lorg/springframework/core/annotation/AnnotationTypeMappings; 43 <appendix> member <vmtarget> ; # org/springframework/core/annotation/AnnotationTypeMappings$$Lambda+0x00000000131dc2c0
instanceKlass org/springframework/context/annotation/ScopeMetadata
instanceKlass org/springframework/beans/BeanMetadataAttribute
instanceKlass org/springframework/context/annotation/ImportResource
instanceKlass org/springframework/core/Conventions
instanceKlass org/springframework/context/annotation/ConfigurationClassUtils
instanceKlass org/springframework/boot/autoconfigure/AutoConfigurationPackages$Registrar
instanceKlass org/springframework/boot/context/annotation/DeterminableImports
instanceKlass org/hibernate/validator/internal/metadata/descriptor/ConstraintDescriptorImpl
instanceKlass org/springframework/context/annotation/ImportBeanDefinitionRegistrar
instanceKlass  @bci java/lang/ClassLoader definePackage (Ljava/lang/String;Ljava/lang/Module;)Ljava/lang/Package; 73 <appendix> member <vmtarget> ; # java/lang/ClassLoader$$Lambda+0x000000001314bf88
instanceKlass  @bci jdk/internal/loader/BootLoader$PackageHelper findModule (Ljava/lang/String;)Ljava/lang/Module; 90 <appendix> member <vmtarget> ; # jdk/internal/loader/BootLoader$PackageHelper$$Lambda+0x000000001314bd58
instanceKlass jdk/internal/loader/BootLoader$PackageHelper
instanceKlass org/hibernate/validator/internal/metadata/location/ConstraintLocation$1
instanceKlass org/springframework/context/annotation/ComponentScans
instanceKlass org/hibernate/validator/internal/properties/javabean/JavaBeanHelper$JavaBeanConstrainableExecutable
instanceKlass org/hibernate/validator/internal/util/privilegedactions/GetDeclaredMethods
instanceKlass org/hibernate/validator/internal/util/privilegedactions/GetDeclaredFields
instanceKlass org/hibernate/validator/internal/properties/Field
instanceKlass org/hibernate/validator/internal/metadata/provider/AnnotationMetaDataProvider$TypeArgumentLocation
instanceKlass org/springframework/boot/autoconfigure/AutoConfigurationImportSelector
instanceKlass org/springframework/context/annotation/DeferredImportSelector
instanceKlass org/springframework/context/annotation/ImportSelector
instanceKlass org/hibernate/validator/internal/metadata/provider/AnnotationMetaDataProvider
instanceKlass org/hibernate/validator/internal/metadata/provider/MetaDataProvider
instanceKlass org/hibernate/validator/internal/metadata/aggregated/BeanMetaData
instanceKlass org/hibernate/validator/internal/metadata/facets/Validatable
instanceKlass org/hibernate/validator/internal/metadata/BeanMetaDataManagerImpl
instanceKlass  @bci org/hibernate/validator/internal/engine/ValidatorFactoryImpl createValidator (Ljakarta/validation/ConstraintValidatorFactory;Lorg/hibernate/validator/internal/engine/ConstraintCreationContext;Lorg/hibernate/validator/internal/engine/ValidatorFactoryScopedContext;Lorg/hibernate/validator/internal/engine/MethodValidationConfiguration;)Ljakarta/validation/Validator; 26 <appendix> member <vmtarget> ; # org/hibernate/validator/internal/engine/ValidatorFactoryImpl$$Lambda+0x00000000131d78c8
instanceKlass org/hibernate/validator/internal/engine/ValidatorFactoryImpl$BeanMetaDataManagerKey
instanceKlass org/hibernate/validator/internal/util/StringHelper
instanceKlass org/hibernate/validator/internal/metadata/core/AnnotationProcessingOptionsImpl
instanceKlass org/hibernate/validator/internal/metadata/core/AnnotationProcessingOptions
instanceKlass org/hibernate/validator/cfg/context/ConstraintDefinitionContext
instanceKlass org/hibernate/validator/cfg/context/TypeConstraintMappingContext
instanceKlass org/hibernate/validator/cfg/context/AnnotationIgnoreOptions
instanceKlass org/hibernate/validator/cfg/context/AnnotationProcessingOptions
instanceKlass org/hibernate/validator/cfg/context/ConstructorTarget
instanceKlass org/hibernate/validator/cfg/context/MethodTarget
instanceKlass org/hibernate/validator/cfg/context/PropertyTarget
instanceKlass org/hibernate/validator/cfg/context/ConstraintMappingTarget
instanceKlass org/hibernate/validator/cfg/context/ConstraintDefinitionTarget
instanceKlass org/hibernate/validator/cfg/context/TypeTarget
instanceKlass org/hibernate/validator/cfg/context/Constrainable
instanceKlass  @bci org/springframework/core/annotation/AnnotationTypeMapping processAliases (ILjava/util/List;)V 118 <appendix> argL0 ; # org/springframework/core/annotation/AnnotationTypeMapping$$Lambda+0x00000000131d54f0
instanceKlass org/hibernate/validator/internal/cfg/context/DefaultConstraintMapping
instanceKlass org/springframework/boot/autoconfigure/AutoConfigurationExcludeFilter
instanceKlass org/hibernate/validator/internal/engine/ValidatorFactoryConfigurationHelper$DefaultConstraintMappingBuilder
instanceKlass org/hibernate/validator/internal/engine/ServiceLoaderBasedConstraintMappingContributor
instanceKlass org/hibernate/validator/internal/metadata/DefaultBeanMetaDataClassNormalizer
instanceKlass org/hibernate/validator/internal/util/logging/formatter/ClassObjectFormatter
instanceKlass org/hibernate/validator/internal/properties/DefaultGetterPropertySelectionStrategy
instanceKlass org/hibernate/validator/internal/properties/Getter
instanceKlass org/hibernate/validator/internal/properties/Property
instanceKlass org/hibernate/validator/spi/nodenameprovider/Property
instanceKlass org/hibernate/validator/spi/properties/ConstrainableExecutable
instanceKlass org/hibernate/validator/internal/properties/javabean/JavaBeanExecutable
instanceKlass org/hibernate/validator/internal/properties/javabean/JavaBeanAnnotatedConstrainable
instanceKlass org/hibernate/validator/internal/properties/javabean/JavaBeanAnnotatedElement
instanceKlass org/hibernate/validator/internal/properties/Callable
instanceKlass org/hibernate/validator/internal/properties/Constrainable
instanceKlass org/springframework/boot/context/TypeExcludeFilter
instanceKlass org/hibernate/validator/internal/properties/javabean/JavaBeanHelper
instanceKlass java/lang/annotation/Repeatable
instanceKlass  @bci sun/reflect/annotation/AnnotationParser parseAnnotationArray (ILjava/lang/Class;Ljava/nio/ByteBuffer;Ljdk/internal/reflect/ConstantPool;Ljava/lang/Class;)Ljava/lang/Object; 15 <appendix> member <vmtarget> ; # sun/reflect/annotation/AnnotationParser$$Lambda+0x000000001314b108
instanceKlass com/fasterxml/classmate/Filter
instanceKlass org/hibernate/validator/internal/util/ExecutableHelper
instanceKlass org/hibernate/validator/internal/engine/ConstraintCreationContext
instanceKlass com/fasterxml/classmate/util/ResolvedTypeCache
instanceKlass com/fasterxml/classmate/util/ClassKey
instanceKlass org/springframework/context/annotation/Import
instanceKlass org/springframework/boot/autoconfigure/AutoConfigurationPackage
instanceKlass com/fasterxml/classmate/TypeBindings
instanceKlass org/springframework/context/annotation/Configuration
instanceKlass org/springframework/context/annotation/ComponentScan$Filter
instanceKlass com/fasterxml/classmate/members/RawMember
instanceKlass  @bci org/springframework/core/annotation/AnnotationTypeMapping resolveAliasedForTargets ()Ljava/util/Map; 58 <appendix> argL0 ; # org/springframework/core/annotation/AnnotationTypeMapping$$Lambda+0x00000000131cd680
instanceKlass com/fasterxml/classmate/ResolvedType
instanceKlass com/fasterxml/classmate/TypeResolver
instanceKlass org/hibernate/validator/internal/util/TypeResolutionHelper
instanceKlass org/springframework/core/annotation/TypeMappedAnnotations$IsPresent
instanceKlass org/hibernate/validator/internal/constraintvalidators/hv/UUIDValidator
instanceKlass org/hibernate/validator/constraints/UUID
instanceKlass org/hibernate/validator/internal/constraintvalidators/hv/URLValidator
instanceKlass org/springframework/context/annotation/Conditional
instanceKlass org/hibernate/validator/constraints/URL
instanceKlass org/hibernate/validator/internal/constraintvalidators/hv/UniqueElementsValidator
instanceKlass org/hibernate/validator/constraints/UniqueElements
instanceKlass org/hibernate/validator/constraints/br/TituloEleitoral
instanceKlass org/hibernate/validator/constraints/ScriptAssert
instanceKlass org/hibernate/validator/internal/constraintvalidators/hv/ru/INNValidator
instanceKlass org/hibernate/validator/constraints/ru/INN
instanceKlass org/springframework/context/annotation/ComponentScan
instanceKlass org/hibernate/validator/constraints/pl/REGON
instanceKlass org/hibernate/validator/constraints/Range
instanceKlass org/springframework/boot/autoconfigure/EnableAutoConfiguration
instanceKlass org/springframework/boot/SpringBootConfiguration
instanceKlass org/hibernate/validator/constraints/pl/PESEL
instanceKlass  @bci sun/reflect/annotation/AnnotationParser parseClassArray (ILjava/nio/ByteBuffer;Ljdk/internal/reflect/ConstantPool;Ljava/lang/Class;)Ljava/lang/Object; 10 <appendix> member <vmtarget> ; # sun/reflect/annotation/AnnotationParser$$Lambda+0x000000001314ac80
instanceKlass org/springframework/boot/autoconfigure/SpringBootApplication
instanceKlass org/hibernate/validator/internal/constraintvalidators/hv/AbstractScriptAssertValidator
instanceKlass org/springframework/core/type/StandardClassMetadata
instanceKlass org/hibernate/validator/constraints/ParameterScriptAssert
instanceKlass org/hibernate/validator/constraints/NotEmpty
instanceKlass org/hibernate/validator/internal/constraintvalidators/hv/NotBlankValidator
instanceKlass org/hibernate/validator/constraints/NotBlank
instanceKlass org/springframework/core/type/AnnotationMetadata
instanceKlass org/springframework/core/type/ClassMetadata
instanceKlass org/hibernate/validator/constraints/pl/NIP
instanceKlass org/hibernate/validator/internal/constraintvalidators/hv/NormalizedValidator
instanceKlass org/hibernate/validator/constraints/Normalized
instanceKlass org/hibernate/validator/constraints/Mod11Check
instanceKlass org/hibernate/validator/constraints/Mod10Check
instanceKlass org/hibernate/validator/constraints/ModCheck
instanceKlass org/hibernate/validator/internal/constraintvalidators/hv/ModCheckBase
instanceKlass org/hibernate/validator/constraints/LuhnCheck
instanceKlass org/hibernate/validator/internal/constraintvalidators/hv/CodePointLengthValidator
instanceKlass  @bci org/springframework/beans/factory/xml/XmlBeanDefinitionReader <init> (Lorg/springframework/beans/factory/support/BeanDefinitionRegistry;)V 94 <appendix> argL0 ; # org/springframework/beans/factory/xml/XmlBeanDefinitionReader$$Lambda+0x00000000131c3518
instanceKlass org/hibernate/validator/constraints/CodePointLength
instanceKlass org/hibernate/validator/internal/constraintvalidators/hv/LengthValidator
instanceKlass org/springframework/util/xml/XmlValidationModeDetector
instanceKlass org/hibernate/validator/constraints/Length
instanceKlass org/hibernate/validator/internal/constraintvalidators/hv/ISBNValidator
instanceKlass org/springframework/util/xml/SimpleSaxErrorHandler
instanceKlass org/hibernate/validator/constraints/ISBN
instanceKlass org/springframework/beans/factory/xml/DefaultDocumentLoader
instanceKlass org/hibernate/validator/constraints/Email
instanceKlass org/hibernate/validator/internal/constraintvalidators/hv/EANValidator
instanceKlass org/springframework/beans/factory/parsing/NullSourceExtractor
instanceKlass org/hibernate/validator/constraints/EAN
instanceKlass org/springframework/beans/factory/parsing/EmptyReaderEventListener
instanceKlass org/springframework/beans/factory/parsing/FailFastProblemReporter
instanceKlass org/hibernate/validator/internal/constraintvalidators/hv/time/DurationMinValidator
instanceKlass org/springframework/beans/factory/xml/DefaultBeanDefinitionDocumentReader
instanceKlass org/hibernate/validator/constraints/time/DurationMin
instanceKlass org/springframework/beans/factory/xml/BeanDefinitionDocumentReader
instanceKlass org/hibernate/validator/internal/constraintvalidators/hv/time/DurationMaxValidator
instanceKlass org/hibernate/validator/constraints/time/DurationMax
instanceKlass org/springframework/beans/factory/support/DefaultBeanNameGenerator
instanceKlass org/hibernate/validator/constraints/CreditCardNumber
instanceKlass org/springframework/beans/factory/xml/NamespaceHandlerResolver
instanceKlass org/hibernate/validator/internal/constraintvalidators/hv/br/CPFValidator
instanceKlass org/hibernate/validator/constraints/br/CPF
instanceKlass org/xml/sax/EntityResolver
instanceKlass org/hibernate/validator/internal/constraintvalidators/hv/br/CNPJValidator
instanceKlass org/xml/sax/ErrorHandler
instanceKlass org/hibernate/validator/constraints/br/CNPJ
instanceKlass org/springframework/beans/factory/xml/DocumentLoader
instanceKlass org/springframework/beans/factory/parsing/SourceExtractor
instanceKlass org/springframework/beans/factory/parsing/ReaderEventListener
instanceKlass jakarta/validation/constraints/Size
instanceKlass org/springframework/beans/factory/parsing/ProblemReporter
instanceKlass org/hibernate/validator/internal/constraintvalidators/bv/size/SizeValidatorForArraysOfPrimitives
instanceKlass org/springframework/beans/factory/support/AbstractBeanDefinitionReader
instanceKlass org/springframework/beans/factory/support/BeanDefinitionReader
instanceKlass org/hibernate/validator/internal/constraintvalidators/bv/size/SizeValidatorForMap
instanceKlass org/hibernate/validator/internal/constraintvalidators/bv/size/SizeValidatorForArray
instanceKlass org/springframework/boot/BeanDefinitionLoader
instanceKlass org/hibernate/validator/internal/constraintvalidators/bv/size/SizeValidatorForCollection
instanceKlass org/hibernate/validator/internal/constraintvalidators/bv/size/SizeValidatorForCharSequence
instanceKlass jakarta/validation/constraints/PositiveOrZero
instanceKlass org/hibernate/validator/internal/constraintvalidators/bv/number/sign/PositiveOrZeroValidatorForCharSequence
instanceKlass org/hibernate/validator/internal/constraintvalidators/bv/number/sign/PositiveOrZeroValidatorForNumber
instanceKlass org/hibernate/validator/internal/constraintvalidators/bv/number/sign/PositiveOrZeroValidatorForByte
instanceKlass org/hibernate/validator/internal/constraintvalidators/bv/number/sign/PositiveOrZeroValidatorForShort
instanceKlass org/hibernate/validator/internal/constraintvalidators/bv/number/sign/PositiveOrZeroValidatorForInteger
instanceKlass org/springframework/boot/SpringApplication$PropertySourceOrderingBeanFactoryPostProcessor
instanceKlass org/hibernate/validator/internal/constraintvalidators/bv/number/sign/PositiveOrZeroValidatorForLong
instanceKlass org/hibernate/validator/internal/constraintvalidators/bv/number/sign/PositiveOrZeroValidatorForFloat
instanceKlass org/hibernate/validator/internal/constraintvalidators/bv/number/sign/PositiveOrZeroValidatorForDouble
instanceKlass org/hibernate/validator/internal/constraintvalidators/bv/number/sign/PositiveOrZeroValidatorForBigInteger
instanceKlass org/hibernate/validator/internal/constraintvalidators/bv/number/sign/PositiveOrZeroValidatorForBigDecimal
instanceKlass jakarta/validation/constraints/Positive
instanceKlass org/hibernate/validator/internal/constraintvalidators/bv/number/sign/PositiveValidatorForCharSequence
instanceKlass org/hibernate/validator/internal/constraintvalidators/bv/number/sign/PositiveValidatorForNumber
instanceKlass org/hibernate/validator/internal/constraintvalidators/bv/number/sign/PositiveValidatorForByte
instanceKlass org/hibernate/validator/internal/constraintvalidators/bv/number/sign/PositiveValidatorForShort
instanceKlass org/hibernate/validator/internal/constraintvalidators/bv/number/sign/PositiveValidatorForInteger
instanceKlass org/hibernate/validator/internal/constraintvalidators/bv/number/sign/PositiveValidatorForLong
instanceKlass org/hibernate/validator/internal/constraintvalidators/bv/number/sign/PositiveValidatorForFloat
instanceKlass org/hibernate/validator/internal/constraintvalidators/bv/number/sign/PositiveValidatorForDouble
instanceKlass org/hibernate/validator/internal/constraintvalidators/bv/number/sign/PositiveValidatorForBigInteger
instanceKlass org/hibernate/validator/internal/constraintvalidators/bv/number/sign/PositiveValidatorForBigDecimal
instanceKlass org/hibernate/validator/internal/constraintvalidators/bv/PatternValidator
instanceKlass jakarta/validation/constraints/Pattern
instanceKlass  @bci org/springframework/boot/SpringApplication quoteProfiles ([Ljava/lang/String;)Ljava/util/List; 4 <appendix> argL0 ; # org/springframework/boot/SpringApplication$$Lambda+0x00000000131b84a0
instanceKlass jakarta/validation/constraints/PastOrPresent
instanceKlass  @bci org/springframework/boot/StartupInfoLogger logStarting (Lorg/apache/commons/logging/Log;)V 23 <appendix> member <vmtarget> ; # org/springframework/boot/StartupInfoLogger$$Lambda+0x00000000131b69d0
instanceKlass jakarta/validation/constraints/Past
instanceKlass org/hibernate/validator/internal/constraintvalidators/bv/NullValidator
instanceKlass jakarta/validation/constraints/Null
instanceKlass ch/qos/logback/core/pattern/SpacePadder
instanceKlass org/hibernate/validator/internal/constraintvalidators/bv/NotNullValidator
instanceKlass jakarta/validation/constraints/NotNull
instanceKlass java/time/LocalTime$1
instanceKlass java/time/format/DateTimeFormatterBuilder$2
instanceKlass java/time/ZonedDateTime$1
instanceKlass sun/reflect/generics/tree/ShortSignature
instanceKlass java/time/LocalDate$1
instanceKlass sun/reflect/generics/tree/LongSignature
instanceKlass sun/reflect/generics/tree/IntSignature
instanceKlass  @bci java/time/temporal/TemporalAdjusters nextOrSame (Ljava/time/DayOfWeek;)Ljava/time/temporal/TemporalAdjuster; 6 <appendix> member <vmtarget> ; # java/time/temporal/TemporalAdjusters$$Lambda+0x00000000131495b8
instanceKlass  @cpi java/time/temporal/TemporalAdjusters 209 form vmentry <vmtarget> ; # java/lang/invoke/LambdaForm$DMH+0x00000000131b4000
instanceKlass sun/reflect/generics/tree/FloatSignature
instanceKlass sun/reflect/generics/tree/DoubleSignature
instanceKlass sun/reflect/generics/tree/BooleanSignature
instanceKlass jakarta/validation/constraints/NotEmpty
instanceKlass java/time/temporal/TemporalAdjusters
instanceKlass org/hibernate/validator/internal/constraintvalidators/bv/notempty/NotEmptyValidatorForArraysOfShort
instanceKlass org/hibernate/validator/internal/constraintvalidators/bv/notempty/NotEmptyValidatorForArraysOfLong
instanceKlass org/hibernate/validator/internal/constraintvalidators/bv/notempty/NotEmptyValidatorForArraysOfInt
instanceKlass java/time/temporal/TemporalQueries$7
instanceKlass java/time/temporal/TemporalQueries$6
instanceKlass java/time/temporal/TemporalQueries$5
instanceKlass java/time/temporal/TemporalQueries$4
instanceKlass java/time/temporal/TemporalQueries$3
instanceKlass java/time/temporal/TemporalQueries$2
instanceKlass java/time/temporal/TemporalQueries$1
instanceKlass java/time/temporal/TemporalQueries
instanceKlass java/time/format/DateTimePrintContext
instanceKlass org/hibernate/validator/internal/constraintvalidators/bv/notempty/NotEmptyValidatorForArraysOfFloat
instanceKlass ch/qos/logback/core/util/StringUtil
instanceKlass org/hibernate/validator/internal/constraintvalidators/bv/notempty/NotEmptyValidatorForArraysOfDouble
instanceKlass org/hibernate/validator/internal/constraintvalidators/bv/notempty/NotEmptyValidatorForArraysOfChar
instanceKlass org/hibernate/validator/internal/constraintvalidators/bv/notempty/NotEmptyValidatorForArraysOfByte
instanceKlass org/hibernate/validator/internal/constraintvalidators/bv/notempty/NotEmptyValidatorForArraysOfBoolean
instanceKlass ch/qos/logback/classic/spi/EventArgUtil
instanceKlass org/hibernate/validator/internal/constraintvalidators/bv/notempty/NotEmptyValidatorForMap
instanceKlass org/hibernate/validator/internal/constraintvalidators/bv/notempty/NotEmptyValidatorForArray
instanceKlass ch/qos/logback/classic/spi/IThrowableProxy
instanceKlass org/hibernate/validator/internal/constraintvalidators/bv/notempty/NotEmptyValidatorForCollection
instanceKlass ch/qos/logback/classic/spi/LoggingEvent
instanceKlass org/hibernate/validator/internal/constraintvalidators/bv/notempty/NotEmptyValidatorForCharSequence
instanceKlass org/hibernate/validator/internal/constraintvalidators/bv/NotBlankValidator
instanceKlass  @bci org/springframework/boot/StartupInfoLogger appendContext (Ljava/lang/StringBuilder;)V 55 <appendix> argL0 ; # org/springframework/boot/StartupInfoLogger$$Lambda+0x00000000131adfc0
instanceKlass jakarta/validation/constraints/NotBlank
instanceKlass  @bci org/springframework/boot/StartupInfoLogger appendContext (Ljava/lang/StringBuilder;)V 43 <appendix> argL0 ; # org/springframework/boot/StartupInfoLogger$$Lambda+0x00000000131adb90
instanceKlass jakarta/validation/constraints/NegativeOrZero
instanceKlass org/springframework/boot/system/ApplicationHome
instanceKlass  @bci org/springframework/boot/StartupInfoLogger appendPid (Ljava/lang/StringBuilder;)V 5 <appendix> member <vmtarget> ; # org/springframework/boot/StartupInfoLogger$$Lambda+0x00000000131ad738
instanceKlass  @bci org/springframework/boot/StartupInfoLogger appendJavaVersion (Ljava/lang/StringBuilder;)V 4 <appendix> argL0 ; # org/springframework/boot/StartupInfoLogger$$Lambda+0x00000000131ad510
instanceKlass  @bci org/springframework/boot/StartupInfoLogger appendApplicationVersion (Ljava/lang/StringBuilder;)V 5 <appendix> member <vmtarget> ; # org/springframework/boot/StartupInfoLogger$$Lambda+0x00000000131ad2e0
instanceKlass  @bci org/springframework/boot/StartupInfoLogger appendApplicationName (Ljava/lang/StringBuilder;)V 5 <appendix> member <vmtarget> ; # org/springframework/boot/StartupInfoLogger$$Lambda+0x00000000131ad0b0
instanceKlass org/hibernate/validator/internal/constraintvalidators/bv/number/sign/NegativeOrZeroValidatorForCharSequence
instanceKlass org/hibernate/validator/internal/constraintvalidators/bv/number/sign/NegativeOrZeroValidatorForNumber
instanceKlass org/hibernate/validator/internal/constraintvalidators/bv/number/sign/NegativeOrZeroValidatorForByte
instanceKlass org/hibernate/validator/internal/constraintvalidators/bv/number/sign/NegativeOrZeroValidatorForShort
instanceKlass org/hibernate/validator/internal/constraintvalidators/bv/number/sign/NegativeOrZeroValidatorForInteger
instanceKlass org/hibernate/validator/internal/constraintvalidators/bv/number/sign/NegativeOrZeroValidatorForLong
instanceKlass org/hibernate/validator/internal/constraintvalidators/bv/number/sign/NegativeOrZeroValidatorForFloat
instanceKlass org/hibernate/validator/internal/constraintvalidators/bv/number/sign/NegativeOrZeroValidatorForDouble
instanceKlass org/hibernate/validator/internal/constraintvalidators/bv/number/sign/NegativeOrZeroValidatorForBigInteger
instanceKlass org/hibernate/validator/internal/constraintvalidators/bv/number/sign/NegativeOrZeroValidatorForBigDecimal
instanceKlass  @bci org/springframework/boot/StartupInfoLogger appendAotMode (Ljava/lang/StringBuilder;)V 4 <appendix> argL0 ; # org/springframework/boot/StartupInfoLogger$$Lambda+0x00000000131ab5b0
instanceKlass jakarta/validation/constraints/Negative
instanceKlass java/util/concurrent/Callable
instanceKlass org/hibernate/validator/internal/constraintvalidators/bv/number/sign/NegativeValidatorForCharSequence
instanceKlass  @bci org/springframework/boot/StartupInfoLogger logStarting (Lorg/apache/commons/logging/Log;)V 8 <appendix> member <vmtarget> ; # org/springframework/boot/StartupInfoLogger$$Lambda+0x00000000131aaf30
instanceKlass org/hibernate/validator/internal/constraintvalidators/bv/number/sign/NegativeValidatorForNumber
instanceKlass org/hibernate/validator/internal/constraintvalidators/bv/number/sign/NegativeValidatorForByte
instanceKlass org/springframework/boot/StartupInfoLogger
instanceKlass org/hibernate/validator/internal/constraintvalidators/bv/number/sign/NegativeValidatorForShort
instanceKlass org/hibernate/validator/internal/constraintvalidators/bv/number/sign/NegativeValidatorForInteger
instanceKlass org/hibernate/validator/internal/constraintvalidators/bv/number/sign/NegativeValidatorForLong
instanceKlass  @bci org/springframework/boot/SpringApplicationRunListeners contextPrepared (Lorg/springframework/context/ConfigurableApplicationContext;)V 4 <appendix> member <vmtarget> ; # org/springframework/boot/SpringApplicationRunListeners$$Lambda+0x00000000131a9f60
instanceKlass org/hibernate/validator/internal/constraintvalidators/bv/number/sign/NegativeValidatorForFloat
instanceKlass org/hibernate/validator/internal/constraintvalidators/bv/number/sign/NegativeValidatorForDouble
instanceKlass org/hibernate/validator/internal/constraintvalidators/bv/number/sign/NegativeValidatorForBigInteger
instanceKlass org/springframework/boot/autoconfigure/logging/ConditionEvaluationReportLogger
instanceKlass org/hibernate/validator/internal/constraintvalidators/bv/number/sign/NegativeValidatorForBigDecimal
instanceKlass  @bci org/springframework/boot/autoconfigure/logging/ConditionEvaluationReportLoggingListener$ConditionEvaluationReportListener <init> (Lorg/springframework/boot/autoconfigure/logging/ConditionEvaluationReportLoggingListener;Lorg/springframework/context/ConfigurableApplicationContext;)V 29 <appendix> member <vmtarget> ; # org/springframework/boot/autoconfigure/logging/ConditionEvaluationReportLoggingListener$ConditionEvaluationReportListener$$Lambda+0x00000000131a91f0
instanceKlass jakarta/validation/constraints/Min
instanceKlass org/springframework/boot/autoconfigure/condition/ConditionEvaluationReport$AncestorsMatchedCondition
instanceKlass org/springframework/context/annotation/Condition
instanceKlass org/springframework/boot/autoconfigure/condition/ConditionEvaluationReport
instanceKlass org/hibernate/validator/internal/constraintvalidators/bv/number/bound/AbstractMinValidator
instanceKlass org/springframework/boot/autoconfigure/logging/ConditionEvaluationReportLoggingListener$ConditionEvaluationReportListener
instanceKlass jakarta/validation/constraints/Max
instanceKlass org/springframework/boot/rsocket/context/RSocketPortInfoApplicationContextInitializer$Listener
instanceKlass  @bci org/springframework/boot/io/ProtocolResolverApplicationContextInitializer initialize (Lorg/springframework/context/ConfigurableApplicationContext;)V 24 <appendix> member <vmtarget> ; # org/springframework/boot/io/ProtocolResolverApplicationContextInitializer$$Lambda+0x00000000131a5b50
instanceKlass org/hibernate/validator/internal/constraintvalidators/bv/number/bound/AbstractMaxValidator
instanceKlass jakarta/validation/constraints/FutureOrPresent
instanceKlass java/time/chrono/ChronoLocalDateImpl
instanceKlass org/springframework/boot/io/Base64ProtocolResolver
instanceKlass jakarta/validation/constraints/Future
instanceKlass org/springframework/core/io/ProtocolResolver
instanceKlass org/springframework/boot/context/ConfigurationWarningsApplicationContextInitializer$ComponentScanPackageCheck
instanceKlass org/springframework/boot/context/ConfigurationWarningsApplicationContextInitializer$Check
instanceKlass org/springframework/boot/context/ConfigurationWarningsApplicationContextInitializer$ConfigurationWarningsPostProcessor
instanceKlass  @bci org/springframework/beans/factory/support/DefaultListableBeanFactory registerSingleton (Ljava/lang/String;Ljava/lang/Object;)V 15 <appendix> member <vmtarget> ; # org/springframework/beans/factory/support/DefaultListableBeanFactory$$Lambda+0x000000001319e5c8
instanceKlass org/hibernate/validator/internal/constraintvalidators/bv/time/AbstractJavaTimeValidator
instanceKlass  @bci org/springframework/beans/factory/support/DefaultListableBeanFactory registerSingleton (Ljava/lang/String;Ljava/lang/Object;)V 8 <appendix> member <vmtarget> ; # org/springframework/beans/factory/support/DefaultListableBeanFactory$$Lambda+0x000000001319d938
instanceKlass org/springframework/boot/context/ContextIdApplicationContextInitializer$ContextId
instanceKlass org/hibernate/validator/internal/constraintvalidators/bv/time/AbstractInstantBasedTimeValidator
instanceKlass org/hibernate/validator/constraintvalidation/HibernateConstraintValidator
instanceKlass org/springframework/boot/autoconfigure/SharedMetadataReaderFactoryContextInitializer$CachingMetadataReaderFactoryPostProcessor
instanceKlass org/hibernate/validator/internal/constraintvalidators/AbstractEmailValidator
instanceKlass  @bci org/springframework/context/index/CandidateComponentsIndexLoader loadIndex (Ljava/lang/ClassLoader;)Lorg/springframework/context/index/CandidateComponentsIndex; 16 <appendix> argL0 ; # org/springframework/context/index/CandidateComponentsIndexLoader$$Lambda+0x000000001319c160
instanceKlass jakarta/validation/constraints/Email
instanceKlass org/springframework/context/index/CandidateComponentsIndex
instanceKlass jakarta/validation/constraints/Digits
instanceKlass org/hibernate/validator/internal/constraintvalidators/bv/DigitsValidatorForNumber
instanceKlass org/springframework/context/index/CandidateComponentsIndexLoader
instanceKlass org/hibernate/validator/internal/constraintvalidators/bv/DigitsValidatorForCharSequence
instanceKlass  @bci org/springframework/core/io/DefaultResourceLoader getResourceCache (Ljava/lang/Class;)Ljava/util/Map; 5 <appendix> argL0 ; # org/springframework/core/io/DefaultResourceLoader$$Lambda+0x000000001319b238
instanceKlass org/springframework/core/type/classreading/MetadataReader
instanceKlass jakarta/validation/constraints/DecimalMin
instanceKlass org/springframework/core/type/classreading/SimpleMetadataReaderFactory
instanceKlass org/springframework/core/io/support/ResourcePatternUtils
instanceKlass org/hibernate/validator/internal/constraintvalidators/bv/number/bound/decimal/AbstractDecimalMinValidator
instanceKlass jakarta/validation/constraints/DecimalMax
instanceKlass jakarta/inject/Named
instanceKlass org/hibernate/validator/internal/util/privilegedactions/IsClassPresent
instanceKlass java/lang/Deprecated
instanceKlass jakarta/annotation/ManagedBean
instanceKlass org/hibernate/validator/internal/constraintvalidators/bv/number/bound/decimal/AbstractDecimalMaxValidator
instanceKlass org/hibernate/validator/internal/constraintvalidators/bv/AssertTrueValidator
instanceKlass org/springframework/stereotype/Indexed
instanceKlass jakarta/validation/constraints/AssertTrue
instanceKlass org/springframework/stereotype/Component
instanceKlass jakarta/validation/constraintvalidation/SupportedValidationTarget
instanceKlass org/springframework/core/type/filter/AbstractTypeHierarchyTraversingFilter
instanceKlass org/springframework/core/type/filter/TypeFilter
instanceKlass org/springframework/beans/factory/support/BeanDefinitionDefaults
instanceKlass org/hibernate/validator/internal/util/TypeHelper
instanceKlass org/springframework/core/type/classreading/MetadataReaderFactory
instanceKlass org/springframework/context/annotation/ClassPathScanningCandidateComponentProvider
instanceKlass org/hibernate/validator/internal/engine/constraintvalidation/ClassBasedValidatorDescriptor
instanceKlass org/springframework/context/event/DefaultEventListenerFactory
instanceKlass org/springframework/context/event/EventListenerFactory
instanceKlass org/hibernate/validator/internal/engine/constraintvalidation/ConstraintValidatorDescriptor
instanceKlass org/hibernate/validator/internal/constraintvalidators/bv/AssertFalseValidator
instanceKlass jakarta/validation/constraints/AssertFalse
instanceKlass org/springframework/context/event/EventListenerMethodProcessor
instanceKlass org/springframework/beans/factory/SmartInitializingSingleton
instanceKlass org/hibernate/validator/internal/metadata/core/ConstraintHelper$ValidatorDescriptorMap
instanceKlass org/springframework/beans/factory/annotation/InitDestroyAnnotationBeanPostProcessor
instanceKlass org/hibernate/validator/internal/metadata/core/ConstraintHelper
instanceKlass org/springframework/beans/factory/annotation/AutowiredAnnotationBeanPostProcessor
instanceKlass org/springframework/beans/factory/config/SmartInstantiationAwareBeanPostProcessor
instanceKlass org/springframework/beans/factory/config/BeanDefinitionHolder
instanceKlass  @bci org/springframework/beans/factory/support/DefaultListableBeanFactory removeManualSingletonName (Ljava/lang/String;)V 8 <appendix> member <vmtarget> ; # org/springframework/beans/factory/support/DefaultListableBeanFactory$$Lambda+0x0000000013191288
instanceKlass  @bci org/springframework/beans/factory/support/DefaultListableBeanFactory removeManualSingletonName (Ljava/lang/String;)V 2 <appendix> member <vmtarget> ; # org/springframework/beans/factory/support/DefaultListableBeanFactory$$Lambda+0x0000000013191048
instanceKlass org/springframework/beans/factory/support/MethodOverrides
instanceKlass org/springframework/context/annotation/ConfigurationClassPostProcessor
instanceKlass org/springframework/context/EnvironmentAware
instanceKlass org/springframework/context/ApplicationStartupAware
instanceKlass org/springframework/context/ResourceLoaderAware
instanceKlass org/hibernate/validator/internal/engine/valueextraction/ValueExtractorResolver
instanceKlass org/springframework/beans/factory/support/BeanDefinitionRegistryPostProcessor
instanceKlass  @bci org/hibernate/validator/internal/engine/AbstractConfigurationImpl getValueExtractors ()Ljava/util/Set; 17 <appendix> argL0 ; # org/hibernate/validator/internal/engine/AbstractConfigurationImpl$$Lambda+0x000000001318fbc0
instanceKlass java/util/OptionalLong
instanceKlass org/hibernate/validator/internal/engine/valueextraction/OptionalLongValueExtractor
instanceKlass java/util/OptionalDouble
instanceKlass org/hibernate/validator/internal/engine/valueextraction/OptionalDoubleValueExtractor
instanceKlass org/hibernate/validator/internal/engine/valueextraction/AnnotatedObject
instanceKlass java/util/OptionalInt
instanceKlass jakarta/inject/Qualifier
instanceKlass org/hibernate/validator/internal/engine/valueextraction/OptionalIntValueExtractor
instanceKlass org/springframework/beans/factory/annotation/Qualifier
instanceKlass org/hibernate/validator/internal/engine/valueextraction/OptionalValueExtractor
instanceKlass org/hibernate/validator/internal/engine/valueextraction/IterableValueExtractor
instanceKlass org/springframework/beans/factory/annotation/Value
instanceKlass org/hibernate/validator/internal/engine/valueextraction/MapKeyExtractor
instanceKlass org/springframework/aop/TargetSource
instanceKlass org/hibernate/validator/internal/engine/valueextraction/MapValueExtractor
instanceKlass org/hibernate/validator/internal/engine/valueextraction/ListValueExtractor
instanceKlass org/hibernate/validator/internal/engine/valueextraction/ObjectArrayValueExtractor
instanceKlass org/hibernate/validator/internal/engine/valueextraction/BooleanArrayValueExtractor
instanceKlass org/hibernate/validator/internal/engine/valueextraction/CharArrayValueExtractor
instanceKlass org/hibernate/validator/internal/engine/valueextraction/DoubleArrayValueExtractor
instanceKlass org/hibernate/validator/internal/engine/valueextraction/FloatArrayValueExtractor
instanceKlass org/hibernate/validator/internal/engine/valueextraction/LongArrayValueExtractor
instanceKlass org/hibernate/validator/internal/engine/valueextraction/IntArrayValueExtractor
instanceKlass org/springframework/orm/jpa/support/PersistenceAnnotationBeanPostProcessor
instanceKlass org/hibernate/validator/internal/engine/valueextraction/ShortArrayValueExtractor
instanceKlass org/springframework/beans/factory/aot/BeanRegistrationAotProcessor
instanceKlass org/springframework/beans/factory/support/MergedBeanDefinitionPostProcessor
instanceKlass org/hibernate/validator/internal/engine/valueextraction/ValueExtractorDescriptor$Key
instanceKlass org/hibernate/validator/internal/engine/valueextraction/ArrayElement
instanceKlass org/springframework/beans/factory/config/DestructionAwareBeanPostProcessor
instanceKlass org/springframework/beans/factory/config/InstantiationAwareBeanPostProcessor
instanceKlass jakarta/annotation/PostConstruct
instanceKlass org/springframework/context/annotation/AnnotationConfigUtils
instanceKlass org/springframework/context/annotation/ConditionEvaluator$ConditionContextImpl
instanceKlass org/springframework/context/annotation/ConditionContext
instanceKlass org/hibernate/validator/internal/engine/valueextraction/ValueExtractorDescriptor
instanceKlass org/hibernate/validator/internal/engine/valueextraction/ByteArrayValueExtractor
instanceKlass java/lang/StackTraceElement$HashedModules
instanceKlass org/hibernate/validator/internal/engine/valueextraction/ValueExtractorManager$1
instanceKlass org/hibernate/validator/internal/engine/valueextraction/ValueExtractorManager
instanceKlass org/hibernate/validator/internal/engine/groups/ValidationOrder
instanceKlass org/hibernate/validator/internal/engine/groups/ValidationOrderGenerator
instanceKlass org/hibernate/validator/internal/engine/constraintvalidation/ConstraintValidatorManagerImpl$1
instanceKlass jakarta/validation/ConstraintValidator
instanceKlass org/springframework/context/annotation/ConditionEvaluator
instanceKlass jakarta/validation/metadata/ConstraintDescriptor
instanceKlass org/hibernate/validator/internal/engine/constraintvalidation/AbstractConstraintValidatorManagerImpl
instanceKlass org/springframework/context/annotation/Scope
instanceKlass org/hibernate/validator/internal/engine/constraintvalidation/HibernateConstraintValidatorInitializationContextImpl
instanceKlass org/springframework/context/annotation/AnnotationScopeMetadataResolver
instanceKlass java/util/RegularEnumSet$EnumSetIterator
instanceKlass org/hibernate/validator/spi/scripting/ScriptEvaluator
instanceKlass org/springframework/context/annotation/AnnotationBeanNameGenerator
instanceKlass org/hibernate/validator/spi/scripting/AbstractCachingScriptEvaluatorFactory
instanceKlass org/springframework/beans/factory/annotation/AnnotatedBeanDefinition
instanceKlass org/hibernate/validator/internal/util/ExecutableParameterNameProvider
instanceKlass jakarta/el/Util$CacheKey
instanceKlass org/springframework/core/type/AnnotatedTypeMetadata
instanceKlass org/springframework/context/annotation/ScopeMetadataResolver
instanceKlass org/springframework/beans/factory/support/BeanNameGenerator
instanceKlass org/springframework/context/annotation/AnnotatedBeanDefinitionReader
instanceKlass jakarta/el/ELContext
instanceKlass jakarta/el/ELManager
instanceKlass org/springframework/beans/factory/support/SimpleAutowireCandidateResolver
instanceKlass org/apache/el/util/ExceptionUtils
instanceKlass org/springframework/beans/factory/support/SimpleInstantiationStrategy
instanceKlass jakarta/el/ELResolver
instanceKlass org/springframework/beans/factory/BeanNameAware
instanceKlass jakarta/el/Expression
instanceKlass jakarta/inject/Provider
instanceKlass jakarta/el/ExpressionFactory$CacheKey
instanceKlass jakarta/el/Util$CacheValue
instanceKlass jakarta/el/Util
instanceKlass org/springframework/beans/factory/ObjectProvider
instanceKlass org/springframework/beans/factory/ObjectFactory
instanceKlass java/util/concurrent/locks/ReentrantReadWriteLock$WriteLock
instanceKlass java/util/concurrent/locks/ReentrantReadWriteLock$ReadLock
instanceKlass java/util/concurrent/locks/ReentrantReadWriteLock
instanceKlass java/util/concurrent/locks/ReadWriteLock
instanceKlass jakarta/el/ExpressionFactory$CacheValue
instanceKlass org/springframework/beans/factory/support/AutowireCandidateResolver
instanceKlass jakarta/el/ExpressionFactory
instanceKlass org/hibernate/validator/internal/util/ConcurrentReferenceHashMap$HashEntry
instanceKlass org/springframework/core/AttributeAccessorSupport
instanceKlass org/hibernate/validator/internal/engine/messageinterpolation/DefaultLocaleResolverContext
instanceKlass org/hibernate/validator/internal/util/logging/Messages_$bundle
instanceKlass org/springframework/beans/factory/InjectionPoint
instanceKlass org/springframework/util/ReflectionUtils$MethodCallback
instanceKlass org/jboss/logging/Messages
instanceKlass org/springframework/beans/PropertyValues
instanceKlass org/hibernate/validator/internal/util/logging/Messages
instanceKlass org/springframework/beans/BeanWrapper
instanceKlass org/springframework/beans/ConfigurablePropertyAccessor
instanceKlass org/springframework/beans/PropertyAccessor
instanceKlass org/hibernate/validator/internal/engine/messageinterpolation/DefaultLocaleResolver
instanceKlass org/hibernate/validator/internal/util/Contracts
instanceKlass org/springframework/beans/factory/support/InstantiationStrategy
instanceKlass java/lang/reflect/AnnotatedType
instanceKlass  @bci java/util/ResourceBundle$Control <clinit> ()V 39 <appendix> argL0 ; # java/util/ResourceBundle$Control$$Lambda+0x80000001e
instanceKlass java/util/ResourceBundle
instanceKlass java/util/ResourceBundle$Control
instanceKlass org/hibernate/validator/resourceloading/PlatformResourceBundleLocator
instanceKlass org/springframework/beans/factory/DisposableBean
instanceKlass org/hibernate/validator/spi/messageinterpolation/LocaleResolverContext
instanceKlass org/hibernate/validator/messageinterpolation/AbstractMessageInterpolator
instanceKlass org/hibernate/validator/constraintvalidation/HibernateConstraintValidatorInitializationContext
instanceKlass org/hibernate/validator/internal/engine/ValidatorFactoryScopedContext
instanceKlass org/springframework/core/SimpleAliasRegistry
instanceKlass org/hibernate/validator/internal/metadata/aggregated/rule/MethodConfigurationRule
instanceKlass org/hibernate/validator/internal/engine/MethodValidationConfiguration
instanceKlass org/hibernate/validator/spi/messageinterpolation/LocaleResolver
instanceKlass org/hibernate/validator/spi/cfg/ConstraintMappingContributor
instanceKlass org/hibernate/validator/spi/scripting/ScriptEvaluatorFactory
instanceKlass org/hibernate/validator/spi/cfg/ConstraintMappingContributor$ConstraintMappingBuilder
instanceKlass org/hibernate/validator/metadata/BeanMetaDataClassNormalizer
instanceKlass org/hibernate/validator/internal/engine/ValidatorFactoryConfigurationHelper
instanceKlass org/hibernate/validator/internal/metadata/BeanMetaDataManager
instanceKlass jakarta/validation/Validator
instanceKlass org/hibernate/validator/HibernateValidatorContext
instanceKlass org/springframework/util/AntPathMatcher$PathSeparatorPatternCache
instanceKlass org/hibernate/validator/internal/engine/constraintvalidation/ConstraintValidatorManager
instanceKlass jakarta/validation/ValidatorContext
instanceKlass  @bci java/util/regex/Pattern negate (Ljava/util/regex/Pattern$CharPredicate;)Ljava/util/regex/Pattern$CharPredicate; 1 <appendix> member <vmtarget> ; # java/util/regex/Pattern$$Lambda+0x80000002f
instanceKlass org/hibernate/validator/internal/engine/ValidatorFactoryImpl
instanceKlass org/hibernate/validator/HibernateValidatorFactory
instanceKlass org/springframework/util/AntPathMatcher
instanceKlass  @bci org/springframework/core/io/support/PathMatchingResourcePatternResolver <clinit> ()V 57 <appendix> argL0 ; # org/springframework/core/io/support/PathMatchingResourcePatternResolver$$Lambda+0x0000000013132240
instanceKlass org/hibernate/validator/internal/engine/resolver/JPATraversableResolver
instanceKlass  @bci java/util/stream/Collectors toSet ()Ljava/util/stream/Collector; 14 <appendix> argL0 ; # java/util/stream/Collectors$$Lambda+0x800000040
instanceKlass  @bci java/util/stream/Collectors toSet ()Ljava/util/stream/Collector; 9 <appendix> argL0 ; # java/util/stream/Collectors$$Lambda+0x800000038
instanceKlass jakarta/persistence/Persistence$PersistenceUtilImpl
instanceKlass  @bci java/util/stream/Collectors toSet ()Ljava/util/stream/Collector; 4 <appendix> argL0 ; # java/util/stream/Collectors$$Lambda+0x800000045
instanceKlass  @bci org/springframework/core/io/support/PathMatchingResourcePatternResolver <clinit> ()V 33 <appendix> argL0 ; # org/springframework/core/io/support/PathMatchingResourcePatternResolver$$Lambda+0x0000000013131b88
instanceKlass jdk/internal/module/ModuleResolution
instanceKlass jdk/internal/module/ModuleHashes$Builder
instanceKlass org/hibernate/validator/internal/util/ReflectionHelper
instanceKlass jdk/internal/module/Builder
instanceKlass jdk/internal/module/SystemModules$all
instanceKlass jdk/internal/module/SystemModules
instanceKlass jdk/internal/module/SystemModulesMap
instanceKlass jdk/internal/module/SystemModuleFinders
instanceKlass org/springframework/util/PathMatcher
instanceKlass org/hibernate/validator/internal/util/privilegedactions/NewInstance
instanceKlass jakarta/persistence/EntityManagerFactory
instanceKlass org/springframework/core/io/support/PathMatchingResourcePatternResolver
instanceKlass jakarta/persistence/PersistenceUtil
instanceKlass org/hibernate/validator/internal/util/privilegedactions/GetMethod
instanceKlass jakarta/persistence/Persistence
instanceKlass org/hibernate/validator/internal/util/privilegedactions/LoadClass
instanceKlass org/springframework/beans/factory/config/Scope
instanceKlass jakarta/validation/TraversableResolver
instanceKlass org/hibernate/validator/internal/engine/resolver/TraversableResolvers
instanceKlass org/springframework/beans/factory/config/BeanDefinition
instanceKlass org/springframework/beans/BeanMetadataElement
instanceKlass org/springframework/core/AttributeAccessor
instanceKlass org/hibernate/validator/internal/xml/config/BootstrapConfigurationImpl
instanceKlass jakarta/validation/BootstrapConfiguration
instanceKlass org/springframework/beans/factory/config/ConfigurableListableBeanFactory
instanceKlass org/springframework/context/LifecycleProcessor
instanceKlass org/hibernate/validator/internal/xml/config/ResourceLoaderHelper
instanceKlass org/springframework/beans/PropertyEditorRegistrar
instanceKlass org/springframework/beans/factory/config/BeanExpressionResolver
instanceKlass org/springframework/core/SmartClassLoader
instanceKlass org/springframework/beans/factory/config/BeanPostProcessor
instanceKlass org/springframework/beans/factory/config/AutowireCapableBeanFactory
instanceKlass javax/xml/transform/Source
instanceKlass org/hibernate/validator/internal/xml/config/ValidationXmlParser
instanceKlass org/hibernate/validator/internal/util/privilegedactions/GetInstancesFromServiceLoader
instanceKlass jakarta/validation/valueextraction/ValueExtractor
instanceKlass org/hibernate/validator/internal/util/privilegedactions/GetClassLoader
instanceKlass org/springframework/beans/factory/support/BeanDefinitionRegistry
instanceKlass org/springframework/core/AliasRegistry
instanceKlass org/hibernate/validator/internal/engine/DefaultPropertyNodeNameProvider
instanceKlass org/hibernate/validator/internal/engine/DefaultClockProvider
instanceKlass org/hibernate/validator/internal/engine/DefaultParameterNameProvider
instanceKlass org/hibernate/validator/internal/engine/constraintvalidation/ConstraintValidatorFactoryImpl
instanceKlass org/hibernate/validator/internal/xml/config/ValidationBootstrapParameters
instanceKlass org/hibernate/validator/internal/engine/MethodValidationConfiguration$Builder
instanceKlass org/springframework/ui/context/ThemeSource
instanceKlass org/springframework/boot/web/context/ConfigurableWebServerApplicationContext
instanceKlass org/springframework/boot/web/context/WebServerApplicationContext
instanceKlass org/hibernate/validator/internal/util/CollectionHelper
instanceKlass org/springframework/context/annotation/AnnotationConfigRegistry
instanceKlass org/jboss/logging/Slf4jLocationAwareLogger$1
instanceKlass org/jboss/logging/AbstractLoggerProvider
instanceKlass  @bci org/springframework/boot/DefaultApplicationContextFactory create (Lorg/springframework/boot/WebApplicationType;)Lorg/springframework/context/ConfigurableApplicationContext; 8 <appendix> member <vmtarget> ; # org/springframework/boot/DefaultApplicationContextFactory$$Lambda+0x0000000013124fc0
instanceKlass  @bci org/springframework/boot/DefaultApplicationContextFactory create (Lorg/springframework/boot/WebApplicationType;)Lorg/springframework/context/ConfigurableApplicationContext; 2 <appendix> argL0 ; # org/springframework/boot/DefaultApplicationContextFactory$$Lambda+0x0000000013124d88
instanceKlass org/jboss/logging/LoggerProvider
instanceKlass org/springframework/boot/SpringApplicationBannerPrinter$PrintedBanner
instanceKlass org/jboss/logging/LoggerProviders
instanceKlass org/jboss/logging/DelegatingBasicLogger
instanceKlass org/jboss/logging/SecurityActions
instanceKlass org/jboss/logging/LoggingLocale
instanceKlass org/hibernate/validator/internal/util/logging/Log
# instanceKlass java/lang/invoke/LambdaForm$MH+0x0000000013120000
instanceKlass org/hibernate/validator/internal/util/logging/LoggerFactory
instanceKlass org/hibernate/validator/internal/util/Version
instanceKlass org/hibernate/validator/cfg/ConstraintMapping
instanceKlass org/hibernate/validator/spi/properties/GetterPropertySelectionStrategy
instanceKlass java/io/Console$1
instanceKlass jdk/internal/access/JavaIOAccess
instanceKlass org/hibernate/validator/spi/resourceloading/ResourceBundleLocator
instanceKlass jdk/internal/io/JdkConsoleImpl
instanceKlass jakarta/validation/MessageInterpolator
instanceKlass java/util/AbstractMap$ValueIterator
instanceKlass jdk/internal/org/jline/JdkConsoleProviderImpl
instanceKlass org/hibernate/validator/spi/nodenameprovider/PropertyNodeNameProvider
instanceKlass jdk/internal/io/JdkConsole
instanceKlass jdk/jshell/execution/impl/ConsoleImpl$ConsoleProviderImpl
instanceKlass jakarta/validation/ClockProvider
instanceKlass jakarta/validation/ParameterNameProvider
instanceKlass jdk/internal/module/ModulePatcher$PatchedModuleReader
instanceKlass jakarta/validation/ConstraintValidatorFactory
instanceKlass java/util/ServiceLoader$LayerLookupIterator
instanceKlass jdk/internal/io/JdkConsoleProvider
instanceKlass java/io/Console
instanceKlass org/hibernate/validator/internal/engine/AbstractConfigurationImpl
instanceKlass org/springframework/boot/SpringBootVersion
instanceKlass jakarta/validation/spi/ConfigurationState
instanceKlass org/hibernate/validator/HibernateValidatorConfiguration
instanceKlass org/hibernate/validator/BaseHibernateValidatorConfiguration
instanceKlass jakarta/validation/ValidatorFactory
instanceKlass jakarta/validation/Configuration
instanceKlass org/hibernate/validator/HibernateValidator
instanceKlass jakarta/validation/spi/ValidationProvider
instanceKlass jakarta/validation/Validation$GetValidationProviderListAction
instanceKlass org/springframework/core/io/ContextResource
instanceKlass jakarta/validation/Validation$DefaultValidationProviderResolver
instanceKlass jakarta/validation/ValidationProviderResolver
instanceKlass jakarta/validation/Validation$GenericBootstrapImpl
instanceKlass jakarta/validation/spi/BootstrapState
instanceKlass jakarta/validation/bootstrap/GenericBootstrap
instanceKlass org/springframework/boot/SpringBootBanner
instanceKlass jakarta/validation/bootstrap/ProviderSpecificBootstrap
instanceKlass jakarta/validation/Validation
instanceKlass org/springframework/boot/Banner
instanceKlass org/springframework/boot/SpringApplicationBannerPrinter
instanceKlass org/springframework/boot/autoconfigure/BackgroundPreinitializer$ValidationInitializer
instanceKlass  @bci org/springframework/boot/DefaultApplicationContextFactory getEnvironmentType (Lorg/springframework/boot/WebApplicationType;)Ljava/lang/Class; 2 <appendix> argL0 ; # org/springframework/boot/DefaultApplicationContextFactory$$Lambda+0x00000000131162f0
instanceKlass org/springframework/boot/EnvironmentConverter
instanceKlass java/util/AbstractList$Itr
instanceKlass org/springframework/boot/autoconfigure/BackgroundPreinitializer$ConversionServiceInitializer
instanceKlass  @bci org/springframework/boot/context/properties/bind/JavaBeanBinder$BeanProperty getValue (Ljava/util/function/Supplier;)Ljava/util/function/Supplier; 11 <appendix> member <vmtarget> ; # org/springframework/boot/context/properties/bind/JavaBeanBinder$BeanProperty$$Lambda+0x0000000013115c80
instanceKlass  @bci org/springframework/boot/context/properties/bind/JavaBeanBinder determinePropertyName (Lorg/springframework/boot/context/properties/bind/JavaBeanBinder$BeanProperty;)Ljava/lang/String; 51 <appendix> argL0 ; # org/springframework/boot/context/properties/bind/JavaBeanBinder$$Lambda+0x0000000013115a38
instanceKlass  @bci org/springframework/boot/context/properties/bind/JavaBeanBinder determinePropertyName (Lorg/springframework/boot/context/properties/bind/JavaBeanBinder$BeanProperty;)Ljava/lang/String; 43 <appendix> member <vmtarget> ; # org/springframework/boot/context/properties/bind/JavaBeanBinder$$Lambda+0x00000000131157e8
instanceKlass  @bci org/springframework/boot/context/properties/bind/JavaBeanBinder determinePropertyName (Lorg/springframework/boot/context/properties/bind/JavaBeanBinder$BeanProperty;)Ljava/lang/String; 21 <appendix> argL0 ; # org/springframework/boot/context/properties/bind/JavaBeanBinder$$Lambda+0x0000000013115590
instanceKlass  @bci org/springframework/boot/context/properties/bind/JavaBeanBinder$Bean getSupplier (Lorg/springframework/boot/context/properties/bind/Bindable;)Lorg/springframework/boot/context/properties/bind/JavaBeanBinder$BeanSupplier; 6 <appendix> member <vmtarget> ; # org/springframework/boot/context/properties/bind/JavaBeanBinder$Bean$$Lambda+0x0000000013115360
instanceKlass org/springframework/boot/context/properties/bind/JavaBeanBinder$BeanSupplier
instanceKlass  @bci org/springframework/boot/context/properties/bind/JavaBeanBinder$BeanProperties addProperties ([Ljava/lang/reflect/Method;[Ljava/lang/reflect/Field;)V 140 <appendix> argL0 ; # org/springframework/boot/context/properties/bind/JavaBeanBinder$BeanProperties$$Lambda+0x0000000013114ef0
instanceKlass  @bci org/springframework/boot/context/properties/bind/JavaBeanBinder$BeanProperties addProperties ([Ljava/lang/reflect/Method;[Ljava/lang/reflect/Field;)V 98 <appendix> argL0 ; # org/springframework/boot/context/properties/bind/JavaBeanBinder$BeanProperties$$Lambda+0x0000000013114cb8
instanceKlass  @bci org/springframework/boot/context/properties/bind/JavaBeanBinder$BeanProperties addMethodIfPossible (Ljava/lang/reflect/Method;Ljava/lang/String;ILjava/util/function/BiConsumer;)V 62 <appendix> member <vmtarget> ; # org/springframework/boot/context/properties/bind/JavaBeanBinder$BeanProperties$$Lambda+0x0000000013114a68
instanceKlass java/beans/Introspector$1
instanceKlass jdk/internal/access/JavaBeansAccess
instanceKlass java/beans/FeatureDescriptor
instanceKlass java/beans/Introspector
instanceKlass  @bci org/springframework/boot/context/properties/bind/JavaBeanBinder$BeanProperties addProperties ([Ljava/lang/reflect/Method;[Ljava/lang/reflect/Field;)V 56 <appendix> argL0 ; # org/springframework/boot/context/properties/bind/JavaBeanBinder$BeanProperties$$Lambda+0x0000000013114830
instanceKlass org/springframework/boot/context/properties/bind/JavaBeanBinder$BeanProperty
instanceKlass  @bci org/springframework/boot/context/properties/bind/JavaBeanBinder$BeanProperties addProperties (Ljava/lang/Class;)V 40 <appendix> argL0 ; # org/springframework/boot/context/properties/bind/JavaBeanBinder$BeanProperties$$Lambda+0x0000000013114378
instanceKlass  @bci org/springframework/boot/context/properties/bind/JavaBeanBinder$BeanProperties addProperties (Ljava/lang/Class;)V 35 <appendix> argL0 ; # org/springframework/boot/context/properties/bind/JavaBeanBinder$BeanProperties$$Lambda+0x0000000013114130
instanceKlass org/springframework/core/BridgeMethodResolver
instanceKlass  @bci org/springframework/boot/context/properties/bind/JavaBeanBinder$BeanProperties addProperties (Ljava/lang/Class;)V 21 <appendix> argL0 ; # org/springframework/boot/context/properties/bind/JavaBeanBinder$BeanProperties$$Lambda+0x0000000013113a88
instanceKlass  @bci org/springframework/boot/context/properties/bind/JavaBeanBinder$BeanProperties addProperties (Ljava/lang/Class;)V 16 <appendix> member <vmtarget> ; # org/springframework/boot/context/properties/bind/JavaBeanBinder$BeanProperties$$Lambda+0x0000000013113838
instanceKlass java/util/Collections$2
instanceKlass  @bci org/springframework/boot/context/properties/bind/Bindable withExistingValue (Ljava/lang/Object;)Lorg/springframework/boot/context/properties/bind/Bindable; 70 <appendix> member <vmtarget> ; # org/springframework/boot/context/properties/bind/Bindable$$Lambda+0x0000000013113608
instanceKlass  @bci org/springframework/boot/context/properties/bind/Bindable withExistingValue (Ljava/lang/Object;)Lorg/springframework/boot/context/properties/bind/Bindable; 57 <appendix> argL0 ; # org/springframework/boot/context/properties/bind/Bindable$$Lambda+0x00000000131133e0
instanceKlass  @bci org/springframework/boot/context/properties/bind/Bindable withExistingValue (Ljava/lang/Object;)Lorg/springframework/boot/context/properties/bind/Bindable; 34 <appendix> member <vmtarget> ; # org/springframework/boot/context/properties/bind/Bindable$$Lambda+0x00000000131131b0
instanceKlass org/springframework/boot/autoconfigure/BackgroundPreinitializer$1
instanceKlass  @bci org/springframework/boot/logging/logback/LogbackLoggingSystem getShutdownHandler ()Ljava/lang/Runnable; 1 <appendix> member <vmtarget> ; # org/springframework/boot/logging/logback/LogbackLoggingSystem$$Lambda+0x0000000013112b28
instanceKlass  @bci org/springframework/boot/context/logging/LoggingApplicationListener setLogLevels (Lorg/springframework/boot/logging/LoggingSystem;Lorg/springframework/core/env/ConfigurableEnvironment;)V 40 <appendix> member <vmtarget> ; # org/springframework/boot/context/logging/LoggingApplicationListener$$Lambda+0x00000000131128e8
instanceKlass  @bci org/springframework/boot/context/logging/LoggingApplicationListener setLogLevels (Lorg/springframework/boot/logging/LoggingSystem;Lorg/springframework/core/env/ConfigurableEnvironment;)V 23 <appendix> argL0 ; # org/springframework/boot/context/logging/LoggingApplicationListener$$Lambda+0x00000000131126c0
instanceKlass  @bci org/springframework/boot/context/logging/LoggingApplicationListener getLogLevelConfigurer (Lorg/springframework/boot/logging/LoggingSystem;)Ljava/util/function/BiConsumer; 2 <appendix> member <vmtarget> ; # org/springframework/boot/context/logging/LoggingApplicationListener$$Lambda+0x0000000013112480
instanceKlass  @bci org/springframework/boot/context/logging/LoggingApplicationListener bindLoggerGroups (Lorg/springframework/core/env/ConfigurableEnvironment;)V 31 <appendix> member <vmtarget> ; # org/springframework/boot/context/logging/LoggingApplicationListener$$Lambda+0x0000000013112240
instanceKlass ch/qos/logback/classic/pattern/TargetLengthBasedClassNameAbbreviator
instanceKlass ch/qos/logback/core/pattern/ConverterUtil
instanceKlass ch/qos/logback/classic/pattern/NamedConverter$CacheMissCalculator
instanceKlass ch/qos/logback/classic/pattern/Abbreviator
instanceKlass ch/qos/logback/core/pattern/FormatInfo
instanceKlass ch/qos/logback/core/pattern/util/AsIsEscapeUtil
instanceKlass ch/qos/logback/core/pattern/parser/OptionTokenizer
instanceKlass ch/qos/logback/core/pattern/util/RestrictedEscapeUtil
instanceKlass ch/qos/logback/core/pattern/parser/TokenStream
instanceKlass ch/qos/logback/core/pattern/util/RegularEscapeUtil
instanceKlass ch/qos/logback/classic/pattern/EnsureExceptionHandling
instanceKlass ch/qos/logback/core/pattern/parser/Token
instanceKlass ch/qos/logback/core/pattern/parser/Node
instanceKlass ch/qos/logback/core/pattern/util/IEscapeUtil
instanceKlass ch/qos/logback/core/pattern/PostCompileProcessor
instanceKlass java/util/logging/Logger$SystemLoggerHelper
instanceKlass ch/qos/logback/classic/jul/JULHelper
instanceKlass java/util/Vector$Itr
instanceKlass ch/qos/logback/core/subst/NodeToStringTransformer$1
instanceKlass ch/qos/logback/core/CoreConstants
instanceKlass ch/qos/logback/core/subst/Node
instanceKlass ch/qos/logback/core/subst/Parser$1
instanceKlass ch/qos/logback/core/subst/Parser
instanceKlass ch/qos/logback/core/subst/Token
instanceKlass ch/qos/logback/core/subst/Tokenizer
instanceKlass ch/qos/logback/core/subst/NodeToStringTransformer
instanceKlass  @bci org/springframework/boot/logging/logback/DefaultLogbackConfiguration <clinit> ()V 45 <appendix> form vmentry <vmtarget> ; # java/lang/invoke/LambdaForm$MH+0x0000000013100800
instanceKlass java/util/Collections$UnmodifiableMap$UnmodifiableEntrySet$UnmodifiableEntry
instanceKlass  @bci java/util/Collections$UnmodifiableMap$UnmodifiableEntrySet entryConsumer (Ljava/util/function/Consumer;)Ljava/util/function/Consumer; 1 <appendix> member <vmtarget> ; # java/util/Collections$UnmodifiableMap$UnmodifiableEntrySet$$Lambda+0x00000000130fcda0
instanceKlass  @bci org/springframework/boot/logging/logback/ColorConverter getName (Lorg/springframework/boot/ansi/AnsiElement;)Ljava/lang/String; 24 <appendix> argL0 ; # org/springframework/boot/logging/logback/ColorConverter$$Lambda+0x0000000013104260
instanceKlass  @bci org/springframework/boot/logging/logback/ColorConverter getName (Lorg/springframework/boot/ansi/AnsiElement;)Ljava/lang/String; 14 <appendix> member <vmtarget> ; # org/springframework/boot/logging/logback/ColorConverter$$Lambda+0x0000000013104000
instanceKlass java/util/HashMap$HashMapSpliterator
instanceKlass java/util/Collections$UnmodifiableMap$UnmodifiableEntrySet$UnmodifiableEntrySetSpliterator
instanceKlass  @bci org/springframework/boot/logging/logback/ColorConverter <clinit> ()V 25 <appendix> member <vmtarget> ; # org/springframework/boot/logging/logback/ColorConverter$$Lambda+0x00000000130fbd88
instanceKlass  @bci org/springframework/boot/logging/logback/ColorConverter <clinit> ()V 14 <appendix> argL0 ; # org/springframework/boot/logging/logback/ColorConverter$$Lambda+0x00000000130fbb30
instanceKlass ch/qos/logback/core/rolling/RollingPolicy
instanceKlass org/springframework/boot/logging/logback/DefaultLogbackConfiguration
instanceKlass  @bci org/springframework/boot/logging/logback/LogbackLoggingSystem lambda$loadDefaults$1 (Lch/qos/logback/classic/LoggerContext;Lorg/springframework/boot/logging/LoggingInitializationContext;Lorg/springframework/boot/logging/LogFile;)V 54 <appendix> member <vmtarget> ; # org/springframework/boot/logging/logback/LogbackLoggingSystem$$Lambda+0x00000000130f9b38
instanceKlass  @cpi org/springframework/boot/logging/logback/LogbackLoggingSystem 828 form vmentry <vmtarget> ; # java/lang/invoke/LambdaForm$DMH+0x0000000013100000
instanceKlass  @bci org/springframework/boot/logging/logback/LogbackLoggingSystem loadDefaults (Lorg/springframework/boot/logging/LoggingInitializationContext;Lorg/springframework/boot/logging/LogFile;)V 15 <appendix> member <vmtarget> ; # org/springframework/boot/logging/logback/LogbackLoggingSystem$$Lambda+0x00000000130f9908
instanceKlass java/lang/ThreadBuilders$BaseThreadFactory
instanceKlass java/lang/ThreadBuilders
instanceKlass java/lang/ThreadBuilders$BaseThreadBuilder
instanceKlass java/lang/Thread$Builder$OfVirtual
instanceKlass java/lang/Thread$Builder
instanceKlass ch/qos/logback/core/util/ExecutorServiceUtil$1
instanceKlass java/util/concurrent/ScheduledExecutorService
instanceKlass ch/qos/logback/core/util/ExecutorServiceUtil
instanceKlass ch/qos/logback/core/LifeCycleManager
instanceKlass  @bci org/springframework/boot/logging/logback/LogbackLoggingSystem putInitializationContextObjects (Lch/qos/logback/classic/LoggerContext;Lorg/springframework/boot/logging/LoggingInitializationContext;)V 3 <appendix> member <vmtarget> ; # org/springframework/boot/logging/logback/LogbackLoggingSystem$$Lambda+0x00000000130f8cf0
instanceKlass org/springframework/boot/logging/LoggingInitializationContext
instanceKlass org/springframework/boot/logging/LoggerGroup
instanceKlass  @bci org/springframework/boot/logging/LoggerGroups putAll (Ljava/util/Map;)V 2 <appendix> member <vmtarget> ; # org/springframework/boot/logging/LoggerGroups$$Lambda+0x00000000130f8678
instanceKlass org/springframework/boot/logging/LoggerGroups
instanceKlass org/springframework/boot/logging/LogFile
instanceKlass  @bci org/springframework/boot/logging/LoggingSystemProperties apply (Lorg/springframework/boot/logging/LogFile;Lorg/springframework/core/env/PropertyResolver;)V 79 <appendix> member <vmtarget> ; # org/springframework/boot/logging/LoggingSystemProperties$$Lambda+0x00000000130f4a50
instanceKlass  @bci org/springframework/boot/logging/LoggingSystemProperties apply (Lorg/springframework/boot/logging/LogFile;Lorg/springframework/core/env/PropertyResolver;)V 65 <appendix> member <vmtarget> ; # org/springframework/boot/logging/LoggingSystemProperties$$Lambda+0x00000000130f4800
instanceKlass org/springframework/core/convert/support/ConversionUtils
instanceKlass java/util/concurrent/ConcurrentLinkedDeque$AbstractItr
instanceKlass org/springframework/core/convert/support/GenericConversionService$ConverterCacheKey
instanceKlass java/util/LinkedList$ListItr
instanceKlass  @bci org/springframework/util/PlaceholderParser replacePlaceholders (Ljava/lang/String;Lorg/springframework/util/PropertyPlaceholderHelper$PlaceholderResolver;)Ljava/lang/String; 30 <appendix> member <vmtarget> ; # org/springframework/util/PlaceholderParser$$Lambda+0x00000000130f5940
instanceKlass org/springframework/util/PlaceholderParser$PartResolutionContext
instanceKlass java/util/LinkedList$Node
instanceKlass org/springframework/util/PlaceholderParser$AbstractPart
instanceKlass  @bci org/springframework/core/env/AbstractPropertyResolver doResolvePlaceholders (Ljava/lang/String;Lorg/springframework/util/PropertyPlaceholderHelper;)Ljava/lang/String; 3 <appendix> member <vmtarget> ; # org/springframework/core/env/AbstractPropertyResolver$$Lambda+0x00000000130f7a80
instanceKlass  @cpi org/springframework/boot/context/properties/bind/PropertySourcesPlaceholdersResolver 137 form vmentry <vmtarget> ; # java/lang/invoke/LambdaForm$DMH+0x00000000130f4400
instanceKlass org/springframework/boot/context/properties/source/ConfigurationProperty
instanceKlass org/springframework/boot/origin/PropertySourceOrigin
instanceKlass  @bci java/util/function/Function identity ()Ljava/util/function/Function; 0 <appendix> argL0 ; # java/util/function/Function$$Lambda+0x000000001303e120
instanceKlass  @bci org/springframework/boot/logging/AbstractLoggingSystem getDefaultValueResolver (Lorg/springframework/core/env/Environment;)Ljava/util/function/Function; 7 <appendix> member <vmtarget> ; # org/springframework/boot/logging/AbstractLoggingSystem$$Lambda+0x00000000130f6f30
instanceKlass org/jboss/logging/Logger
instanceKlass org/jboss/logging/BasicLogger
instanceKlass  @bci org/springframework/boot/logging/LoggingSystemProperties <clinit> ()V 0 <appendix> argL0 ; # org/springframework/boot/logging/LoggingSystemProperties$$Lambda+0x00000000130f32c0
instanceKlass  @cpi org/springframework/boot/logging/LoggingSystemProperties 303 form vmentry <vmtarget> ; # java/lang/invoke/LambdaForm$DMH+0x00000000130f4000
instanceKlass org/springframework/boot/ansi/AnsiElement
instanceKlass  @bci org/springframework/boot/context/config/AnsiOutputApplicationListener onApplicationEvent (Lorg/springframework/boot/context/event/ApplicationEnvironmentPreparedEvent;)V 16 <appendix> argL0 ; # org/springframework/boot/context/config/AnsiOutputApplicationListener$$Lambda+0x00000000130f2618
instanceKlass org/springframework/boot/ansi/AnsiOutput
instanceKlass  @bci org/springframework/boot/context/config/InvalidConfigDataPropertyException throwIfPropertyFound (Lorg/springframework/boot/context/config/ConfigDataEnvironmentContributor;)V 14 <appendix> member <vmtarget> ; # org/springframework/boot/context/config/InvalidConfigDataPropertyException$$Lambda+0x00000000130f1f78
instanceKlass  @bci org/springframework/boot/context/config/ConfigDataEnvironmentContributor hasAnyProfileSpecificChildren (Ljava/util/List;)Z 73 <appendix> argL0 ; # org/springframework/boot/context/config/ConfigDataEnvironmentContributor$$Lambda+0x00000000130f1aa0
instanceKlass  @bci org/springframework/boot/context/config/ConfigDataLocationResolvers resolve (Lorg/springframework/boot/context/config/ConfigDataLocationResolver;Lorg/springframework/boot/context/config/ConfigDataLocationResolverContext;Lorg/springframework/boot/context/config/ConfigDataLocation;Lorg/springframework/boot/context/config/Profiles;)Ljava/util/List; 32 <appendix> member <vmtarget> ; # org/springframework/boot/context/config/ConfigDataLocationResolvers$$Lambda+0x00000000130f1870
instanceKlass  @bci org/springframework/boot/context/config/Profiles expandProfiles (Ljava/util/List;)Ljava/util/List; 92 <appendix> member <vmtarget> ; # org/springframework/boot/context/config/Profiles$$Lambda+0x00000000130f1630
instanceKlass  @bci org/springframework/boot/context/config/Profiles expandProfiles (Ljava/util/List;)Ljava/util/List; 19 <appendix> member <vmtarget> ; # org/springframework/boot/context/config/Profiles$$Lambda+0x00000000130f13f0
instanceKlass  @cpi org/springframework/boot/context/config/Profiles 380 form vmentry <vmtarget> ; # java/lang/invoke/LambdaForm$DMH+0x00000000130e9c00
instanceKlass  @bci org/springframework/boot/context/config/Profiles$Type <clinit> ()V 33 <appendix> argL0 ; # org/springframework/boot/context/config/Profiles$Type$$Lambda+0x00000000130f0fa8
instanceKlass  @bci org/springframework/boot/context/config/Profiles$Type <clinit> ()V 9 <appendix> argL0 ; # org/springframework/boot/context/config/Profiles$Type$$Lambda+0x00000000130f0d60
instanceKlass  @bci org/springframework/boot/context/config/Profiles <init> (Lorg/springframework/core/env/Environment;Lorg/springframework/boot/context/properties/bind/Binder;Ljava/util/Collection;)V 14 <appendix> argL0 ; # org/springframework/boot/context/config/Profiles$$Lambda+0x00000000130f08e8
instanceKlass org/springframework/boot/context/properties/bind/MapBinder$EntryBinder
instanceKlass  @bci org/springframework/boot/context/properties/bind/MapBinder bindAggregate (Lorg/springframework/boot/context/properties/source/ConfigurationPropertyName;Lorg/springframework/boot/context/properties/bind/Bindable;Lorg/springframework/boot/context/properties/bind/AggregateElementBinder;)Ljava/lang/Object; 186 <appendix> member <vmtarget> ; # org/springframework/boot/context/properties/bind/MapBinder$$Lambda+0x00000000130f0468
instanceKlass org/springframework/core/CollectionFactory
instanceKlass  @bci org/springframework/boot/context/config/ConfigDataEnvironment getIncludedProfiles (Lorg/springframework/boot/context/config/ConfigDataEnvironmentContributors;Lorg/springframework/boot/context/config/ConfigDataActivationContext;)Ljava/util/Collection; 112 <appendix> member <vmtarget> ; # org/springframework/boot/context/config/ConfigDataEnvironment$$Lambda+0x00000000130eb738
instanceKlass  @bci org/springframework/boot/context/properties/bind/CollectionBinder bindAggregate (Lorg/springframework/boot/context/properties/source/ConfigurationPropertyName;Lorg/springframework/boot/context/properties/bind/Bindable;Lorg/springframework/boot/context/properties/bind/AggregateElementBinder;)Ljava/lang/Object; 38 <appendix> member <vmtarget> ; # org/springframework/boot/context/properties/bind/CollectionBinder$$Lambda+0x00000000130eb508
instanceKlass org/springframework/boot/context/config/Profiles
instanceKlass  @bci org/springframework/boot/context/config/ConfigDataEnvironment withProfiles (Lorg/springframework/boot/context/config/ConfigDataEnvironmentContributors;Lorg/springframework/boot/context/config/ConfigDataActivationContext;)Lorg/springframework/boot/context/config/ConfigDataActivationContext; 14 <appendix> argL0 ; # org/springframework/boot/context/config/ConfigDataEnvironment$$Lambda+0x00000000130eb038
instanceKlass  @bci org/springframework/boot/cloud/CloudPlatform$7 isDetected (Lorg/springframework/core/env/Environment;)Z 15 <appendix> member <vmtarget> ; # org/springframework/boot/cloud/CloudPlatform$7$$Lambda+0x00000000130eadd8
instanceKlass  @bci org/springframework/boot/context/config/ConfigDataEnvironmentContributors getBinderSources (Ljava/util/function/Predicate;)Ljava/util/Iterator; 24 <appendix> argL0 ; # org/springframework/boot/context/config/ConfigDataEnvironmentContributors$$Lambda+0x00000000130eab90
instanceKlass  @bci org/springframework/boot/context/config/ConfigDataEnvironmentContributors getBinderSources (Ljava/util/function/Predicate;)Ljava/util/Iterator; 8 <appendix> member <vmtarget> ; # org/springframework/boot/context/config/ConfigDataEnvironmentContributors$$Lambda+0x00000000130ea930
instanceKlass java/util/Spliterators$IteratorSpliterator
instanceKlass  @bci java/util/function/Predicate and (Ljava/util/function/Predicate;)Ljava/util/function/Predicate; 7 <appendix> member <vmtarget> ; # java/util/function/Predicate$$Lambda+0x000000001303d020
instanceKlass  @cpi org/springframework/util/ReflectionUtils$MethodFilter 50 form vmentry <vmtarget> ; # java/lang/invoke/LambdaForm$DMH+0x00000000130e9800
instanceKlass  @bci org/springframework/boot/context/config/ConfigDataEnvironmentContributors lambda$getBinder$4 (Ljava/util/function/Predicate;ZLorg/springframework/boot/context/config/ConfigDataActivationContext;)Ljava/util/Iterator; 4 <appendix> form vmentry <vmtarget> ; # java/lang/invoke/LambdaForm$DMH+0x00000000130e9400
instanceKlass  @bci org/springframework/boot/context/config/ConfigDataEnvironmentContributors lambda$getBinder$4 (Ljava/util/function/Predicate;ZLorg/springframework/boot/context/config/ConfigDataActivationContext;)Ljava/util/Iterator; 4 <appendix> member <vmtarget> ; # org/springframework/boot/context/config/ConfigDataEnvironmentContributors$$Lambda+0x00000000130ea6d0
instanceKlass  @cpi org/springframework/boot/context/config/ConfigDataEnvironmentContributors 522 form vmentry <vmtarget> ; # java/lang/invoke/LambdaForm$DMH+0x00000000130e9000
instanceKlass org/springframework/boot/context/config/ConfigDataEnvironmentContributors$InactiveSourceChecker
instanceKlass  @bci org/springframework/boot/context/config/ConfigDataEnvironmentContributors getBinder (Lorg/springframework/boot/context/config/ConfigDataActivationContext;Ljava/util/function/Predicate;Ljava/util/Set;)Lorg/springframework/boot/context/properties/bind/Binder; 16 <adapter> ; # java/lang/invoke/LambdaForm$MH+0x00000000130e8c00
# instanceKlass java/lang/invoke/LambdaForm$DMH+0x00000000130e8800
instanceKlass  @bci org/springframework/boot/context/config/ConfigDataEnvironmentContributors getBinder (Lorg/springframework/boot/context/config/ConfigDataActivationContext;Ljava/util/function/Predicate;Ljava/util/Set;)Lorg/springframework/boot/context/properties/bind/Binder; 16 <appendix> form vmentry <vmtarget> ; # java/lang/invoke/LambdaForm$DMH+0x00000000130e8400
instanceKlass  @bci org/springframework/boot/context/config/ConfigDataEnvironmentContributors getBinder (Lorg/springframework/boot/context/config/ConfigDataActivationContext;Ljava/util/function/Predicate;Ljava/util/Set;)Lorg/springframework/boot/context/properties/bind/Binder; 16 <appendix> member <vmtarget> ; # org/springframework/boot/context/config/ConfigDataEnvironmentContributors$$Lambda+0x00000000130ea208
instanceKlass org/springframework/boot/context/properties/bind/DefaultValue
instanceKlass org/springframework/boot/context/properties/bind/DataObjectPropertyName
instanceKlass org/springframework/boot/context/properties/bind/ValueObjectBinder$ConstructorParameter
instanceKlass org/springframework/core/SerializableTypeWrapper$MethodInvokeTypeProvider
instanceKlass  @bci java/lang/reflect/Proxy getProxyConstructor (Ljava/lang/ClassLoader;[Ljava/lang/Class;)Ljava/lang/reflect/Constructor; 51 <appendix> argL0 ; # java/lang/reflect/Proxy$$Lambda+0x000000001303cde8
instanceKlass org/springframework/core/SerializableTypeWrapper$TypeProxyInvocationHandler
instanceKlass sun/reflect/generics/tree/MethodTypeSignature
instanceKlass sun/reflect/generics/tree/VoidDescriptor
instanceKlass org/springframework/core/SerializableTypeWrapper$MethodParameterTypeProvider
instanceKlass  @bci org/springframework/core/MethodParameter validateIndex (Ljava/lang/reflect/Executable;I)I 21 <appendix> member <vmtarget> ; # org/springframework/core/MethodParameter$$Lambda+0x00000000130eeea0
instanceKlass org/springframework/core/MethodParameter
instanceKlass org/springframework/boot/context/properties/bind/Name
instanceKlass  @bci org/springframework/boot/context/properties/bind/DefaultBindConstructorProvider$Constructors getConstructors (Ljava/lang/Class;Z)Lorg/springframework/boot/context/properties/bind/DefaultBindConstructorProvider$Constructors; 123 <appendix> member <vmtarget> ; # org/springframework/boot/context/properties/bind/DefaultBindConstructorProvider$Constructors$$Lambda+0x00000000130edf40
instanceKlass org/springframework/boot/context/properties/bind/ConstructorBinding
instanceKlass  @bci org/springframework/boot/context/properties/bind/DefaultBindConstructorProvider$Constructors getCandidateConstructors (Ljava/lang/Class;)[Ljava/lang/reflect/Constructor; 29 <appendix> argL0 ; # org/springframework/boot/context/properties/bind/DefaultBindConstructorProvider$Constructors$$Lambda+0x00000000130ed910
instanceKlass  @bci org/springframework/boot/context/properties/bind/DefaultBindConstructorProvider$Constructors getCandidateConstructors (Ljava/lang/Class;)[Ljava/lang/reflect/Constructor; 19 <appendix> argL0 ; # org/springframework/boot/context/properties/bind/DefaultBindConstructorProvider$Constructors$$Lambda+0x00000000130ed6b8
instanceKlass org/springframework/beans/factory/annotation/Autowired
instanceKlass  @bci org/springframework/boot/context/properties/bind/DefaultBindConstructorProvider$Constructors isAutowiredPresent (Ljava/lang/Class;)Z 17 <appendix> argL0 ; # org/springframework/boot/context/properties/bind/DefaultBindConstructorProvider$Constructors$$Lambda+0x00000000130ed258
instanceKlass  @bci org/springframework/boot/context/properties/bind/DefaultBindConstructorProvider$Constructors isAutowiredPresent (Ljava/lang/Class;)Z 7 <appendix> argL0 ; # org/springframework/boot/context/properties/bind/DefaultBindConstructorProvider$Constructors$$Lambda+0x00000000130ed010
instanceKlass org/springframework/boot/context/config/ConfigDataProperties$Activate
instanceKlass org/springframework/boot/context/properties/bind/DefaultBindConstructorProvider$Constructors
instanceKlass org/springframework/boot/context/properties/bind/AbstractBindHandler
instanceKlass org/springframework/boot/context/config/ConfigDataEnvironmentContributorPlaceholdersResolver
instanceKlass  @bci org/springframework/boot/env/PropertiesPropertySourceLoader loadProperties (Lorg/springframework/core/io/Resource;)Ljava/util/List; 58 <appendix> member <vmtarget> ; # org/springframework/boot/env/PropertiesPropertySourceLoader$$Lambda+0x00000000130ec000
instanceKlass  @bci org/springframework/boot/env/OriginTrackedPropertiesLoader isNewDocument (Lorg/springframework/boot/env/OriginTrackedPropertiesLoader$CharacterReader;)Z 37 <appendix> member <vmtarget> ; # org/springframework/boot/env/OriginTrackedPropertiesLoader$$Lambda+0x00000000130e5c10
instanceKlass  @cpi org/springframework/boot/env/OriginTrackedPropertiesLoader 259 form vmentry <vmtarget> ; # java/lang/invoke/LambdaForm$DMH+0x00000000130e8000
instanceKlass org/springframework/boot/origin/OriginTrackedValue
instanceKlass org/springframework/boot/origin/TextResourceOrigin
instanceKlass org/springframework/boot/origin/TextResourceOrigin$Location
instanceKlass org/springframework/boot/env/OriginTrackedPropertiesLoader$CharacterReader
instanceKlass org/springframework/boot/env/OriginTrackedPropertiesLoader$Document
instanceKlass org/springframework/boot/env/OriginTrackedPropertiesLoader
instanceKlass java/util/Formatter$Flags
instanceKlass java/util/Formattable
instanceKlass java/util/Formatter$FormatSpecifier
instanceKlass java/util/Formatter$Conversion
instanceKlass java/util/Formatter$FormatString
instanceKlass java/util/Formatter
instanceKlass org/springframework/boot/origin/OriginTrackedResource
instanceKlass  @bci org/springframework/boot/context/config/ConfigDataEnvironmentContributor withReplacement (Lorg/springframework/boot/context/config/ConfigDataEnvironmentContributor;Lorg/springframework/boot/context/config/ConfigDataEnvironmentContributor;)Lorg/springframework/boot/context/config/ConfigDataEnvironmentContributor; 31 <appendix> member <vmtarget> ; # org/springframework/boot/context/config/ConfigDataEnvironmentContributor$$Lambda+0x00000000130e7190
instanceKlass  @cpi org/springframework/boot/context/config/ConfigDataEnvironmentContributor 473 form vmentry <vmtarget> ; # java/lang/invoke/LambdaForm$DMH+0x00000000130e4c00
instanceKlass  @bci org/springframework/boot/context/config/ConfigDataEnvironmentContributors asContributors (Ljava/util/Map;)Ljava/util/List; 19 <appendix> member <vmtarget> ; # org/springframework/boot/context/config/ConfigDataEnvironmentContributors$$Lambda+0x00000000130e6f50
instanceKlass  @bci org/springframework/boot/context/config/ConfigDataEnvironmentContributors withProcessedImports (Lorg/springframework/boot/context/config/ConfigDataImporter;Lorg/springframework/boot/context/config/ConfigDataActivationContext;)Lorg/springframework/boot/context/config/ConfigDataEnvironmentContributors; 197 <appendix> member <vmtarget> ; # org/springframework/boot/context/config/ConfigDataEnvironmentContributors$$Lambda+0x00000000130e6d20
instanceKlass org/springframework/boot/context/config/ConfigData
instanceKlass  @bci org/springframework/boot/context/config/ConfigDataLoaders load (Lorg/springframework/boot/context/config/ConfigDataLoaderContext;Lorg/springframework/boot/context/config/ConfigDataResource;)Lorg/springframework/boot/context/config/ConfigData; 13 <appendix> member <vmtarget> ; # org/springframework/boot/context/config/ConfigDataLoaders$$Lambda+0x00000000130e68d8
instanceKlass  @bci org/springframework/boot/context/config/ConfigDataLoaders getLoader (Lorg/springframework/boot/context/config/ConfigDataLoaderContext;Lorg/springframework/boot/context/config/ConfigDataResource;)Lorg/springframework/boot/context/config/ConfigDataLoader; 120 <appendix> member <vmtarget> ; # org/springframework/boot/context/config/ConfigDataLoaders$$Lambda+0x00000000130e66a8
instanceKlass org/springframework/boot/context/config/ConfigDataResolutionResult
instanceKlass  @bci org/springframework/boot/context/config/StandardConfigDataLocationResolver resolvePatternEmptyDirectories (Lorg/springframework/boot/context/config/StandardConfigDataReference;)Ljava/util/Set; 87 <appendix> argL0 ; # org/springframework/boot/context/config/StandardConfigDataLocationResolver$$Lambda+0x00000000130e6250
instanceKlass  @bci org/springframework/boot/context/config/StandardConfigDataLocationResolver resolvePatternEmptyDirectories (Lorg/springframework/boot/context/config/StandardConfigDataReference;)Ljava/util/Set; 77 <appendix> member <vmtarget> ; # org/springframework/boot/context/config/StandardConfigDataLocationResolver$$Lambda+0x00000000130e6000
instanceKlass  @bci org/springframework/boot/context/config/StandardConfigDataLocationResolver resolvePatternEmptyDirectories (Lorg/springframework/boot/context/config/StandardConfigDataReference;)Ljava/util/Set; 66 <appendix> argL0 ; # org/springframework/boot/context/config/StandardConfigDataLocationResolver$$Lambda+0x00000000130e3c40
instanceKlass  @cpi org/springframework/context/annotation/ConfigurationClassParser 1006 form vmentry <vmtarget> ; # java/lang/invoke/LambdaForm$DMH+0x00000000130e4800
instanceKlass  @bci org/springframework/boot/context/config/LocationResourceLoader validatePattern (Ljava/lang/String;Lorg/springframework/boot/context/config/LocationResourceLoader$ResourceType;)V 93 <appendix> member <vmtarget> ; # org/springframework/boot/context/config/LocationResourceLoader$$Lambda+0x00000000130e32c0
instanceKlass  @bci org/springframework/boot/context/config/LocationResourceLoader validatePattern (Ljava/lang/String;Lorg/springframework/boot/context/config/LocationResourceLoader$ResourceType;)V 53 <appendix> member <vmtarget> ; # org/springframework/boot/context/config/LocationResourceLoader$$Lambda+0x00000000130e3090
instanceKlass  @bci org/springframework/boot/context/config/LocationResourceLoader validatePattern (Ljava/lang/String;Lorg/springframework/boot/context/config/LocationResourceLoader$ResourceType;)V 29 <appendix> member <vmtarget> ; # org/springframework/boot/context/config/LocationResourceLoader$$Lambda+0x00000000130e2e60
instanceKlass  @bci org/springframework/boot/context/config/LocationResourceLoader validatePattern (Ljava/lang/String;Lorg/springframework/boot/context/config/LocationResourceLoader$ResourceType;)V 6 <appendix> member <vmtarget> ; # org/springframework/boot/context/config/LocationResourceLoader$$Lambda+0x00000000130e2c30
instanceKlass org/springframework/core/io/WritableResource
instanceKlass  @bci org/springframework/boot/context/config/LocationResourceLoader validateNonPattern (Ljava/lang/String;)V 14 <appendix> member <vmtarget> ; # org/springframework/boot/context/config/LocationResourceLoader$$Lambda+0x00000000130e1fa0
instanceKlass  @bci jakarta/el/ExpressionFactory <clinit> ()V 68 <appendix> form vmentry <vmtarget> ; # java/lang/invoke/LambdaForm$MH+0x00000000130e4400
instanceKlass org/springframework/boot/context/config/StandardConfigDataReference
instanceKlass java/util/regex/IntHashSet
instanceKlass java/util/regex/Matcher
instanceKlass java/util/regex/MatchResult
instanceKlass  @bci org/springframework/boot/context/config/ConfigDataLocationResolvers resolve (Lorg/springframework/boot/context/config/ConfigDataLocationResolver;Lorg/springframework/boot/context/config/ConfigDataLocationResolverContext;Lorg/springframework/boot/context/config/ConfigDataLocation;Lorg/springframework/boot/context/config/Profiles;)Ljava/util/List; 6 <appendix> member <vmtarget> ; # org/springframework/boot/context/config/ConfigDataLocationResolvers$$Lambda+0x00000000130e1b20
instanceKlass org/springframework/boot/context/config/ConfigDataEnvironmentContributors$ContributorDataLoaderContext
instanceKlass org/springframework/boot/context/config/ConfigDataEnvironmentContributors$ContributorConfigDataLocationResolverContext
instanceKlass java/util/Collections$UnmodifiableCollection$1
instanceKlass org/springframework/boot/context/config/ConfigDataEnvironmentContributor$ContributorIterator
instanceKlass  @bci org/springframework/boot/DefaultBootstrapContext register (Ljava/lang/Class;Lorg/springframework/boot/BootstrapRegistry$InstanceSupplier;Z)V 60 <appendix> member <vmtarget> ; # org/springframework/boot/DefaultBootstrapContext$$Lambda+0x00000000130e1208
instanceKlass org/springframework/boot/BootstrapRegistry$InstanceSupplier$1
instanceKlass  @bci org/springframework/boot/BootstrapRegistry$InstanceSupplier from (Ljava/util/function/Supplier;)Lorg/springframework/boot/BootstrapRegistry$InstanceSupplier; 1 <appendix> member <vmtarget> ; # org/springframework/boot/BootstrapRegistry$InstanceSupplier$$Lambda+0x00000000130e0910
instanceKlass org/springframework/boot/BootstrapRegistry$InstanceSupplier
instanceKlass  @bci org/springframework/boot/context/config/ConfigDataEnvironment registerBootstrapBinder (Lorg/springframework/boot/context/config/ConfigDataEnvironmentContributors;Lorg/springframework/boot/context/config/ConfigDataActivationContext;[Lorg/springframework/boot/context/config/ConfigDataEnvironmentContributors$BinderOption;)V 9 <appendix> member <vmtarget> ; # org/springframework/boot/context/config/ConfigDataEnvironment$$Lambda+0x00000000130e04d8
instanceKlass org/springframework/boot/context/config/ConfigDataActivationContext
instanceKlass org/springframework/boot/context/config/ConfigDataImporter
instanceKlass  @bci org/springframework/boot/context/config/ConfigDataEnvironmentContributors <clinit> ()V 0 <appendix> argL0 ; # org/springframework/boot/context/config/ConfigDataEnvironmentContributors$$Lambda+0x00000000130db878
instanceKlass org/springframework/boot/context/config/ConfigDataLocationResolverContext
instanceKlass org/springframework/boot/context/config/ConfigDataLoaderContext
instanceKlass org/springframework/boot/context/config/ConfigDataEnvironmentContributors
instanceKlass org/springframework/boot/context/config/ConfigDataProperties
instanceKlass org/springframework/boot/context/config/ConfigDataEnvironmentContributor
instanceKlass org/springframework/boot/context/config/ConfigData$Options
instanceKlass org/springframework/boot/context/config/ConfigData$AlwaysPropertySourceOptions
instanceKlass org/springframework/boot/context/config/ConfigData$PropertySourceOptions
instanceKlass org/springframework/boot/context/config/StandardConfigDataLoader
instanceKlass org/springframework/boot/context/config/ConfigDataResource
instanceKlass org/springframework/boot/context/config/ConfigTreeConfigDataLoader
instanceKlass org/springframework/boot/context/config/ConfigDataLoader
instanceKlass  @bci org/springframework/boot/context/config/ConfigDataLoaders <init> (Lorg/springframework/boot/logging/DeferredLogFactory;Lorg/springframework/boot/ConfigurableBootstrapContext;Lorg/springframework/core/io/support/SpringFactoriesLoader;)V 66 <appendix> argL0 ; # org/springframework/boot/context/config/ConfigDataLoaders$$Lambda+0x00000000130deb60
instanceKlass org/springframework/boot/context/config/ConfigDataLoaders
instanceKlass org/springframework/boot/context/config/ConfigDataEnvironmentUpdateListener$1
instanceKlass org/springframework/boot/context/config/ConfigDataEnvironmentUpdateListener
instanceKlass  @bci org/springframework/boot/context/config/StandardConfigDataLocationResolver validateConfigName (Ljava/lang/String;)V 15 <appendix> member <vmtarget> ; # org/springframework/boot/context/config/StandardConfigDataLocationResolver$$Lambda+0x00000000130de2c8
instanceKlass  @bci org/springframework/boot/context/properties/bind/Binder lambda$bindAggregate$3 (Lorg/springframework/boot/context/properties/bind/AggregateBinder;Lorg/springframework/boot/context/properties/bind/BindHandler;Lorg/springframework/boot/context/properties/bind/Binder$Context;Lorg/springframework/boot/context/properties/source/ConfigurationPropertyName;Lorg/springframework/boot/context/properties/bind/Bindable;Lorg/springframework/boot/context/properties/source/ConfigurationPropertySource;)Ljava/lang/Object; 17 <adapter> ; # java/lang/invoke/LambdaForm$MH+0x00000000130d9800
# instanceKlass java/lang/invoke/LambdaForm$DMH+0x00000000130d9400
instanceKlass  @bci org/springframework/boot/context/properties/bind/Binder lambda$bindAggregate$3 (Lorg/springframework/boot/context/properties/bind/AggregateBinder;Lorg/springframework/boot/context/properties/bind/BindHandler;Lorg/springframework/boot/context/properties/bind/Binder$Context;Lorg/springframework/boot/context/properties/source/ConfigurationPropertyName;Lorg/springframework/boot/context/properties/bind/Bindable;Lorg/springframework/boot/context/properties/source/ConfigurationPropertySource;)Ljava/lang/Object; 17 <appendix> form vmentry <vmtarget> ; # java/lang/invoke/LambdaForm$DMH+0x00000000130d9000
instanceKlass  @bci org/springframework/boot/context/properties/bind/Binder lambda$bindAggregate$3 (Lorg/springframework/boot/context/properties/bind/AggregateBinder;Lorg/springframework/boot/context/properties/bind/BindHandler;Lorg/springframework/boot/context/properties/bind/Binder$Context;Lorg/springframework/boot/context/properties/source/ConfigurationPropertyName;Lorg/springframework/boot/context/properties/bind/Bindable;Lorg/springframework/boot/context/properties/source/ConfigurationPropertySource;)Ljava/lang/Object; 17 <appendix> member <vmtarget> ; # org/springframework/boot/context/properties/bind/Binder$$Lambda+0x00000000130de098
instanceKlass  @cpi org/springframework/boot/context/properties/bind/Binder 714 form vmentry <vmtarget> ; # java/lang/invoke/LambdaForm$DMH+0x00000000130d8c00
instanceKlass  @bci java/util/stream/StreamSpliterators$WrappingSpliterator initPartialTraversalState ()V 37 <appendix> member <vmtarget> ; # java/util/stream/StreamSpliterators$WrappingSpliterator$$Lambda+0x000000001303b2c0
instanceKlass java/util/function/BooleanSupplier
instanceKlass  @bci java/util/stream/StreamSpliterators$WrappingSpliterator initPartialTraversalState ()V 24 <appendix> member <vmtarget> ; # java/util/stream/StreamSpliterators$WrappingSpliterator$$Lambda+0x000000001303ae00
instanceKlass java/util/stream/StreamSpliterators
instanceKlass java/util/stream/StreamSpliterators$AbstractWrappingSpliterator
instanceKlass  @bci java/util/stream/AbstractPipeline spliterator ()Ljava/util/Spliterator; 103 <appendix> member <vmtarget> ; # java/util/stream/AbstractPipeline$$Lambda+0x000000001303a480
instanceKlass  @bci org/springframework/boot/context/properties/source/SpringIterableConfigurationPropertySource stream ()Ljava/util/stream/Stream; 9 <appendix> argL0 ; # org/springframework/boot/context/properties/source/SpringIterableConfigurationPropertySource$$Lambda+0x00000000130dde40
instanceKlass org/springframework/boot/context/properties/source/FilteredConfigurationPropertiesSource
instanceKlass  @bci org/springframework/boot/context/properties/bind/IndexedElementsBinder getKnownIndexedChildren (Lorg/springframework/boot/context/properties/source/ConfigurationPropertySource;Lorg/springframework/boot/context/properties/source/ConfigurationPropertyName;)Lorg/springframework/util/MultiValueMap; 34 <appendix> member <vmtarget> ; # org/springframework/boot/context/properties/bind/IndexedElementsBinder$$Lambda+0x00000000130dd5e8
instanceKlass  @bci org/springframework/boot/context/properties/bind/ArrayBinder bindAggregate (Lorg/springframework/boot/context/properties/source/ConfigurationPropertyName;Lorg/springframework/boot/context/properties/bind/Bindable;Lorg/springframework/boot/context/properties/bind/AggregateElementBinder;)Ljava/lang/Object; 4 <appendix> argL0 ; # org/springframework/boot/context/properties/bind/ArrayBinder$$Lambda+0x00000000130dd3c0
instanceKlass org/springframework/boot/context/properties/bind/AggregateBinder$AggregateSupplier
instanceKlass  @bci org/springframework/boot/context/properties/bind/Binder bindAggregate (Lorg/springframework/boot/context/properties/source/ConfigurationPropertyName;Lorg/springframework/boot/context/properties/bind/Bindable;Lorg/springframework/boot/context/properties/bind/BindHandler;Lorg/springframework/boot/context/properties/bind/Binder$Context;Lorg/springframework/boot/context/properties/bind/AggregateBinder;)Ljava/lang/Object; 21 <appendix> member <vmtarget> ; # org/springframework/boot/context/properties/bind/Binder$$Lambda+0x00000000130dcd40
instanceKlass  @bci org/springframework/boot/context/properties/bind/Binder bindAggregate (Lorg/springframework/boot/context/properties/source/ConfigurationPropertyName;Lorg/springframework/boot/context/properties/bind/Bindable;Lorg/springframework/boot/context/properties/bind/BindHandler;Lorg/springframework/boot/context/properties/bind/Binder$Context;Lorg/springframework/boot/context/properties/bind/AggregateBinder;)Ljava/lang/Object; 6 <appendix> member <vmtarget> ; # org/springframework/boot/context/properties/bind/Binder$$Lambda+0x00000000130dcb00
instanceKlass org/springframework/boot/context/properties/bind/AggregateElementBinder
instanceKlass org/springframework/boot/env/YamlPropertySourceLoader
instanceKlass org/springframework/boot/env/PropertiesPropertySourceLoader
instanceKlass org/springframework/boot/env/PropertySourceLoader
instanceKlass  @bci jdk/internal/reflect/DirectConstructorHandleAccessor invokeImpl ([Ljava/lang/Object;)Ljava/lang/Object; 88 <adapter> ; # java/lang/invoke/LambdaForm$MH+0x00000000130d8800
# instanceKlass java/lang/invoke/LambdaForm$MH+0x00000000130d8400
# instanceKlass java/lang/invoke/LambdaForm$MH+0x00000000130d8000
# instanceKlass java/lang/invoke/LambdaForm$MH+0x00000000130d4c00
instanceKlass  @bci java/util/regex/CharPredicates ASCII_WORD ()Ljava/util/regex/Pattern$BmpCharPredicate; 0 <appendix> argL0 ; # java/util/regex/CharPredicates$$Lambda+0x0000000013039fc0
instanceKlass java/util/regex/CharPredicates
instanceKlass  @bci java/util/regex/Pattern DOT ()Ljava/util/regex/Pattern$CharPredicate; 0 <appendix> argL0 ; # java/util/regex/Pattern$$Lambda+0x0000000013039d58
instanceKlass  @bci java/util/regex/Pattern union (Ljava/util/regex/Pattern$CharPredicate;Ljava/util/regex/Pattern$CharPredicate;Z)Ljava/util/regex/Pattern$CharPredicate; 6 <appendix> member <vmtarget> ; # java/util/regex/Pattern$$Lambda+0x800000030
instanceKlass  @bci java/util/regex/Pattern Range (II)Ljava/util/regex/Pattern$CharPredicate; 23 <appendix> member <vmtarget> ; # java/util/regex/Pattern$$Lambda+0x800000028
instanceKlass org/springframework/boot/context/config/StandardConfigDataLocationResolver
instanceKlass  @bci org/springframework/boot/context/config/LocationResourceLoader <clinit> ()V 18 <appendix> argL0 ; # org/springframework/boot/context/config/LocationResourceLoader$$Lambda+0x00000000130d5b00
instanceKlass  @bci java/util/Comparator comparing (Ljava/util/function/Function;)Ljava/util/Comparator; 6 <appendix> member <vmtarget> ; # java/util/Comparator$$Lambda+0x0000000013039ab0
instanceKlass java/lang/invoke/TypeConvertingMethodAdapter$1
instanceKlass java/lang/classfile/constantpool/IntegerEntry
instanceKlass sun/invoke/util/BytecodeDescriptor
instanceKlass java/lang/invoke/InnerClassLambdaMetafactory$4
instanceKlass java/lang/invoke/InnerClassLambdaMetafactory$SerializationSupport
instanceKlass  @cpi org/springframework/boot/validation/beanvalidation/MethodValidationExcludeFilter 57 form vmentry <vmtarget> ; # java/lang/invoke/LambdaForm$DMH+0x00000000130d4800
instanceKlass  @bci org/springframework/boot/context/config/LocationResourceLoader <clinit> ()V 7 <appendix> argL0 ; # org/springframework/boot/context/config/LocationResourceLoader$$Lambda+0x00000000130d58b8
instanceKlass org/springframework/boot/context/config/LocationResourceLoader
instanceKlass org/springframework/boot/context/config/ConfigTreeConfigDataLocationResolver
instanceKlass org/springframework/boot/context/config/ConfigDataLocationResolver
instanceKlass  @bci org/springframework/boot/context/config/ConfigDataLocationResolvers <init> (Lorg/springframework/boot/logging/DeferredLogFactory;Lorg/springframework/boot/ConfigurableBootstrapContext;Lorg/springframework/boot/context/properties/bind/Binder;Lorg/springframework/core/io/ResourceLoader;Lorg/springframework/core/io/support/SpringFactoriesLoader;)V 77 <appendix> argL0 ; # org/springframework/boot/context/config/ConfigDataLocationResolvers$$Lambda+0x00000000130d5000
instanceKlass org/springframework/boot/context/config/ConfigDataLocationResolvers
instanceKlass org/springframework/boot/context/properties/bind/BindResult
instanceKlass org/springframework/boot/context/properties/bind/JavaBeanBinder$BeanProperties
instanceKlass org/springframework/boot/context/properties/bind/ValueObjectBinder$ValueObject
instanceKlass  @bci org/springframework/boot/context/properties/bind/ValueObjectBinder$Discoverer <clinit> ()V 35 <appendix> argL0 ; # org/springframework/boot/context/properties/bind/ValueObjectBinder$Discoverer$$Lambda+0x00000000130d6918
instanceKlass  @bci org/springframework/boot/context/properties/bind/ValueObjectBinder$Discoverer <clinit> ()V 17 <appendix> argL0 ; # org/springframework/boot/context/properties/bind/ValueObjectBinder$Discoverer$$Lambda+0x00000000130d66e0
instanceKlass  @cpi org/springframework/boot/context/properties/bind/ValueObjectBinder$Discoverer 118 form vmentry <vmtarget> ; # java/lang/invoke/LambdaForm$DMH+0x00000000130d4400
instanceKlass org/springframework/core/StandardReflectionParameterNameDiscoverer
instanceKlass org/springframework/core/PrioritizedParameterNameDiscoverer
instanceKlass org/springframework/boot/context/properties/bind/ValueObjectBinder$Discoverer
instanceKlass org/springframework/core/ParameterNameDiscoverer
instanceKlass  @bci org/springframework/boot/context/properties/bind/Binder fromDataObjectBinders (Lorg/springframework/boot/context/properties/bind/BindMethod;Ljava/util/function/Function;)Ljava/lang/Object; 24 <appendix> argL0 ; # org/springframework/boot/context/properties/bind/Binder$$Lambda+0x00000000130d3890
instanceKlass java/util/AbstractList$RandomAccessSpliterator
instanceKlass  @bci org/springframework/boot/context/properties/bind/Binder lambda$bindDataObject$7 (Lorg/springframework/boot/context/properties/bind/BindMethod;Lorg/springframework/boot/context/properties/source/ConfigurationPropertyName;Lorg/springframework/boot/context/properties/bind/Bindable;Lorg/springframework/boot/context/properties/bind/Binder$Context;Lorg/springframework/boot/context/properties/bind/DataObjectPropertyBinder;)Ljava/lang/Object; 8 <appendix> member <vmtarget> ; # org/springframework/boot/context/properties/bind/Binder$$Lambda+0x00000000130d3640
instanceKlass  @bci org/springframework/boot/context/properties/bind/Binder bindDataObject (Lorg/springframework/boot/context/properties/source/ConfigurationPropertyName;Lorg/springframework/boot/context/properties/bind/Bindable;Lorg/springframework/boot/context/properties/bind/BindHandler;Lorg/springframework/boot/context/properties/bind/Binder$Context;Z)Ljava/lang/Object; 72 <appendix> form vmentry <vmtarget> ; # java/lang/invoke/LambdaForm$DMH+0x00000000130d4000
instanceKlass  @bci org/springframework/boot/context/properties/bind/Binder bindDataObject (Lorg/springframework/boot/context/properties/source/ConfigurationPropertyName;Lorg/springframework/boot/context/properties/bind/Bindable;Lorg/springframework/boot/context/properties/bind/BindHandler;Lorg/springframework/boot/context/properties/bind/Binder$Context;Z)Ljava/lang/Object; 72 <appendix> member <vmtarget> ; # org/springframework/boot/context/properties/bind/Binder$$Lambda+0x00000000130d3410
instanceKlass  @bci org/springframework/boot/context/properties/bind/Binder bindDataObject (Lorg/springframework/boot/context/properties/source/ConfigurationPropertyName;Lorg/springframework/boot/context/properties/bind/Bindable;Lorg/springframework/boot/context/properties/bind/BindHandler;Lorg/springframework/boot/context/properties/bind/Binder$Context;Z)Ljava/lang/Object; 52 <appendix> member <vmtarget> ; # org/springframework/boot/context/properties/bind/Binder$$Lambda+0x00000000130d31e0
instanceKlass org/springframework/boot/context/properties/bind/DataObjectPropertyBinder
instanceKlass org/springframework/boot/context/properties/bind/Binder$Context
instanceKlass org/springframework/boot/context/properties/bind/JavaBeanBinder
instanceKlass org/springframework/boot/context/properties/bind/ValueObjectBinder
instanceKlass org/springframework/boot/context/properties/bind/DataObjectBinder
instanceKlass org/springframework/boot/context/properties/bind/DefaultBindConstructorProvider
instanceKlass org/springframework/boot/context/properties/bind/BindConstructorProvider
instanceKlass org/springframework/boot/context/properties/bind/BindHandler$1
instanceKlass org/springframework/boot/context/properties/bind/BindHandler
instanceKlass org/springframework/beans/TypeConverterDelegate
instanceKlass org/springframework/beans/PropertyEditorRegistrySupport
instanceKlass org/springframework/beans/PropertyEditorRegistry
instanceKlass org/springframework/beans/TypeConverter
instanceKlass java/beans/PropertyEditorSupport
instanceKlass java/beans/PropertyEditor
instanceKlass org/springframework/boot/context/properties/bind/BindConverter$TypeConverterConverter
instanceKlass org/springframework/boot/context/properties/bind/BindConverter
instanceKlass org/springframework/boot/context/properties/bind/PropertySourcesPlaceholdersResolver
instanceKlass org/springframework/boot/context/properties/bind/AggregateBinder
instanceKlass org/springframework/boot/context/properties/bind/BindContext
instanceKlass org/springframework/boot/context/properties/bind/Binder
instanceKlass org/springframework/boot/context/config/ConfigDataLocation
instanceKlass org/springframework/boot/context/properties/bind/PlaceholdersResolver
instanceKlass org/springframework/boot/origin/OriginProvider
instanceKlass org/springframework/boot/context/config/ConfigDataEnvironment
instanceKlass org/springframework/core/io/DefaultResourceLoader
instanceKlass  @bci org/springframework/boot/env/SpringApplicationJsonEnvironmentPostProcessor postProcessEnvironment (Lorg/springframework/core/env/ConfigurableEnvironment;Lorg/springframework/boot/SpringApplication;)V 38 <appendix> member <vmtarget> ; # org/springframework/boot/env/SpringApplicationJsonEnvironmentPostProcessor$$Lambda+0x00000000130ca5e0
instanceKlass  @bci org/springframework/boot/env/SpringApplicationJsonEnvironmentPostProcessor postProcessEnvironment (Lorg/springframework/core/env/ConfigurableEnvironment;Lorg/springframework/boot/SpringApplication;)V 21 <appendix> argL0 ; # org/springframework/boot/env/SpringApplicationJsonEnvironmentPostProcessor$$Lambda+0x00000000130ca388
instanceKlass  @bci org/springframework/boot/env/SpringApplicationJsonEnvironmentPostProcessor postProcessEnvironment (Lorg/springframework/core/env/ConfigurableEnvironment;Lorg/springframework/boot/SpringApplication;)V 11 <appendix> argL0 ; # org/springframework/boot/env/SpringApplicationJsonEnvironmentPostProcessor$$Lambda+0x00000000130ca140
instanceKlass org/springframework/boot/env/SpringApplicationJsonEnvironmentPostProcessor$JsonPropertyValue
instanceKlass  @bci java/util/stream/MatchOps makeInt (Ljava/util/function/IntPredicate;Ljava/util/stream/MatchOps$MatchKind;)Ljava/util/stream/TerminalOp; 20 <appendix> member <vmtarget> ; # java/util/stream/MatchOps$$Lambda+0x0000000013038278
instanceKlass  @bci org/springframework/boot/context/properties/source/SystemEnvironmentPropertyMapper isNumber (Ljava/lang/String;)Z 4 <appendix> argL0 ; # org/springframework/boot/context/properties/source/SystemEnvironmentPropertyMapper$$Lambda+0x00000000130c9cc0
instanceKlass java/util/function/IntPredicate
instanceKlass java/lang/StringLatin1$CharsSpliterator
instanceKlass java/util/Spliterator$OfInt
instanceKlass java/util/Spliterator$OfPrimitive
instanceKlass  @bci org/springframework/boot/context/properties/source/SystemEnvironmentPropertyMapper convertName (Ljava/lang/String;)Lorg/springframework/boot/context/properties/source/ConfigurationPropertyName; 4 <appendix> member <vmtarget> ; # org/springframework/boot/context/properties/source/SystemEnvironmentPropertyMapper$$Lambda+0x00000000130c9a70
instanceKlass  @bci org/springframework/boot/context/properties/source/ConfigurationPropertyName convertToUniformElement (Ljava/lang/CharSequence;)Ljava/lang/CharSequence; 3 <appendix> argL0 ; # org/springframework/boot/context/properties/source/ConfigurationPropertyName$$Lambda+0x00000000130c9848
instanceKlass org/springframework/boot/context/properties/source/ConfigurationPropertyName$ElementCharPredicate
instanceKlass  @bci java/util/function/BiPredicate or (Ljava/util/function/BiPredicate;)Ljava/util/function/BiPredicate; 7 <appendix> member <vmtarget> ; # java/util/function/BiPredicate$$Lambda+0x0000000013036f50
instanceKlass  @cpi java/util/function/BiPredicate 60 form vmentry <vmtarget> ; # java/lang/invoke/LambdaForm$DMH+0x00000000130cc000
instanceKlass  @bci org/springframework/boot/context/properties/source/SystemEnvironmentPropertyMapper getAncestorOfCheck ()Ljava/util/function/BiPredicate; 1 <appendix> member <vmtarget> ; # org/springframework/boot/context/properties/source/SystemEnvironmentPropertyMapper$$Lambda+0x00000000130c8f90
instanceKlass  @bci org/springframework/boot/context/properties/source/SpringIterableConfigurationPropertySource$Mappings add (Ljava/util/Map;Ljava/lang/Object;Ljava/lang/Object;)V 2 <appendix> argL0 ; # org/springframework/boot/context/properties/source/SpringIterableConfigurationPropertySource$Mappings$$Lambda+0x00000000130c8d48
instanceKlass  @bci org/springframework/core/env/PropertiesPropertySource getPropertyNames ()[Ljava/lang/String; 37 <appendix> argL0 ; # org/springframework/core/env/PropertiesPropertySource$$Lambda+0x00000000130c8b20
instanceKlass  @bci org/springframework/core/env/PropertiesPropertySource getPropertyNames ()[Ljava/lang/String; 27 <appendix> argL0 ; # org/springframework/core/env/PropertiesPropertySource$$Lambda+0x00000000130c88c8
instanceKlass  @bci org/springframework/boot/context/properties/source/SpringIterableConfigurationPropertySource updateMappings (Lorg/springframework/boot/context/properties/source/SpringIterableConfigurationPropertySource$Mappings;)Lorg/springframework/boot/context/properties/source/SpringIterableConfigurationPropertySource$Mappings; 10 <appendix> member <vmtarget> ; # org/springframework/boot/context/properties/source/SpringIterableConfigurationPropertySource$$Lambda+0x00000000130c8698
instanceKlass  @bci org/springframework/boot/context/properties/source/SpringIterableConfigurationPropertySource getMappings ()Lorg/springframework/boot/context/properties/source/SpringIterableConfigurationPropertySource$Mappings; 11 <appendix> member <vmtarget> ; # org/springframework/boot/context/properties/source/SpringIterableConfigurationPropertySource$$Lambda+0x00000000130c8230
instanceKlass java/util/function/UnaryOperator
instanceKlass  @bci org/springframework/boot/context/properties/source/SpringIterableConfigurationPropertySource getMappings ()Lorg/springframework/boot/context/properties/source/SpringIterableConfigurationPropertySource$Mappings; 5 <appendix> member <vmtarget> ; # org/springframework/boot/context/properties/source/SpringIterableConfigurationPropertySource$$Lambda+0x00000000130c8000
instanceKlass org/springframework/boot/context/properties/source/SpringIterableConfigurationPropertySource$Mappings
instanceKlass org/springframework/boot/context/properties/source/DefaultPropertyMapper$LastMapping
instanceKlass java/time/Clock
instanceKlass java/time/InstantSource
instanceKlass org/springframework/boot/context/properties/source/SoftReferenceConfigurationPropertyCache
instanceKlass org/springframework/boot/context/properties/source/ConfigurationPropertyCaching
instanceKlass org/springframework/boot/context/properties/source/SystemEnvironmentPropertyMapper
instanceKlass  @bci org/springframework/boot/context/properties/source/PropertyMapper <clinit> ()V 0 <appendix> argL0 ; # org/springframework/boot/context/properties/source/PropertyMapper$$Lambda+0x00000000130c39a0
instanceKlass java/util/function/BiPredicate
instanceKlass org/springframework/boot/context/properties/source/DefaultPropertyMapper
instanceKlass org/springframework/boot/context/properties/source/PropertyMapper
instanceKlass org/springframework/boot/context/properties/source/CachingConfigurationPropertySource
instanceKlass org/springframework/boot/context/properties/source/IterableConfigurationPropertySource
instanceKlass org/springframework/boot/context/properties/source/SpringConfigurationPropertySource
instanceKlass  @bci org/springframework/boot/context/properties/source/SpringConfigurationPropertySources iterator ()Ljava/util/Iterator; 14 <appendix> member <vmtarget> ; # org/springframework/boot/context/properties/source/SpringConfigurationPropertySources$$Lambda+0x00000000130c26e8
instanceKlass org/springframework/boot/context/properties/source/SpringConfigurationPropertySources$SourcesIterator
instanceKlass org/springframework/boot/origin/Origin
instanceKlass org/springframework/boot/logging/DeferredLog$Line
instanceKlass org/springframework/aot/AotDetector
instanceKlass org/springframework/boot/autoconfigure/integration/IntegrationPropertiesEnvironmentPostProcessor
instanceKlass org/springframework/boot/reactor/ReactorEnvironmentPostProcessor
instanceKlass org/springframework/boot/env/SystemEnvironmentPropertySourceEnvironmentPostProcessor
instanceKlass org/springframework/boot/env/SpringApplicationJsonEnvironmentPostProcessor
instanceKlass org/springframework/boot/env/RandomValuePropertySourceEnvironmentPostProcessor
# instanceKlass java/lang/invoke/LambdaForm$MH+0x00000000130c1000
# instanceKlass java/lang/invoke/LambdaForm$MH+0x00000000130c0c00
instanceKlass org/springframework/boot/context/config/ConfigDataEnvironmentPostProcessor
instanceKlass org/springframework/boot/logging/DeferredLog
instanceKlass  @bci org/springframework/boot/logging/DeferredLogs getLog (Ljava/lang/Class;)Lorg/apache/commons/logging/Log; 2 <appendix> member <vmtarget> ; # org/springframework/boot/logging/DeferredLogs$$Lambda+0x00000000130c4468
instanceKlass org/springframework/boot/cloud/CloudFoundryVcapEnvironmentPostProcessor
instanceKlass org/springframework/boot/env/EnvironmentPostProcessor
instanceKlass org/springframework/boot/env/SpringFactoriesEnvironmentPostProcessorsFactory
instanceKlass  @bci org/springframework/boot/SpringApplicationRunListeners environmentPrepared (Lorg/springframework/boot/ConfigurableBootstrapContext;Lorg/springframework/core/env/ConfigurableEnvironment;)V 5 <appendix> member <vmtarget> ; # org/springframework/boot/SpringApplicationRunListeners$$Lambda+0x00000000130bfb48
instanceKlass org/springframework/boot/context/properties/source/ConfigurationPropertySource
instanceKlass org/springframework/boot/context/properties/source/SpringConfigurationPropertySources
instanceKlass jdk/internal/vm/ThreadContainers
instanceKlass jdk/internal/vm/StackableScope
instanceKlass java/util/concurrent/LinkedTransferQueue$DualNode
instanceKlass java/util/concurrent/ForkJoinPool$ManagedBlocker
instanceKlass java/util/concurrent/TransferQueue
instanceKlass java/util/concurrent/ThreadPoolExecutor$AbortPolicy
instanceKlass java/util/concurrent/RejectedExecutionHandler
instanceKlass java/util/concurrent/AbstractExecutorService
instanceKlass java/util/concurrent/Executors
instanceKlass  @bci java/lang/ProcessHandleImpl initReaper ()Ljava/util/concurrent/Executor; 45 <appendix> form vmentry <vmtarget> ; # java/lang/invoke/LambdaForm$DMH+0x00000000130c0800
instanceKlass  @bci java/lang/ProcessHandleImpl initReaper ()Ljava/util/concurrent/Executor; 45 <appendix> member <vmtarget> ; # java/lang/ProcessHandleImpl$$Lambda+0x00000000130342f8
instanceKlass  @cpi java/lang/ProcessHandleImpl 358 form vmentry <vmtarget> ; # java/lang/invoke/LambdaForm$DMH+0x00000000130c0400
# instanceKlass java/lang/invoke/LambdaForm$DMH+0x00000000130c0000
instanceKlass jdk/internal/util/random/RandomSupport
instanceKlass java/util/Random
instanceKlass java/util/random/RandomGenerator
instanceKlass java/lang/ProcessHandleImpl
instanceKlass java/lang/ProcessHandle
instanceKlass org/springframework/boot/system/ApplicationPid
instanceKlass org/springframework/boot/convert/CharSequenceToObjectConverter
instanceKlass org/springframework/boot/convert/LenientObjectToEnumConverterFactory
instanceKlass sun/reflect/generics/tree/ByteSignature
instanceKlass org/springframework/boot/convert/InputStreamSourceToByteArrayConverter
instanceKlass org/springframework/boot/convert/StringToFileConverter
instanceKlass org/springframework/boot/convert/NumberToDataSizeConverter
instanceKlass org/springframework/util/unit/DataSize
instanceKlass org/springframework/boot/convert/StringToDataSizeConverter
instanceKlass org/springframework/boot/convert/NumberToPeriodConverter
instanceKlass org/springframework/boot/convert/PeriodToStringConverter
instanceKlass org/springframework/boot/convert/StringToPeriodConverter
instanceKlass org/springframework/boot/convert/DurationToNumberConverter
instanceKlass org/springframework/boot/convert/NumberToDurationConverter
instanceKlass org/springframework/boot/convert/DurationToStringConverter
instanceKlass org/springframework/boot/convert/StringToDurationConverter
instanceKlass org/springframework/boot/convert/DelimitedStringToCollectionConverter
instanceKlass org/springframework/boot/convert/DelimitedStringToArrayConverter
instanceKlass org/springframework/boot/convert/CollectionToDelimitedStringConverter
instanceKlass org/springframework/boot/convert/ArrayToDelimitedStringConverter
instanceKlass org/springframework/boot/convert/IsoOffsetFormatter
instanceKlass org/springframework/boot/convert/InetAddressFormatter
instanceKlass  @bci org/springframework/format/support/FormattingConversionService getFieldType (Ljava/lang/Object;Ljava/lang/Class;)Ljava/lang/Class; 39 <appendix> member <vmtarget> ; # org/springframework/format/support/FormattingConversionService$$Lambda+0x00000000130bc0b8
instanceKlass sun/reflect/generics/tree/ArrayTypeSignature
instanceKlass sun/reflect/generics/tree/CharSignature
instanceKlass org/springframework/boot/convert/CharArrayFormatter
instanceKlass org/springframework/format/annotation/DurationFormat
instanceKlass org/springframework/format/annotation/DateTimeFormat
instanceKlass org/springframework/format/datetime/standard/MonthDayFormatter
instanceKlass java/time/MonthDay
instanceKlass org/springframework/format/datetime/standard/YearMonthFormatter
instanceKlass java/time/YearMonth
instanceKlass org/springframework/format/datetime/standard/MonthFormatter
instanceKlass org/springframework/format/datetime/standard/YearFormatter
instanceKlass org/springframework/format/datetime/standard/DurationFormatter
instanceKlass org/springframework/format/datetime/standard/PeriodFormatter
instanceKlass org/springframework/format/datetime/standard/InstantFormatter
instanceKlass java/time/OffsetTime
instanceKlass org/springframework/format/support/FormattingConversionService$ParserConverter
instanceKlass org/springframework/format/support/FormattingConversionService$PrinterConverter
instanceKlass org/springframework/format/datetime/standard/TemporalAccessorParser
instanceKlass org/springframework/format/datetime/standard/TemporalAccessorPrinter
instanceKlass java/time/format/DateTimeFormatterBuilder$LocalizedPrinterParser
instanceKlass org/springframework/format/datetime/standard/DateTimeFormatterRegistrar$1
instanceKlass org/springframework/format/datetime/standard/DateTimeConverters$InstantToLongConverter
instanceKlass org/springframework/format/datetime/standard/DateTimeConverters$LongToInstantConverter
instanceKlass org/springframework/format/datetime/standard/DateTimeConverters$CalendarToInstantConverter
instanceKlass org/springframework/format/datetime/standard/DateTimeConverters$CalendarToLocalDateTimeConverter
instanceKlass org/springframework/format/datetime/standard/DateTimeConverters$CalendarToLocalTimeConverter
instanceKlass org/springframework/format/datetime/standard/DateTimeConverters$CalendarToLocalDateConverter
instanceKlass org/springframework/format/datetime/standard/DateTimeConverters$CalendarToOffsetDateTimeConverter
instanceKlass org/springframework/format/datetime/standard/DateTimeConverters$CalendarToZonedDateTimeConverter
instanceKlass org/springframework/format/datetime/standard/DateTimeConverters$OffsetDateTimeToInstantConverter
instanceKlass org/springframework/format/datetime/standard/DateTimeConverters$OffsetDateTimeToZonedDateTimeConverter
instanceKlass org/springframework/format/datetime/standard/DateTimeConverters$OffsetDateTimeToLocalDateTimeConverter
instanceKlass org/springframework/format/datetime/standard/DateTimeConverters$OffsetDateTimeToLocalTimeConverter
instanceKlass org/springframework/format/datetime/standard/DateTimeConverters$OffsetDateTimeToLocalDateConverter
instanceKlass org/springframework/format/datetime/standard/DateTimeConverters$ZonedDateTimeToInstantConverter
instanceKlass java/time/OffsetDateTime
instanceKlass org/springframework/format/datetime/standard/DateTimeConverters$ZonedDateTimeToOffsetDateTimeConverter
instanceKlass org/springframework/format/datetime/standard/DateTimeConverters$ZonedDateTimeToLocalDateTimeConverter
instanceKlass org/springframework/format/datetime/standard/DateTimeConverters$ZonedDateTimeToLocalTimeConverter
instanceKlass org/springframework/format/datetime/standard/DateTimeConverters$ZonedDateTimeToLocalDateConverter
instanceKlass org/springframework/format/datetime/standard/DateTimeConverters$LocalDateTimeToLocalTimeConverter
instanceKlass org/springframework/format/datetime/standard/DateTimeConverters$LocalDateTimeToLocalDateConverter
instanceKlass org/springframework/format/datetime/DateFormatterRegistrar$LongToCalendarConverter
instanceKlass org/springframework/format/datetime/DateFormatterRegistrar$LongToDateConverter
instanceKlass org/springframework/format/datetime/DateFormatterRegistrar$CalendarToLongConverter
instanceKlass org/springframework/format/datetime/DateFormatterRegistrar$CalendarToDateConverter
instanceKlass org/springframework/format/datetime/DateFormatterRegistrar$DateToCalendarConverter
instanceKlass java/util/Date
instanceKlass org/springframework/format/datetime/DateFormatterRegistrar$DateToLongConverter
instanceKlass org/springframework/format/datetime/DateFormatterRegistrar
instanceKlass org/springframework/format/datetime/standard/DateTimeConverters
instanceKlass org/springframework/format/datetime/standard/DateTimeFormatterFactory
instanceKlass org/springframework/format/datetime/standard/DateTimeFormatterRegistrar
instanceKlass org/springframework/format/FormatterRegistrar
instanceKlass org/springframework/format/support/FormattingConversionService$AnnotationParserConverter
instanceKlass org/springframework/format/support/FormattingConversionService$AnnotationPrinterConverter
instanceKlass org/springframework/util/NumberUtils
instanceKlass  @bci org/springframework/core/GenericTypeResolver getSingleGeneric (Lorg/springframework/core/ResolvableType;)Ljava/lang/Class; 15 <appendix> member <vmtarget> ; # org/springframework/core/GenericTypeResolver$$Lambda+0x00000000130b3c88
instanceKlass org/springframework/format/annotation/NumberFormat
instanceKlass org/springframework/core/GenericTypeResolver
instanceKlass org/springframework/context/support/EmbeddedValueResolutionSupport
instanceKlass org/springframework/format/AnnotationFormatterFactory
instanceKlass org/springframework/core/convert/support/ObjectToOptionalConverter
instanceKlass org/springframework/core/convert/support/FallbackObjectToStringConverter
instanceKlass org/springframework/core/convert/support/IdToEntityConverter
instanceKlass org/springframework/core/convert/support/ObjectToObjectConverter
instanceKlass java/time/ZonedDateTime
instanceKlass java/time/chrono/ChronoZonedDateTime
instanceKlass java/util/Calendar
instanceKlass org/springframework/core/convert/support/ZonedDateTimeToCalendarConverter
instanceKlass org/springframework/core/convert/support/ZoneIdToTimeZoneConverter
instanceKlass org/springframework/core/convert/support/StringToTimeZoneConverter
instanceKlass org/springframework/core/convert/support/ByteBufferConverter
instanceKlass org/springframework/core/convert/TypeDescriptor$AnnotatedElementAdapter
instanceKlass org/springframework/core/convert/TypeDescriptor
instanceKlass org/springframework/core/convert/support/StreamConverter
instanceKlass org/springframework/core/convert/support/ObjectToCollectionConverter
instanceKlass org/springframework/core/convert/support/CollectionToObjectConverter
instanceKlass org/springframework/core/convert/support/StringToCollectionConverter
instanceKlass org/springframework/core/convert/support/ObjectToArrayConverter
instanceKlass org/springframework/core/convert/support/ArrayToObjectConverter
instanceKlass org/springframework/core/convert/support/StringToArrayConverter
instanceKlass org/springframework/core/convert/support/CollectionToStringConverter
instanceKlass org/springframework/core/convert/support/ArrayToStringConverter
instanceKlass org/springframework/core/convert/support/MapToMapConverter
instanceKlass org/springframework/core/convert/support/CollectionToCollectionConverter
instanceKlass org/springframework/core/convert/support/ArrayToArrayConverter
instanceKlass org/springframework/core/convert/support/CollectionToArrayConverter
instanceKlass org/springframework/core/convert/support/ArrayToCollectionConverter
instanceKlass org/springframework/core/convert/support/StringToPatternConverter
instanceKlass java/util/UUID
instanceKlass org/springframework/core/convert/support/StringToUUIDConverter
instanceKlass org/springframework/core/convert/support/PropertiesToStringConverter
instanceKlass org/springframework/core/convert/support/StringToPropertiesConverter
instanceKlass java/util/Currency
instanceKlass org/springframework/core/convert/support/StringToCurrencyConverter
instanceKlass org/springframework/core/convert/support/StringToCharsetConverter
instanceKlass org/springframework/core/convert/support/StringToLocaleConverter
instanceKlass org/springframework/core/convert/support/IntegerToEnumConverterFactory
instanceKlass sun/reflect/generics/tree/Wildcard
instanceKlass sun/reflect/generics/tree/BottomSignature
instanceKlass org/springframework/core/convert/support/AbstractConditionalEnumConverter
instanceKlass org/springframework/core/convert/support/StringToEnumConverterFactory
instanceKlass org/springframework/core/convert/support/StringToBooleanConverter
instanceKlass org/springframework/core/convert/support/CharacterToNumberFactory
instanceKlass org/springframework/core/convert/support/NumberToCharacterConverter
instanceKlass org/springframework/core/convert/support/StringToCharacterConverter
instanceKlass org/springframework/core/convert/support/GenericConversionService$ConverterAdapter
instanceKlass org/springframework/core/convert/support/ObjectToStringConverter
instanceKlass org/springframework/core/convert/support/StringToNumberConverterFactory
instanceKlass java/util/concurrent/ConcurrentLinkedDeque$Node
instanceKlass  @bci org/springframework/core/convert/support/GenericConversionService$Converters getMatchableConverters (Lorg/springframework/core/convert/converter/GenericConverter$ConvertiblePair;)Lorg/springframework/core/convert/support/GenericConversionService$ConvertersForPair; 5 <appendix> argL0 ; # org/springframework/core/convert/support/GenericConversionService$Converters$$Lambda+0x00000000130ac2a8
instanceKlass org/springframework/core/convert/support/GenericConversionService$ConvertersForPair
instanceKlass org/springframework/core/convert/converter/GenericConverter$ConvertiblePair
instanceKlass org/springframework/core/convert/support/GenericConversionService$ConverterFactoryAdapter
instanceKlass org/springframework/core/convert/converter/ConditionalGenericConverter
instanceKlass org/springframework/core/convert/support/NumberToNumberConverterFactory
instanceKlass org/springframework/core/convert/converter/ConditionalConverter
instanceKlass org/springframework/core/convert/support/GenericConversionService$Converters
instanceKlass org/springframework/core/convert/support/GenericConversionService$NoOpConverter
instanceKlass org/springframework/format/Formatter
instanceKlass org/springframework/core/convert/converter/ConverterFactory
instanceKlass org/springframework/core/convert/converter/Converter
instanceKlass org/springframework/format/Parser
instanceKlass org/springframework/format/Printer
instanceKlass org/springframework/core/convert/converter/GenericConverter
instanceKlass org/springframework/core/convert/support/GenericConversionService
instanceKlass org/springframework/context/EmbeddedValueResolverAware
instanceKlass org/springframework/format/FormatterRegistry
instanceKlass java/lang/ProcessEnvironment$CheckedEntry
instanceKlass java/lang/ProcessEnvironment$CheckedEntrySet$1
instanceKlass java/lang/ProcessEnvironment$EntryComparator
instanceKlass java/lang/ProcessEnvironment$NameComparator
instanceKlass javax/naming/spi/NamingManager
instanceKlass com/sun/naming/internal/VersionHelper$InputStreamEnumeration
instanceKlass javax/naming/NamingEnumeration
instanceKlass com/sun/naming/internal/VersionHelper
instanceKlass com/sun/naming/internal/ResourceManager
instanceKlass org/springframework/core/SpringProperties
instanceKlass org/springframework/jndi/JndiAccessor
instanceKlass org/springframework/util/PlaceholderParser$Part
instanceKlass org/springframework/util/PlaceholderParser
instanceKlass org/springframework/util/PropertyPlaceholderHelper
instanceKlass org/springframework/util/PropertyPlaceholderHelper$PlaceholderResolver
instanceKlass org/springframework/util/SystemPropertyUtils
instanceKlass org/springframework/core/env/AbstractPropertyResolver
instanceKlass org/springframework/boot/origin/OriginLookup
instanceKlass org/springframework/boot/context/properties/source/ConfigurationPropertySources
instanceKlass org/springframework/core/env/MutablePropertySources
instanceKlass javax/naming/InitialContext
instanceKlass javax/naming/Context
instanceKlass org/springframework/core/env/PropertySources
instanceKlass org/springframework/core/env/AbstractEnvironment
instanceKlass org/springframework/web/context/ConfigurableWebEnvironment
instanceKlass org/springframework/boot/web/servlet/context/ServletWebServerApplicationContextFactory
instanceKlass org/springframework/boot/web/reactive/context/ReactiveWebServerApplicationContextFactory
instanceKlass  @bci org/springframework/boot/DefaultApplicationContextFactory createEnvironment (Lorg/springframework/boot/WebApplicationType;)Lorg/springframework/core/env/ConfigurableEnvironment; 2 <appendix> argL0 ; # org/springframework/boot/DefaultApplicationContextFactory$$Lambda+0x00000000130a6038
instanceKlass org/springframework/core/env/CommandLineArgs
instanceKlass org/springframework/core/env/SimpleCommandLineArgsParser
instanceKlass org/springframework/boot/DefaultApplicationArguments
instanceKlass org/springframework/core/NativeDetector
instanceKlass java/util/logging/LogManager$CloseOnReset
instanceKlass java/util/logging/ErrorManager
instanceKlass jdk/internal/logger/SimpleConsoleLogger$Formatting
instanceKlass sun/util/logging/PlatformLogger
instanceKlass sun/util/logging/PlatformLogger$ConfigurableBridge$LoggerConfiguration
instanceKlass  @bci java/util/logging/SimpleFormatter <init> ()V 5 <appendix> argL0 ; # java/util/logging/SimpleFormatter$$Lambda+0x000000001302abf0
instanceKlass java/util/logging/Formatter
instanceKlass jdk/internal/logger/BootstrapLogger$BootstrapExecutors
instanceKlass jdk/internal/logger/BootstrapLogger$RedirectedLoggers
instanceKlass java/util/concurrent/CopyOnWriteArrayList$COWIterator
instanceKlass jdk/internal/logger/BootstrapLogger$DetectBackend
instanceKlass jdk/internal/logger/BootstrapLogger
instanceKlass sun/util/logging/PlatformLogger$ConfigurableBridge
instanceKlass sun/util/logging/PlatformLogger$Bridge
instanceKlass java/lang/System$Logger
instanceKlass java/util/stream/Streams
instanceKlass java/util/stream/Stream$Builder
instanceKlass java/util/stream/Streams$AbstractStreamBuilderImpl
instanceKlass java/util/stream/ReferencePipeline$7$1FlatMap
instanceKlass  @bci java/util/logging/Level$KnownLevel findByName (Ljava/lang/String;Ljava/util/function/Function;)Ljava/util/Optional; 29 <appendix> argL0 ; # java/util/logging/Level$KnownLevel$$Lambda+0x800000022
instanceKlass  @bci java/util/logging/Level findLevel (Ljava/lang/String;)Ljava/util/logging/Level; 13 <appendix> argL0 ; # java/util/logging/Level$$Lambda+0x80000001f
instanceKlass java/util/Hashtable$Enumerator
instanceKlass java/util/concurrent/ConcurrentHashMap$MapEntry
instanceKlass java/util/Collections$SynchronizedCollection
instanceKlass java/util/Properties$EntrySet
instanceKlass java/util/Collections$3
instanceKlass java/util/logging/LogManager$VisitedLoggers
instanceKlass java/util/logging/Logger$ConfigurationData
instanceKlass java/util/logging/Logger$LoggerBundle
instanceKlass java/util/logging/Logger
instanceKlass java/lang/System$LoggerFinder
instanceKlass java/util/logging/LogManager$LoggingProviderAccess
instanceKlass sun/util/logging/internal/LoggingProviderImpl$LogManagerAccess
instanceKlass java/lang/Shutdown$Lock
instanceKlass java/lang/Shutdown
instanceKlass java/lang/ApplicationShutdownHooks$1
instanceKlass java/lang/ApplicationShutdownHooks
instanceKlass java/util/Collections$SynchronizedMap
instanceKlass java/util/logging/LogManager$LogNode
instanceKlass java/util/logging/LogManager$LoggerContext
instanceKlass  @bci java/util/logging/Level$KnownLevel add (Ljava/util/logging/Level;)V 49 <appendix> argL0 ; # java/util/logging/Level$KnownLevel$$Lambda+0x800000021
instanceKlass  @bci java/util/logging/Level$KnownLevel add (Ljava/util/logging/Level;)V 19 <appendix> argL0 ; # java/util/logging/Level$KnownLevel$$Lambda+0x800000020
instanceKlass java/util/logging/Level
instanceKlass java/util/logging/Handler
instanceKlass  @bci org/springframework/boot/logging/logback/LogbackLoggingSystem getLoggerContext ()Lch/qos/logback/classic/LoggerContext; 10 <appendix> member <vmtarget> ; # org/springframework/boot/logging/logback/LogbackLoggingSystem$$Lambda+0x00000000130a4b98
instanceKlass org/springframework/boot/logging/AbstractLoggingSystem$LogLevels
instanceKlass org/springframework/boot/logging/LoggerConfigurationComparator
instanceKlass ch/qos/logback/classic/spi/LoggerContextListener
instanceKlass org/springframework/boot/logging/logback/LogbackConfigurator
instanceKlass org/springframework/boot/logging/LoggingSystemProperties
instanceKlass  @bci org/springframework/core/annotation/TypeMappedAnnotation createIfPossible (Lorg/springframework/core/annotation/AnnotationTypeMapping;Ljava/lang/Object;Ljava/lang/annotation/Annotation;ILorg/springframework/core/annotation/IntrospectionFailureLogger;)Lorg/springframework/core/annotation/TypeMappedAnnotation; 3 <appendix> argL0 ; # org/springframework/core/annotation/TypeMappedAnnotation$$Lambda+0x000000001309e238
instanceKlass  @cpi com/fasterxml/jackson/datatype/jsr310/deser/InstantDeserializer 383 form vmentry <vmtarget> ; # java/lang/invoke/LambdaForm$DMH+0x00000000130a0400
instanceKlass org/springframework/core/annotation/AnnotationUtils
instanceKlass org/springframework/core/annotation/ValueExtractor
instanceKlass  @bci org/springframework/core/annotation/AnnotationTypeMappings <init> (Lorg/springframework/core/annotation/RepeatableContainers;Lorg/springframework/core/annotation/AnnotationFilter;Ljava/lang/Class;Ljava/util/Set;)V 36 <appendix> argL0 ; # org/springframework/core/annotation/AnnotationTypeMappings$$Lambda+0x000000001309d6b0
instanceKlass  @bci org/springframework/beans/factory/annotation/InitDestroyAnnotationBeanPostProcessor buildLifecycleMetadata (Ljava/lang/Class;)Lorg/springframework/beans/factory/annotation/InitDestroyAnnotationBeanPostProcessor$LifecycleMetadata; 72 <appendix> form vmentry <vmtarget> ; # java/lang/invoke/LambdaForm$DMH+0x00000000130a0000
instanceKlass  @bci sun/reflect/annotation/AnnotationParser parseEnumArray (ILjava/lang/Class;Ljava/nio/ByteBuffer;Ljdk/internal/reflect/ConstantPool;Ljava/lang/Class;)Ljava/lang/Object; 16 <appendix> member <vmtarget> ; # sun/reflect/annotation/AnnotationParser$$Lambda+0x0000000013029150
instanceKlass org/springframework/core/annotation/AliasFor
instanceKlass org/springframework/core/annotation/AnnotationTypeMapping$MirrorSets
instanceKlass org/springframework/core/annotation/AnnotationTypeMapping$MirrorSets$MirrorSet
instanceKlass  @bci org/springframework/core/annotation/AnnotationTypeMapping <clinit> ()V 8 <appendix> argL0 ; # org/springframework/core/annotation/AnnotationTypeMapping$$Lambda+0x000000001309c9d0
instanceKlass org/springframework/core/annotation/AnnotationTypeMapping
instanceKlass  @bci org/springframework/core/annotation/AnnotationTypeMappings$Cache get (Ljava/lang/Class;Ljava/util/Set;)Lorg/springframework/core/annotation/AnnotationTypeMappings; 7 <appendix> member <vmtarget> ; # org/springframework/core/annotation/AnnotationTypeMappings$Cache$$Lambda+0x000000001309c2e8
instanceKlass  @bci org/springframework/core/annotation/AnnotationTypeMappings forAnnotationType (Ljava/lang/Class;Lorg/springframework/core/annotation/RepeatableContainers;Lorg/springframework/core/annotation/AnnotationFilter;Ljava/util/Set;)Lorg/springframework/core/annotation/AnnotationTypeMappings; 12 <appendix> member <vmtarget> ; # org/springframework/core/annotation/AnnotationTypeMappings$$Lambda+0x000000001309c098
instanceKlass org/springframework/core/annotation/AnnotationTypeMappings$Cache
instanceKlass org/springframework/core/annotation/AnnotationTypeMappings
instanceKlass  @bci org/springframework/core/annotation/RepeatableContainers$StandardRepeatableContainers getRepeatedAnnotationsMethod (Ljava/lang/Class;)Ljava/lang/reflect/Method; 4 <appendix> argL0 ; # org/springframework/core/annotation/RepeatableContainers$StandardRepeatableContainers$$Lambda+0x000000001309b0e0
instanceKlass  @bci org/springframework/core/annotation/AttributeMethods forAnnotationType (Ljava/lang/Class;)Lorg/springframework/core/annotation/AttributeMethods; 12 <appendix> argL0 ; # org/springframework/core/annotation/AttributeMethods$$Lambda+0x000000001309ae98
instanceKlass  @bci org/springframework/core/annotation/AttributeMethods <clinit> ()V 25 <appendix> argL0 ; # org/springframework/core/annotation/AttributeMethods$$Lambda+0x000000001309abf8
instanceKlass org/springframework/core/annotation/AttributeMethods
instanceKlass java/util/logging/LogManager
instanceKlass org/springframework/boot/logging/java/JavaLoggingSystem$Factory
instanceKlass org/springframework/boot/logging/log4j2/Log4J2LoggingSystem$Factory
instanceKlass org/springframework/beans/factory/aot/BeanFactoryInitializationAotProcessor
instanceKlass org/springframework/boot/logging/logback/LogbackLoggingSystem$Factory
instanceKlass  @bci org/springframework/boot/logging/LoggingSystemFactory fromSpringFactories ()Lorg/springframework/boot/logging/LoggingSystemFactory; 4 <appendix> argL0 ; # org/springframework/boot/logging/LoggingSystemFactory$$Lambda+0x00000000130991c0
instanceKlass org/springframework/boot/logging/DelegatingLoggingSystemFactory
instanceKlass org/springframework/boot/logging/LoggingSystemFactory
instanceKlass org/springframework/boot/logging/LoggingSystem
instanceKlass org/springframework/aop/SpringProxy
instanceKlass org/springframework/aop/support/AopUtils
instanceKlass org/springframework/context/event/GenericApplicationListenerAdapter
instanceKlass org/springframework/context/event/AbstractApplicationEventMulticaster$CachedListenerRetriever
instanceKlass org/springframework/context/event/AbstractApplicationEventMulticaster$ListenerCacheKey
instanceKlass org/springframework/core/ResolvableTypeProvider
instanceKlass org/springframework/aop/framework/Advised
instanceKlass org/springframework/aop/TargetClassAware
instanceKlass org/springframework/aop/framework/AopProxyUtils
instanceKlass  @bci org/springframework/boot/context/event/EventPublishingRunListener refreshApplicationListeners ()V 16 <appendix> member <vmtarget> ; # org/springframework/boot/context/event/EventPublishingRunListener$$Lambda+0x00000000130971a8
instanceKlass  @bci org/springframework/boot/SpringApplicationRunListeners starting (Lorg/springframework/boot/ConfigurableBootstrapContext;Ljava/lang/Class;)V 10 <appendix> member <vmtarget> ; # org/springframework/boot/SpringApplicationRunListeners$$Lambda+0x0000000013096f68
instanceKlass  @bci org/springframework/boot/SpringApplicationRunListeners starting (Lorg/springframework/boot/ConfigurableBootstrapContext;Ljava/lang/Class;)V 4 <appendix> member <vmtarget> ; # org/springframework/boot/SpringApplicationRunListeners$$Lambda+0x0000000013096d28
instanceKlass org/springframework/boot/SpringApplicationRunListeners
# instanceKlass java/lang/invoke/LambdaForm$MH+0x0000000013095400
# instanceKlass java/lang/invoke/LambdaForm$MH+0x0000000013095000
instanceKlass  @bci org/springframework/core/io/support/SpringFactoriesLoader$FactoryInstantiator resolveArgs (Lorg/springframework/core/io/support/SpringFactoriesLoader$ArgumentResolver;)[Ljava/lang/Object; 22 <appendix> member <vmtarget> ; # org/springframework/core/io/support/SpringFactoriesLoader$FactoryInstantiator$$Lambda+0x0000000013096888
instanceKlass  @cpi org/springframework/core/io/support/SpringFactoriesLoader$FactoryInstantiator 197 form vmentry <vmtarget> ; # java/lang/invoke/LambdaForm$DMH+0x0000000013094c00
instanceKlass org/springframework/util/ErrorHandler
instanceKlass org/springframework/boot/availability/AvailabilityState
instanceKlass org/springframework/boot/context/event/EventPublishingRunListener
instanceKlass org/springframework/boot/SpringApplicationRunListener
instanceKlass  @bci org/springframework/core/io/support/SpringFactoriesLoader$ArgumentResolver and (Lorg/springframework/core/io/support/SpringFactoriesLoader$ArgumentResolver;)Lorg/springframework/core/io/support/SpringFactoriesLoader$ArgumentResolver; 2 <appendix> member <vmtarget> ; # org/springframework/core/io/support/SpringFactoriesLoader$ArgumentResolver$$Lambda+0x0000000013093648
instanceKlass  @cpi org/springframework/core/io/support/SpringFactoriesLoader$ArgumentResolver 109 form vmentry <vmtarget> ; # java/lang/invoke/LambdaForm$DMH+0x0000000013094800
instanceKlass org/springframework/core/io/support/SpringFactoriesLoader$ArgumentResolver$1
instanceKlass  @bci org/springframework/core/io/support/SpringFactoriesLoader$ArgumentResolver ofSupplied (Ljava/lang/Class;Ljava/util/function/Supplier;)Lorg/springframework/core/io/support/SpringFactoriesLoader$ArgumentResolver; 2 <appendix> member <vmtarget> ; # org/springframework/core/io/support/SpringFactoriesLoader$ArgumentResolver$$Lambda+0x0000000013093190
instanceKlass  @bci org/springframework/core/io/support/SpringFactoriesLoader$ArgumentResolver of (Ljava/lang/Class;Ljava/lang/Object;)Lorg/springframework/core/io/support/SpringFactoriesLoader$ArgumentResolver; 2 <appendix> member <vmtarget> ; # org/springframework/core/io/support/SpringFactoriesLoader$ArgumentResolver$$Lambda+0x0000000013092f60
instanceKlass org/springframework/core/io/support/SpringFactoriesLoader$ArgumentResolver
instanceKlass  @bci org/springframework/boot/SpringApplication createBootstrapContext ()Lorg/springframework/boot/DefaultBootstrapContext; 13 <appendix> member <vmtarget> ; # org/springframework/boot/SpringApplication$$Lambda+0x0000000013092b18
instanceKlass  @cpi org/springframework/data/repository/config/CustomRepositoryImplementationDetector 368 form vmentry <vmtarget> ; # java/lang/invoke/LambdaForm$DMH+0x0000000013094400
instanceKlass org/springframework/context/event/AbstractApplicationEventMulticaster$DefaultListenerRetriever
instanceKlass org/springframework/context/event/AbstractApplicationEventMulticaster
instanceKlass org/springframework/beans/factory/BeanFactoryAware
instanceKlass org/springframework/beans/factory/BeanClassLoaderAware
instanceKlass org/springframework/context/event/ApplicationEventMulticaster
instanceKlass org/springframework/boot/DefaultBootstrapContext
instanceKlass org/springframework/boot/SpringApplication$Startup
instanceKlass  @bci org/springframework/boot/SpringApplication findMainClass (Ljava/util/stream/Stream;)Ljava/util/Optional; 16 <appendix> argL0 ; # org/springframework/boot/SpringApplication$$Lambda+0x0000000013090bd8
instanceKlass  @cpi org/springframework/data/repository/config/DefaultRepositoryConfiguration 273 form vmentry <vmtarget> ; # java/lang/invoke/LambdaForm$DMH+0x0000000013094000
instanceKlass java/util/stream/FindOps$FindOp
instanceKlass  @bci java/util/stream/FindOps$FindSink$OfRef <clinit> ()V 6 <appendix> argL0 ; # java/util/stream/FindOps$FindSink$OfRef$$Lambda+0x800000048
instanceKlass  @bci java/util/stream/FindOps$FindSink$OfRef <clinit> ()V 0 <appendix> argL0 ; # java/util/stream/FindOps$FindSink$OfRef$$Lambda+0x800000049
instanceKlass java/util/stream/FindOps$FindSink
instanceKlass java/util/stream/FindOps
instanceKlass  @bci org/springframework/boot/SpringApplication findMainClass (Ljava/util/stream/Stream;)Ljava/util/Optional; 1 <appendix> argL0 ; # org/springframework/boot/SpringApplication$$Lambda+0x0000000013090980
instanceKlass java/lang/StackStreamFactory$FrameBuffer
instanceKlass java/lang/StackStreamFactory
instanceKlass  @bci org/springframework/boot/SpringApplication deduceMainApplicationClass ()Ljava/lang/Class; 7 <appendix> member <vmtarget> ; # org/springframework/boot/SpringApplication$$Lambda+0x0000000013090730
instanceKlass java/util/concurrent/CountDownLatch
instanceKlass org/springframework/boot/autoconfigure/BackgroundPreinitializer
instanceKlass org/springframework/boot/logging/DeferredLog$Lines
instanceKlass org/springframework/boot/logging/DeferredLogs
instanceKlass  @bci org/springframework/boot/env/EnvironmentPostProcessorApplicationListener <init> ()V 1 <appendix> argL0 ; # org/springframework/boot/env/EnvironmentPostProcessorApplicationListener$$Lambda+0x000000001308fd28
instanceKlass org/springframework/boot/env/EnvironmentPostProcessorsFactory
instanceKlass org/springframework/boot/logging/DeferredLogFactory
instanceKlass org/springframework/boot/env/EnvironmentPostProcessorApplicationListener
instanceKlass  @bci org/springframework/util/MultiValueMapAdapter add (Ljava/lang/Object;Ljava/lang/Object;)V 5 <appendix> argL0 ; # org/springframework/util/MultiValueMapAdapter$$Lambda+0x000000001308da90
instanceKlass org/springframework/util/MultiValueMapAdapter
instanceKlass org/springframework/core/ResolvableType$DefaultVariableResolver
instanceKlass sun/reflect/generics/reflectiveObjects/ParameterizedTypeImpl
instanceKlass sun/reflect/generics/tree/TypeVariableSignature
instanceKlass org/springframework/core/ResolvableType$TypeVariablesVariableResolver
instanceKlass org/springframework/core/ResolvableType$SyntheticParameterizedType
instanceKlass org/springframework/core/SerializableTypeWrapper$SerializableTypeProxy
instanceKlass java/lang/reflect/WildcardType
instanceKlass java/lang/reflect/ParameterizedType
instanceKlass org/springframework/core/SerializableTypeWrapper
instanceKlass  @bci org/springframework/core/ResolvableType forClassWithGenerics (Ljava/lang/Class;[Lorg/springframework/core/ResolvableType;)Lorg/springframework/core/ResolvableType; 29 <appendix> member <vmtarget> ; # org/springframework/core/ResolvableType$$Lambda+0x000000001308c3c0
instanceKlass sun/reflect/generics/reflectiveObjects/LazyReflectiveObjectGenerator
instanceKlass sun/reflect/generics/tree/ClassSignature
instanceKlass sun/reflect/generics/tree/Signature
instanceKlass sun/reflect/generics/tree/FormalTypeParameter
instanceKlass java/lang/reflect/TypeVariable
instanceKlass sun/reflect/generics/repository/AbstractRepository
instanceKlass org/springframework/core/ResolvableType$EmptyType
instanceKlass org/springframework/core/ResolvableType$VariableResolver
instanceKlass org/springframework/core/SerializableTypeWrapper$TypeProvider
instanceKlass org/springframework/core/ResolvableType
instanceKlass org/springframework/boot/context/properties/bind/Bindable
instanceKlass org/springframework/boot/context/properties/source/ConfigurationPropertyName$ElementsParser
instanceKlass org/springframework/boot/context/properties/source/ConfigurationPropertyName$Elements
instanceKlass org/springframework/boot/context/properties/source/ConfigurationPropertyName
instanceKlass org/springframework/boot/context/logging/LoggingApplicationListener
instanceKlass org/springframework/context/event/GenericApplicationListener
instanceKlass org/springframework/context/event/SmartApplicationListener
instanceKlass org/springframework/boot/context/config/AnsiOutputApplicationListener
instanceKlass org/springframework/boot/context/FileEncodingApplicationListener
instanceKlass org/springframework/boot/builder/ParentContextCloserApplicationListener
instanceKlass org/springframework/context/ApplicationContextAware
instanceKlass org/springframework/beans/factory/Aware
instanceKlass org/springframework/boot/ClearCachesApplicationListener
instanceKlass org/springframework/core/DecoratingProxy
instanceKlass org/springframework/core/annotation/AbstractMergedAnnotation
instanceKlass java/lang/annotation/Target
# instanceKlass java/lang/invoke/LambdaForm$MH+0x0000000013084400
instanceKlass jdk/internal/classfile/impl/StackMapDecoder$1
instanceKlass jdk/internal/classfile/impl/StackMapDecoder
instanceKlass jdk/internal/classfile/impl/StackCounter
instanceKlass  @bci java/lang/reflect/ProxyGenerator lambda$generateLookupAccessor$0 (Ljava/lang/classfile/MethodBuilder;)V 30 <appendix> member <vmtarget> ; # java/lang/reflect/ProxyGenerator$$Lambda+0x0000000013022800
instanceKlass  @bci java/lang/reflect/ProxyGenerator generateLookupAccessor (Ljava/lang/classfile/ClassBuilder;)V 10 <appendix> member <vmtarget> ; # java/lang/reflect/ProxyGenerator$$Lambda+0x00000000130225c0
instanceKlass java/lang/classfile/constantpool/StringEntry
instanceKlass java/lang/classfile/constantpool/ConstantValueEntry
instanceKlass  @bci java/lang/reflect/ProxyGenerator generateStaticInitializer (Ljava/lang/classfile/ClassBuilder;)V 10 <appendix> member <vmtarget> ; # java/lang/reflect/ProxyGenerator$$Lambda+0x0000000013021c18
instanceKlass java/lang/classfile/attribute/StackMapTableAttribute
instanceKlass java/lang/classfile/attribute/StackMapFrameInfo
instanceKlass java/lang/classfile/instruction/ExceptionCatch
instanceKlass  @bci java/lang/reflect/ProxyGenerator$ProxyMethod lambda$generateMethod$0 (Ljava/lang/classfile/MethodBuilder;)V 30 <appendix> member <vmtarget> ; # java/lang/reflect/ProxyGenerator$ProxyMethod$$Lambda+0x0000000013020ea8
instanceKlass java/lang/classfile/attribute/ExceptionsAttribute
instanceKlass  @bci java/lang/reflect/ProxyGenerator$ProxyMethod generateMethod (Ljava/lang/classfile/ClassBuilder;)V 42 <appendix> member <vmtarget> ; # java/lang/reflect/ProxyGenerator$ProxyMethod$$Lambda+0x0000000013020540
instanceKlass  @bci java/lang/reflect/ProxyGenerator generateConstructor (Ljava/lang/classfile/ClassBuilder;)V 8 <appendix> member <vmtarget> ; # java/lang/reflect/ProxyGenerator$$Lambda+0x0000000013020300
instanceKlass  @bci java/lang/reflect/ProxyGenerator generateClassFile ()[B 197 <appendix> member <vmtarget> ; # java/lang/reflect/ProxyGenerator$$Lambda+0x00000000130200c0
instanceKlass  @bci java/lang/reflect/ProxyGenerator proxyMethodsFor (Ljava/lang/String;)Ljava/util/List; 5 <appendix> argL0 ; # java/lang/reflect/ProxyGenerator$$Lambda+0x000000001301fe78
instanceKlass java/lang/reflect/ProxyGenerator$ProxyMethod
instanceKlass java/lang/classfile/attribute/StackMapFrameInfo$ObjectVerificationTypeInfo
instanceKlass java/lang/classfile/attribute/StackMapFrameInfo$VerificationTypeInfo
instanceKlass java/util/StringJoiner
instanceKlass java/lang/classfile/ClassFile$Option
instanceKlass java/lang/reflect/ProxyGenerator
instanceKlass  @bci java/lang/WeakPairMap computeIfAbsent (Ljava/lang/Object;Ljava/lang/Object;Ljava/util/function/BiFunction;)Ljava/lang/Object; 18 <appendix> member <vmtarget> ; # java/lang/WeakPairMap$$Lambda+0x000000001301f1e0
instanceKlass  @bci java/lang/Module implAddExportsOrOpens (Ljava/lang/String;Ljava/lang/Module;ZZ)V 151 <appendix> argL0 ; # java/lang/Module$$Lambda+0x000000001301efa8
instanceKlass  @bci java/lang/module/ModuleDescriptor$Builder packages (Ljava/util/Set;)Ljava/lang/module/ModuleDescriptor$Builder; 17 <appendix> argL0 ; # java/lang/module/ModuleDescriptor$Builder$$Lambda+0x80000000e
instanceKlass java/lang/WeakPairMap$Pair$Lookup
instanceKlass java/lang/WeakPairMap$Pair
instanceKlass java/lang/WeakPairMap
instanceKlass java/lang/Module$ReflectionData
instanceKlass jdk/internal/module/Checks
instanceKlass java/lang/module/ModuleDescriptor$Builder
instanceKlass  @bci java/lang/reflect/Proxy$ProxyBuilder getDynamicModule (Ljava/lang/ClassLoader;)Ljava/lang/Module; 4 <appendix> argL0 ; # java/lang/reflect/Proxy$ProxyBuilder$$Lambda+0x000000001301e618
instanceKlass java/lang/PublicMethods
instanceKlass java/lang/reflect/Proxy$ProxyBuilder
instanceKlass  @bci java/lang/reflect/Proxy getProxyConstructor (Ljava/lang/ClassLoader;[Ljava/lang/Class;)Ljava/lang/reflect/Constructor; 18 <appendix> argL0 ; # java/lang/reflect/Proxy$$Lambda+0x000000001301d318
instanceKlass java/lang/reflect/Proxy
instanceKlass sun/reflect/annotation/AnnotationInvocationHandler
instanceKlass java/lang/reflect/InvocationHandler
instanceKlass sun/reflect/annotation/ExceptionProxy
instanceKlass java/lang/annotation/Documented
instanceKlass java/lang/annotation/Inherited
instanceKlass java/lang/annotation/Retention
instanceKlass sun/reflect/annotation/AnnotationType
instanceKlass java/lang/reflect/GenericArrayType
instanceKlass java/lang/FunctionalInterface
instanceKlass sun/reflect/generics/visitor/Reifier
instanceKlass sun/reflect/generics/visitor/TypeTreeVisitor
instanceKlass sun/reflect/generics/factory/CoreReflectionFactory
instanceKlass sun/reflect/generics/factory/GenericsFactory
instanceKlass sun/reflect/generics/scope/AbstractScope
instanceKlass sun/reflect/generics/scope/Scope
instanceKlass sun/reflect/generics/tree/ClassTypeSignature
instanceKlass sun/reflect/generics/tree/SimpleClassTypeSignature
instanceKlass sun/reflect/generics/tree/FieldTypeSignature
instanceKlass sun/reflect/generics/tree/BaseType
instanceKlass sun/reflect/generics/tree/TypeSignature
instanceKlass sun/reflect/generics/tree/ReturnType
instanceKlass sun/reflect/generics/tree/TypeArgument
instanceKlass sun/reflect/generics/tree/TypeTree
instanceKlass sun/reflect/generics/tree/Tree
instanceKlass sun/reflect/generics/parser/SignatureParser
instanceKlass java/lang/Class$AnnotationData
instanceKlass org/springframework/core/annotation/AnnotationsScanner$1
instanceKlass org/springframework/core/annotation/MergedAnnotationSelectors$FirstDirectlyDeclared
instanceKlass org/springframework/core/annotation/MergedAnnotationSelectors$Nearest
instanceKlass org/springframework/core/annotation/MergedAnnotationSelector
instanceKlass org/springframework/core/annotation/MergedAnnotationSelectors
instanceKlass org/springframework/core/annotation/MergedAnnotation
instanceKlass org/springframework/core/annotation/TypeMappedAnnotations$MergedAnnotationFinder
instanceKlass org/springframework/core/annotation/Order
instanceKlass org/springframework/core/annotation/OrderUtils
instanceKlass org/springframework/core/annotation/AnnotationsScanner
instanceKlass org/springframework/core/annotation/AnnotationsProcessor
instanceKlass org/springframework/core/annotation/TypeMappedAnnotations
instanceKlass  @bci org/springframework/core/annotation/MergedAnnotations$Search <clinit> ()V 8 <appendix> argL0 ; # org/springframework/core/annotation/MergedAnnotations$Search$$Lambda+0x0000000013087820
instanceKlass  @bci org/springframework/core/annotation/MergedAnnotations$Search <clinit> ()V 0 <appendix> argL0 ; # org/springframework/core/annotation/MergedAnnotations$Search$$Lambda+0x00000000130875c8
instanceKlass org/springframework/core/annotation/MergedAnnotations$Search
instanceKlass org/springframework/core/annotation/AnnotationFilter$2
instanceKlass org/springframework/core/annotation/AnnotationFilter$1
instanceKlass java/util/ComparableTimSort
instanceKlass org/springframework/core/annotation/PackagesAnnotationFilter
instanceKlass org/springframework/core/annotation/AnnotationFilter
instanceKlass org/springframework/core/annotation/RepeatableContainers
instanceKlass org/springframework/core/annotation/MergedAnnotations
instanceKlass org/springframework/core/PriorityOrdered
instanceKlass  @bci org/springframework/boot/logging/LogLevel <clinit> ()V 97 <appendix> argL0 ; # org/springframework/boot/logging/LogLevel$$Lambda+0x0000000013083410
instanceKlass  @bci org/springframework/boot/logging/LogLevel <clinit> ()V 79 <appendix> argL0 ; # org/springframework/boot/logging/LogLevel$$Lambda+0x00000000130831e8
instanceKlass  @bci org/springframework/boot/logging/LogLevel <clinit> ()V 61 <appendix> argL0 ; # org/springframework/boot/logging/LogLevel$$Lambda+0x0000000013082fc0
instanceKlass  @bci org/springframework/boot/logging/LogLevel <clinit> ()V 43 <appendix> argL0 ; # org/springframework/boot/logging/LogLevel$$Lambda+0x0000000013082d98
instanceKlass  @bci org/springframework/boot/logging/LogLevel <clinit> ()V 25 <appendix> argL0 ; # org/springframework/boot/logging/LogLevel$$Lambda+0x0000000013082b70
instanceKlass  @bci org/springframework/boot/logging/LogLevel <clinit> ()V 7 <appendix> argL0 ; # org/springframework/boot/logging/LogLevel$$Lambda+0x0000000013082948
instanceKlass  @cpi org/springframework/core/annotation/MergedAnnotationCollectors 265 form vmentry <vmtarget> ; # java/lang/invoke/LambdaForm$DMH+0x0000000013084000
instanceKlass org/springframework/boot/logging/LogLevel$LogMethod
instanceKlass org/springframework/boot/autoconfigure/logging/ConditionEvaluationReportLoggingListener
instanceKlass org/springframework/boot/autoconfigure/SharedMetadataReaderFactoryContextInitializer
instanceKlass org/springframework/beans/factory/aot/BeanRegistrationExcludeFilter
instanceKlass org/springframework/boot/web/context/ServerPortInfoApplicationContextInitializer
instanceKlass org/springframework/boot/rsocket/context/RSocketPortInfoApplicationContextInitializer
instanceKlass org/springframework/boot/io/ProtocolResolverApplicationContextInitializer
instanceKlass org/springframework/boot/context/ContextIdApplicationContextInitializer
instanceKlass org/springframework/core/Ordered
instanceKlass  @bci org/springframework/util/ReflectionUtils <clinit> ()V 8 <appendix> argL0 ; # org/springframework/util/ReflectionUtils$$Lambda+0x00000000130810e0
instanceKlass org/springframework/util/ReflectionUtils$FieldFilter
instanceKlass  @bci org/springframework/util/ReflectionUtils <clinit> ()V 0 <appendix> argL0 ; # org/springframework/util/ReflectionUtils$$Lambda+0x0000000013080ca0
instanceKlass org/springframework/util/ReflectionUtils$MethodFilter
instanceKlass org/springframework/util/ReflectionUtils
instanceKlass  @bci org/springframework/core/io/support/SpringFactoriesLoader$FactoryInstantiator forClass (Ljava/lang/Class;)Lorg/springframework/core/io/support/SpringFactoriesLoader$FactoryInstantiator; 15 <appendix> member <vmtarget> ; # org/springframework/core/io/support/SpringFactoriesLoader$FactoryInstantiator$$Lambda+0x0000000013080658
instanceKlass org/springframework/core/KotlinDetector
instanceKlass org/springframework/core/io/support/SpringFactoriesLoader$FactoryInstantiator
instanceKlass  @bci org/springframework/core/io/support/SpringFactoriesLoader instantiateFactory (Ljava/lang/String;Ljava/lang/Class;Lorg/springframework/core/io/support/SpringFactoriesLoader$ArgumentResolver;Lorg/springframework/core/io/support/SpringFactoriesLoader$FailureHandler;)Ljava/lang/Object; 18 <appendix> member <vmtarget> ; # org/springframework/core/io/support/SpringFactoriesLoader$$Lambda+0x0000000013080000
instanceKlass org/springframework/boot/context/ConfigurationWarningsApplicationContextInitializer
instanceKlass org/springframework/util/ObjectUtils
instanceKlass org/springframework/context/ApplicationContextInitializer
instanceKlass java/util/Collections$EmptyIterator
instanceKlass org/springframework/core/log/LogMessage
instanceKlass java/util/stream/AbstractSpinedBuffer
instanceKlass  @bci java/util/stream/ReferencePipeline toArray ()[Ljava/lang/Object; 1 <appendix> argL0 ; # java/util/stream/ReferencePipeline$$Lambda+0x0000000013017938
instanceKlass java/util/stream/DistinctOps
instanceKlass java/util/ArrayList$ArrayListSpliterator
instanceKlass  @bci org/springframework/core/io/support/SpringFactoriesLoader loadFactoriesResource (Ljava/lang/ClassLoader;Ljava/lang/String;)Ljava/util/Map; 63 <appendix> argL0 ; # org/springframework/core/io/support/SpringFactoriesLoader$$Lambda+0x000000001307e488
instanceKlass java/util/stream/ForEachOps$ForEachOp
instanceKlass java/util/stream/ForEachOps
instanceKlass  @bci org/springframework/core/io/support/SpringFactoriesLoader lambda$loadFactoriesResource$4 (Ljava/util/Map;Ljava/lang/Object;Ljava/lang/Object;)V 53 <appendix> member <vmtarget> ; # org/springframework/core/io/support/SpringFactoriesLoader$$Lambda+0x000000001307e248
instanceKlass  @bci org/springframework/core/io/support/SpringFactoriesLoader lambda$loadFactoriesResource$4 (Ljava/util/Map;Ljava/lang/Object;Ljava/lang/Object;)V 36 <appendix> argL0 ; # org/springframework/core/io/support/SpringFactoriesLoader$$Lambda+0x000000001307e000
instanceKlass  @bci org/springframework/core/io/support/SpringFactoriesLoader lambda$loadFactoriesResource$4 (Ljava/util/Map;Ljava/lang/Object;Ljava/lang/Object;)V 17 <appendix> member <vmtarget> ; # org/springframework/core/io/support/SpringFactoriesLoader$$Lambda+0x000000001307bbc0
instanceKlass  @bci org/springframework/core/io/support/SpringFactoriesLoader loadFactoriesResource (Ljava/lang/ClassLoader;Ljava/lang/String;)Ljava/util/Map; 51 <appendix> member <vmtarget> ; # org/springframework/core/io/support/SpringFactoriesLoader$$Lambda+0x000000001307b980
instanceKlass java/util/Properties$LineReader
instanceKlass java/net/URLDecoder
instanceKlass org/springframework/util/MultiValueMap
instanceKlass org/springframework/util/CollectionUtils
instanceKlass org/springframework/util/ResourceUtils
instanceKlass org/springframework/util/PropertiesPersister
instanceKlass org/springframework/core/io/support/PropertiesLoaderUtils
instanceKlass org/springframework/core/io/AbstractResource
instanceKlass  @bci org/springframework/core/io/support/SpringFactoriesLoader forResourceLocation (Ljava/lang/String;Ljava/lang/ClassLoader;)Lorg/springframework/core/io/support/SpringFactoriesLoader; 43 <appendix> member <vmtarget> ; # org/springframework/core/io/support/SpringFactoriesLoader$$Lambda+0x000000001307a2d0
instanceKlass org/springframework/util/ConcurrentReferenceHashMap$Entry
instanceKlass  @bci org/springframework/util/ConcurrentReferenceHashMap$Segment doTask (ILjava/lang/Object;Lorg/springframework/util/ConcurrentReferenceHashMap$Task;)Ljava/lang/Object; 112 <adapter> ; # java/lang/invoke/LambdaForm$MH+0x000000001307d000
# instanceKlass java/lang/invoke/LambdaForm$DMH+0x000000001307cc00
instanceKlass  @bci org/springframework/util/ConcurrentReferenceHashMap$Segment doTask (ILjava/lang/Object;Lorg/springframework/util/ConcurrentReferenceHashMap$Task;)Ljava/lang/Object; 112 <appendix> form vmentry <vmtarget> ; # java/lang/invoke/LambdaForm$DMH+0x000000001307c800
instanceKlass  @bci org/springframework/util/ConcurrentReferenceHashMap$Segment doTask (ILjava/lang/Object;Lorg/springframework/util/ConcurrentReferenceHashMap$Task;)Ljava/lang/Object; 112 <appendix> member <vmtarget> ; # org/springframework/util/ConcurrentReferenceHashMap$Segment$$Lambda+0x0000000013079bc0
instanceKlass  @cpi org/springframework/util/ConcurrentReferenceHashMap$Segment 270 form vmentry <vmtarget> ; # java/lang/invoke/LambdaForm$DMH+0x000000001307c400
instanceKlass org/springframework/util/ConcurrentReferenceHashMap$Entries
instanceKlass  @bci org/springframework/core/io/support/SpringFactoriesLoader forResourceLocation (Ljava/lang/String;Ljava/lang/ClassLoader;)Lorg/springframework/core/io/support/SpringFactoriesLoader; 24 <appendix> argL0 ; # org/springframework/core/io/support/SpringFactoriesLoader$$Lambda+0x0000000013078ed0
instanceKlass org/springframework/util/StringUtils
instanceKlass  @bci org/springframework/core/io/support/SpringFactoriesLoader$FailureHandler handleMessage (Ljava/util/function/BiConsumer;)Lorg/springframework/core/io/support/SpringFactoriesLoader$FailureHandler; 1 <appendix> member <vmtarget> ; # org/springframework/core/io/support/SpringFactoriesLoader$FailureHandler$$Lambda+0x0000000013078a90
instanceKlass  @bci org/springframework/core/io/support/SpringFactoriesLoader$FailureHandler throwing (Ljava/util/function/BiFunction;)Lorg/springframework/core/io/support/SpringFactoriesLoader$FailureHandler; 1 <appendix> member <vmtarget> ; # org/springframework/core/io/support/SpringFactoriesLoader$FailureHandler$$Lambda+0x0000000013078850
instanceKlass  @cpi org/springframework/core/annotation/MergedAnnotationCollectors 256 form vmentry <vmtarget> ; # java/lang/invoke/LambdaForm$DMH+0x000000001307c000
instanceKlass  @bci org/springframework/core/io/support/SpringFactoriesLoader$FailureHandler throwing ()Lorg/springframework/core/io/support/SpringFactoriesLoader$FailureHandler; 0 <appendix> argL0 ; # org/springframework/core/io/support/SpringFactoriesLoader$FailureHandler$$Lambda+0x0000000013078618
instanceKlass org/springframework/core/io/support/SpringFactoriesLoader$FailureHandler
instanceKlass org/springframework/core/io/Resource
instanceKlass org/springframework/core/io/InputStreamSource
instanceKlass org/springframework/core/io/support/SpringFactoriesLoader
instanceKlass org/springframework/boot/BootstrapRegistryInitializer
instanceKlass org/springframework/web/context/ConfigurableWebApplicationContext
instanceKlass org/springframework/web/context/WebApplicationContext
instanceKlass jakarta/servlet/Servlet
instanceKlass java/util/IdentityHashMap$EntryIterator$Entry
instanceKlass java/util/IdentityHashMap$IdentityHashMapIterator
instanceKlass org/springframework/util/ConcurrentReferenceHashMap$Reference
instanceKlass org/springframework/util/ConcurrentReferenceHashMap$ReferenceManager
instanceKlass org/springframework/util/ConcurrentReferenceHashMap$Task
instanceKlass org/springframework/util/ClassUtils
instanceKlass org/springframework/util/Assert
instanceKlass org/springframework/boot/ApplicationProperties
instanceKlass org/springframework/core/metrics/DefaultApplicationStartup$DefaultStartupStep$DefaultTags
instanceKlass org/springframework/core/metrics/StartupStep$Tags
instanceKlass org/springframework/core/metrics/DefaultApplicationStartup$DefaultStartupStep
instanceKlass org/springframework/core/metrics/StartupStep
instanceKlass org/springframework/core/metrics/DefaultApplicationStartup
instanceKlass org/springframework/core/metrics/ApplicationStartup
instanceKlass org/springframework/context/ConfigurableApplicationContext
instanceKlass org/springframework/context/Lifecycle
instanceKlass org/springframework/boot/DefaultApplicationContextFactory
instanceKlass org/springframework/boot/ApplicationContextFactory
instanceKlass org/springframework/boot/SpringApplicationShutdownHook$ApplicationContextClosedListener
instanceKlass org/springframework/boot/SpringApplicationShutdownHook$Handlers
instanceKlass org/springframework/boot/SpringApplicationShutdownHandlers
instanceKlass org/springframework/boot/SpringApplicationShutdownHook
instanceKlass org/apache/commons/logging/LogAdapter$Slf4jLog
instanceKlass ch/qos/logback/classic/util/LoggerNameUtil
instanceKlass org/slf4j/helpers/Reporter
instanceKlass ch/qos/logback/classic/util/LogbackMDCAdapter
instanceKlass ch/qos/logback/core/util/StatusPrinter2
instanceKlass ch/qos/logback/core/util/StatusPrinter
instanceKlass ch/qos/logback/core/status/StatusUtil
instanceKlass ch/qos/logback/core/spi/AppenderAttachableImpl
instanceKlass ch/qos/logback/core/pattern/Converter
instanceKlass java/util/concurrent/atomic/AtomicReference
instanceKlass ch/qos/logback/core/util/CachingDateFormatter$CacheTuple
instanceKlass java/time/Year
instanceKlass java/time/LocalDate
instanceKlass java/time/chrono/ChronoLocalDate
instanceKlass java/time/zone/ZoneOffsetTransition
instanceKlass java/time/LocalTime
instanceKlass java/time/zone/Ser
instanceKlass java/io/Externalizable
instanceKlass java/util/Arrays$ArrayItr
instanceKlass java/time/zone/ZoneRulesProvider
instanceKlass sun/util/calendar/CalendarUtils
instanceKlass sun/util/calendar/ZoneInfoFile$ZoneOffsetTransitionRule
instanceKlass java/io/FileInputStream$1
instanceKlass jdk/internal/util/ByteArray
instanceKlass sun/util/calendar/ZoneInfoFile
instanceKlass java/util/TimeZone
instanceKlass ch/qos/logback/core/util/CachingDateFormatter
instanceKlass jdk/internal/invoke/MhUtil
instanceKlass java/util/concurrent/atomic/AtomicBoolean
instanceKlass ch/qos/logback/core/util/COWArrayList
instanceKlass ch/qos/logback/core/spi/FilterAttachableImpl
instanceKlass ch/qos/logback/core/Appender
instanceKlass ch/qos/logback/core/spi/FilterAttachable
instanceKlass ch/qos/logback/core/encoder/Encoder
instanceKlass ch/qos/logback/core/Layout
instanceKlass  @bci ch/qos/logback/classic/util/ContextInitializer printDuration (JLch/qos/logback/classic/spi/Configurator;Lch/qos/logback/classic/spi/Configurator$ExecutionStatus;)V 31 <adapter> ; # java/lang/invoke/LambdaForm$MH+0x000000001306d400
instanceKlass  @bci ch/qos/logback/classic/util/ContextInitializer printDuration (JLch/qos/logback/classic/spi/Configurator;Lch/qos/logback/classic/spi/Configurator$ExecutionStatus;)V 31 <appendix> form vmentry <vmtarget> ; # java/lang/invoke/LambdaForm$MH+0x000000001306d000
# instanceKlass java/lang/invoke/LambdaForm$BMH+0x000000001306cc00
instanceKlass  @bci ch/qos/logback/classic/util/ContextInitializer printDuration (JLch/qos/logback/classic/spi/Configurator;Lch/qos/logback/classic/spi/Configurator$ExecutionStatus;)V 31 <appendix> form names 6 function resolvedHandle form vmentry <vmtarget> ; # java/lang/invoke/LambdaForm$DMH+0x000000001306c800
instanceKlass  @bci ch/qos/logback/classic/util/ContextInitializer printDuration (JLch/qos/logback/classic/spi/Configurator;Lch/qos/logback/classic/spi/Configurator$ExecutionStatus;)V 31 <appendix> argL0 form vmentry <vmtarget> ; # java/lang/invoke/LambdaForm$DMH+0x000000001306c400
instanceKlass ch/qos/logback/core/spi/ContextAwareBase
instanceKlass ch/qos/logback/classic/util/ClassicEnvUtil
instanceKlass ch/qos/logback/core/status/StatusListener
instanceKlass ch/qos/logback/core/util/StatusListenerConfigHelper
instanceKlass ch/qos/logback/core/status/StatusBase
instanceKlass ch/qos/logback/core/util/EnvUtil
instanceKlass ch/qos/logback/core/util/Loader$1
instanceKlass ch/qos/logback/core/util/OptionHelper
instanceKlass ch/qos/logback/core/util/Loader
instanceKlass ch/qos/logback/classic/spi/Configurator
instanceKlass ch/qos/logback/core/spi/ContextAwareImpl
instanceKlass ch/qos/logback/classic/util/ContextInitializer$1
instanceKlass ch/qos/logback/core/spi/ContextAware
instanceKlass ch/qos/logback/classic/util/ContextInitializer
instanceKlass ch/qos/logback/classic/Level
instanceKlass ch/qos/logback/classic/spi/ILoggingEvent
instanceKlass ch/qos/logback/core/spi/DeferredProcessingAware
instanceKlass org/slf4j/spi/LoggingEventBuilder
instanceKlass ch/qos/logback/classic/Logger
instanceKlass ch/qos/logback/core/spi/AppenderAttachable
instanceKlass org/slf4j/spi/LoggingEventAware
instanceKlass ch/qos/logback/classic/spi/LoggerContextVO
instanceKlass ch/qos/logback/core/spi/LogbackLock
instanceKlass ch/qos/logback/core/helpers/CyclicBuffer
instanceKlass ch/qos/logback/core/BasicStatusManager
instanceKlass java/util/concurrent/ExecutorService
instanceKlass java/util/concurrent/Executor
instanceKlass ch/qos/logback/core/status/Status
instanceKlass ch/qos/logback/core/status/StatusManager
instanceKlass ch/qos/logback/core/ContextBase
instanceKlass ch/qos/logback/core/spi/LifeCycle
instanceKlass java/util/ServiceLoader$ProviderImpl
instanceKlass java/util/ServiceLoader$Provider
instanceKlass ch/qos/logback/core/Context
instanceKlass ch/qos/logback/core/spi/PropertyContainer
instanceKlass ch/qos/logback/classic/spi/LogbackServiceProvider
instanceKlass  @bci org/springframework/boot/loader/jar/NestedJarFileResources releaseInflators (Ljava/io/IOException;)Ljava/io/IOException; 14 <appendix> argL0 ; # org/springframework/boot/loader/jar/NestedJarFileResources$$Lambda+0x0000000013056be8
instanceKlass  @cpi org/springframework/boot/loader/jar/NestedJarFileResources 226 form vmentry <vmtarget> ; # java/lang/invoke/LambdaForm$DMH+0x0000000013064000
instanceKlass java/nio/charset/CoderResult
instanceKlass java/io/Reader
instanceKlass java/lang/Readable
instanceKlass java/net/URLClassLoader$1
instanceKlass org/springframework/boot/loader/net/protocol/jar/JarUrlClassLoader$OptimizedEnumeration
instanceKlass org/slf4j/helpers/Util
instanceKlass org/slf4j/helpers/NOPMDCAdapter
instanceKlass org/slf4j/helpers/NOPLoggerFactory
instanceKlass org/slf4j/helpers/NOP_FallbackServiceProvider
instanceKlass org/slf4j/helpers/ThreadLocalMapOfStacks
instanceKlass org/slf4j/helpers/BasicMDCAdapter
instanceKlass org/slf4j/Marker
instanceKlass org/slf4j/helpers/BasicMarkerFactory
instanceKlass java/util/concurrent/LinkedBlockingQueue$Node
instanceKlass java/util/concurrent/locks/AbstractQueuedSynchronizer$ConditionObject
instanceKlass java/util/concurrent/locks/Condition
instanceKlass java/util/concurrent/BlockingQueue
instanceKlass org/slf4j/helpers/SubstituteLoggerFactory
instanceKlass org/slf4j/ILoggerFactory
instanceKlass org/slf4j/spi/MDCAdapter
instanceKlass org/slf4j/IMarkerFactory
instanceKlass org/slf4j/helpers/SubstituteServiceProvider
instanceKlass org/slf4j/event/LoggingEvent
instanceKlass org/slf4j/spi/SLF4JServiceProvider
instanceKlass org/slf4j/LoggerFactory
instanceKlass  @bci org/apache/commons/logging/LogAdapter <clinit> ()V 50 <appendix> argL0 ; # org/apache/commons/logging/LogAdapter$$Lambda+0x000000001305e310
instanceKlass org/apache/commons/logging/Log
instanceKlass org/apache/commons/logging/LogAdapter$Slf4jAdapter
instanceKlass org/slf4j/spi/LocationAwareLogger
instanceKlass org/slf4j/Logger
instanceKlass org/apache/logging/log4j/spi/Provider
instanceKlass org/apache/logging/log4j/spi/ExtendedLogger
instanceKlass org/apache/logging/log4j/Logger
instanceKlass org/apache/commons/logging/LogAdapter
instanceKlass org/apache/commons/logging/LogFactory
instanceKlass org/springframework/core/OrderComparator
instanceKlass org/springframework/core/env/ConfigurableEnvironment
instanceKlass org/springframework/core/env/ConfigurablePropertyResolver
instanceKlass org/springframework/core/convert/support/ConfigurableConversionService
instanceKlass org/springframework/core/convert/converter/ConverterRegistry
instanceKlass org/springframework/core/env/PropertySource
instanceKlass org/springframework/core/OrderComparator$OrderSourceProvider
instanceKlass org/springframework/beans/factory/config/ConfigurableBeanFactory
instanceKlass org/springframework/beans/factory/config/SingletonBeanRegistry
instanceKlass java/net/InetAddress
instanceKlass org/springframework/context/ApplicationContext
instanceKlass org/springframework/core/io/support/ResourcePatternResolver
instanceKlass org/springframework/context/ApplicationEventPublisher
instanceKlass org/springframework/context/MessageSource
instanceKlass org/springframework/beans/factory/HierarchicalBeanFactory
instanceKlass org/springframework/beans/factory/ListableBeanFactory
instanceKlass org/springframework/beans/factory/BeanFactory
instanceKlass org/springframework/core/env/EnvironmentCapable
instanceKlass org/springframework/context/ApplicationListener
instanceKlass java/util/EventListener
instanceKlass org/springframework/beans/factory/config/BeanFactoryPostProcessor
instanceKlass org/springframework/core/io/ResourceLoader
instanceKlass org/springframework/core/convert/ConversionService
instanceKlass java/util/EventObject
instanceKlass org/springframework/core/env/Environment
instanceKlass org/springframework/core/env/PropertyResolver
instanceKlass org/springframework/boot/ApplicationArguments
instanceKlass org/springframework/boot/ConfigurableBootstrapContext
instanceKlass org/springframework/boot/BootstrapContext
instanceKlass org/springframework/boot/BootstrapRegistry
instanceKlass org/springframework/boot/SpringApplication
instanceKlass java/lang/invoke/MethodHandleImpl$CountingWrapper$1
instanceKlass java/util/TreeMap$TreeMapSpliterator
instanceKlass java/lang/foreign/MemorySegment
instanceKlass java/util/NavigableSet
instanceKlass java/util/SortedSet
instanceKlass  @bci org/springframework/boot/loader/jar/MetaInfVersionsInfo get (Lorg/springframework/boot/loader/zip/ZipContent;)Lorg/springframework/boot/loader/jar/MetaInfVersionsInfo; 10 <appendix> member <vmtarget> ; # org/springframework/boot/loader/jar/MetaInfVersionsInfo$$Lambda+0x0000000013056758
instanceKlass java/util/stream/Nodes$ArrayNode
instanceKlass  @bci org/springframework/boot/loader/jar/MetaInfVersionsInfo <init> (Ljava/util/Set;)V 46 <appendix> argL0 ; # org/springframework/boot/loader/jar/MetaInfVersionsInfo$$Lambda+0x0000000013056530
instanceKlass  @cpi org/springframework/boot/loader/jar/MetaInfVersionsInfo 211 form vmentry <vmtarget> ; # java/lang/invoke/LambdaForm$DMH+0x0000000013053000
instanceKlass  @bci org/springframework/boot/loader/jar/MetaInfVersionsInfo <init> (Ljava/util/Set;)V 36 <appendix> argL0 ; # org/springframework/boot/loader/jar/MetaInfVersionsInfo$$Lambda+0x00000000130562e8
instanceKlass java/util/stream/Nodes$IntArrayNode
instanceKlass java/util/stream/Node$Builder$OfInt
instanceKlass java/util/stream/Sink$OfInt
instanceKlass java/util/function/IntConsumer
instanceKlass java/util/stream/Node$Builder
instanceKlass java/util/stream/Node$OfDouble
instanceKlass java/util/stream/Node$OfLong
instanceKlass java/util/stream/Node$OfInt
instanceKlass java/util/stream/Node$OfPrimitive
instanceKlass java/util/stream/Nodes$EmptyNode
instanceKlass java/util/stream/Node
instanceKlass java/util/stream/Nodes
instanceKlass  @bci java/util/stream/IntPipeline toArray ()[I 1 <appendix> argL0 ; # java/util/stream/IntPipeline$$Lambda+0x000000001300b8a8
instanceKlass java/util/stream/IntStream
instanceKlass  @bci org/springframework/boot/loader/jar/MetaInfVersionsInfo <init> (Ljava/util/Set;)V 11 <appendix> argL0 ; # org/springframework/boot/loader/jar/MetaInfVersionsInfo$$Lambda+0x00000000130560c0
instanceKlass java/util/function/ToIntFunction
instanceKlass java/util/Spliterators$EmptySpliterator
instanceKlass  @bci org/springframework/boot/loader/jar/NestedJarFile getMetaInfVersionsInfo ()Lorg/springframework/boot/loader/jar/MetaInfVersionsInfo; 29 <appendix> argL0 ; # org/springframework/boot/loader/jar/NestedJarFile$$Lambda+0x0000000013055e78
instanceKlass org/springframework/boot/loader/jar/MetaInfVersionsInfo
# instanceKlass java/lang/invoke/LambdaForm$MH+0x0000000013052c00
# instanceKlass java/lang/invoke/LambdaForm$MH+0x0000000013052800
# instanceKlass java/lang/invoke/LambdaForm$MH+0x0000000013052400
# instanceKlass java/lang/invoke/LambdaForm$DMH+0x0000000013052000
instanceKlass com/milsabores/carrito/CarritoServiceApplication
instanceKlass  @bci org/springframework/boot/loader/net/protocol/jar/JarFileUrlKey get (Ljava/net/URL;)Ljava/lang/String; 45 <appendix> argL0 ; # org/springframework/boot/loader/net/protocol/jar/JarFileUrlKey$$Lambda+0x0000000013055a18
instanceKlass org/springframework/boot/loader/net/protocol/jar/JarFileUrlKey
instanceKlass org/springframework/boot/loader/net/protocol/jar/Canonicalizer
instanceKlass  @bci org/springframework/boot/loader/net/protocol/jar/UrlJarManifest get ()Ljava/util/jar/Manifest; 42 <appendix> member <vmtarget> ; # org/springframework/boot/loader/net/protocol/jar/UrlJarManifest$$Lambda+0x00000000130553b8
instanceKlass  @cpi org/springframework/boot/autoconfigure/condition/AbstractNestedCondition$MemberConditions 280 form vmentry <vmtarget> ; # java/lang/invoke/LambdaForm$DMH+0x0000000013051800
instanceKlass  @bci org/springframework/boot/loader/jar/NestedJarFileResources createInflatorCleanupAction (Ljava/util/zip/Inflater;)Ljava/lang/Runnable; 2 <appendix> member <vmtarget> ; # org/springframework/boot/loader/jar/NestedJarFileResources$$Lambda+0x0000000013055188
instanceKlass  @bci org/springframework/boot/loader/jar/NestedJarFile getManifest ()Ljava/util/jar/Manifest; 10 <appendix> member <vmtarget> ; # org/springframework/boot/loader/jar/NestedJarFile$$Lambda+0x0000000013054d28
instanceKlass  @bci org/springframework/boot/loader/zip/ZipContent getInfo (Ljava/lang/Class;Ljava/util/function/Function;)Ljava/lang/Object; 51 <appendix> member <vmtarget> ; # org/springframework/boot/loader/zip/ZipContent$$Lambda+0x0000000013054ad8
instanceKlass  @bci org/springframework/boot/loader/jar/NestedJarFile getManifestInfo ()Lorg/springframework/boot/loader/jar/ManifestInfo; 29 <appendix> member <vmtarget> ; # org/springframework/boot/loader/jar/NestedJarFile$$Lambda+0x0000000013054888
instanceKlass org/springframework/boot/loader/jar/ManifestInfo
instanceKlass  @bci org/springframework/boot/loader/net/protocol/jar/UrlNestedJarFile <init> (Ljava/io/File;Ljava/lang/String;Ljava/lang/Runtime$Version;Ljava/util/function/Consumer;)V 13 <appendix> member <vmtarget> ; # org/springframework/boot/loader/net/protocol/jar/UrlNestedJarFile$$Lambda+0x0000000013054430
instanceKlass org/springframework/boot/loader/net/protocol/jar/UrlJarManifest$ManifestSupplier
instanceKlass org/springframework/boot/loader/net/protocol/jar/UrlJarManifest
# instanceKlass java/lang/invoke/LambdaForm$MH+0x0000000013051400
instanceKlass  @bci org/springframework/cglib/core/TypeUtils map (Ljava/lang/String;)Ljava/lang/String; 38 <appendix> form vmentry <vmtarget> ; # java/lang/invoke/LambdaForm$MH+0x0000000013051000
instanceKlass  @bci org/springframework/cglib/core/MethodWrapper$MethodWrapperKey equals (Ljava/lang/Object;)Z 2 <appendix> form vmentry <vmtarget> ; # java/lang/invoke/LambdaForm$MH+0x0000000013050c00
instanceKlass java/lang/classfile/CodeBuilder$1
instanceKlass  @bci org/springframework/cglib/core/MethodWrapper$MethodWrapperKey equals (Ljava/lang/Object;)Z 2 <appendix> argL1 form vmentry <vmtarget> ; # java/lang/invoke/LambdaForm$MH+0x0000000013050800
instanceKlass java/lang/ClassValue$Identity
instanceKlass java/lang/ClassValue$Entry
instanceKlass java/lang/ClassValue
instanceKlass java/lang/invoke/MethodHandleImpl$Makers$2
instanceKlass java/lang/invoke/MethodHandleImpl$Makers$1
instanceKlass java/lang/invoke/MethodHandleImpl$Makers
instanceKlass java/lang/invoke/MethodHandleImpl$CasesHolder
instanceKlass java/lang/invoke/MethodHandleImpl$LoopClauses
# instanceKlass java/lang/invoke/LambdaForm$MH+0x0000000013050400
instanceKlass java/util/TreeMap$PrivateEntryIterator
instanceKlass java/util/TreeMap$Entry
instanceKlass java/lang/invoke/LambdaFormEditor$1
instanceKlass java/util/NavigableMap
instanceKlass java/util/SortedMap
# instanceKlass java/lang/invoke/LambdaForm$MH+0x0000000013050000
# instanceKlass java/lang/invoke/LambdaForm$MH+0x000000001304dc00
# instanceKlass java/lang/invoke/LambdaForm$MH+0x000000001304d800
instanceKlass org/springframework/boot/loader/zip/ZipContent$Entry
instanceKlass jdk/internal/foreign/MemorySessionImpl
instanceKlass java/lang/foreign/MemorySegment$Scope
instanceKlass org/springframework/boot/loader/zip/ZipString
instanceKlass org/springframework/boot/loader/zip/NameOffsetLookups
instanceKlass sun/nio/ch/IOStatus
instanceKlass jdk/internal/misc/Blocker
instanceKlass sun/nio/ch/NativeThread
instanceKlass  @bci org/springframework/boot/loader/zip/FileDataBlock read (Ljava/nio/ByteBuffer;J)I 17 <appendix> argL0 ; # org/springframework/boot/loader/zip/FileDataBlock$$Lambda+0x000000001304e890
instanceKlass sun/nio/ch/FileChannelImpl$Closer
instanceKlass sun/nio/ch/NativeThreadSet
instanceKlass java/nio/channels/spi/AbstractInterruptibleChannel$1
instanceKlass sun/nio/ch/Interruptible
instanceKlass sun/nio/ch/IOUtil
instanceKlass sun/nio/ch/NativeDispatcher
instanceKlass sun/nio/fs/WindowsChannelFactory$2
instanceKlass sun/nio/fs/WindowsChannelFactory$Flags
instanceKlass sun/nio/fs/WindowsChannelFactory$1
instanceKlass sun/nio/fs/WindowsChannelFactory
instanceKlass sun/nio/fs/WindowsSecurityDescriptor
instanceKlass java/nio/channels/ScatteringByteChannel
instanceKlass java/nio/channels/GatheringByteChannel
instanceKlass java/nio/channels/SeekableByteChannel
instanceKlass java/nio/channels/ByteChannel
instanceKlass java/nio/channels/WritableByteChannel
instanceKlass java/nio/channels/ReadableByteChannel
instanceKlass java/nio/channels/spi/AbstractInterruptibleChannel
instanceKlass java/nio/channels/InterruptibleChannel
instanceKlass java/nio/channels/Channel
instanceKlass org/springframework/boot/loader/zip/FileDataBlock$FileAccess
instanceKlass org/springframework/boot/loader/zip/FileDataBlock$Tracker$1
instanceKlass org/springframework/boot/loader/zip/FileDataBlock$Tracker
instanceKlass org/springframework/boot/loader/zip/FileDataBlock
instanceKlass org/springframework/boot/loader/zip/ZipContent$Loader
instanceKlass  @bci org/springframework/cglib/core/MethodWrapper$MethodWrapperKey hashCode ()I 1 <appendix> form vmentry <vmtarget> ; # java/lang/invoke/LambdaForm$MH+0x000000001304d400
# instanceKlass java/lang/invoke/LambdaForm$MH+0x000000001304d000
# instanceKlass java/lang/invoke/LambdaForm$MH+0x000000001304cc00
instanceKlass  @bci org/springframework/cglib/core/MethodWrapper$MethodWrapperKey hashCode ()I 1 <appendix> argL1 form vmentry <vmtarget> ; # java/lang/invoke/LambdaForm$MH+0x000000001304c800
instanceKlass  @bci org/springframework/cglib/core/MethodWrapper$MethodWrapperKey hashCode ()I 1 <appendix> argL2 argL2 argL2 form vmentry <vmtarget> ; # java/lang/invoke/LambdaForm$MH+0x000000001304c400
instanceKlass  @bci java/lang/runtime/ObjectMethods bootstrap (Ljava/lang/invoke/MethodHandles$Lookup;Ljava/lang/String;Ljava/lang/invoke/TypeDescriptor;Ljava/lang/Class;Ljava/lang/String;[Ljava/lang/invoke/MethodHandle;)Ljava/lang/Object; 37 <appendix> argL0 ; # java/lang/runtime/ObjectMethods$$Lambda+0x800000015
instanceKlass java/lang/invoke/DirectMethodHandle$1
instanceKlass sun/invoke/util/ValueConversions$WrapperCache
instanceKlass java/lang/invoke/MethodHandleImpl$2
instanceKlass java/lang/runtime/ObjectMethods
instanceKlass org/springframework/boot/loader/zip/CloseableDataBlock
instanceKlass org/springframework/boot/loader/zip/DataBlock
instanceKlass org/springframework/boot/loader/zip/ZipContent
instanceKlass org/springframework/boot/loader/jar/NestedJarFileResources
instanceKlass org/springframework/boot/loader/log/DebugLogger
instanceKlass  @bci org/springframework/boot/loader/net/protocol/jar/UrlJarFiles getOrCreate (ZLjava/net/URL;)Ljava/util/jar/JarFile; 22 <appendix> member <vmtarget> ; # org/springframework/boot/loader/net/protocol/jar/UrlJarFiles$$Lambda+0x0000000013048d90
instanceKlass  @cpi org/springframework/beans/factory/config/ConstructorArgumentValues 337 form vmentry <vmtarget> ; # java/lang/invoke/LambdaForm$DMH+0x000000001304c000
instanceKlass org/springframework/boot/loader/net/protocol/nested/NestedUrlConnectionResources
instanceKlass org/springframework/boot/loader/net/util/UrlDecoder
instanceKlass jdk/internal/ref/CleanerImpl$InnocuousThreadFactory
instanceKlass org/springframework/boot/loader/ref/DefaultCleaner
instanceKlass org/springframework/boot/loader/ref/Cleaner
instanceKlass java/time/LocalDateTime
instanceKlass java/time/chrono/ChronoLocalDateTime
instanceKlass java/time/zone/ZoneOffsetTransitionRule
instanceKlass java/time/zone/ZoneRules
instanceKlass java/lang/invoke/VarHandle$AccessDescriptor
instanceKlass java/lang/invoke/VarForm
instanceKlass java/lang/invoke/VarHandleGuards
instanceKlass java/lang/invoke/VarHandles
instanceKlass java/util/concurrent/atomic/AtomicReferenceArray
instanceKlass  @bci java/time/format/DateTimeFormatter <clinit> ()V 1075 <appendix> argL0 ; # java/time/format/DateTimeFormatter$$Lambda+0x80000001b
instanceKlass  @bci java/time/format/DateTimeFormatter <clinit> ()V 1067 <appendix> argL0 ; # java/time/format/DateTimeFormatter$$Lambda+0x80000001a
instanceKlass java/time/Period
instanceKlass java/time/chrono/ChronoPeriod
instanceKlass java/time/format/DateTimeFormatterBuilder$TextPrinterParser
instanceKlass java/util/TimSort
instanceKlass java/util/Arrays$LegacyMergeSort
instanceKlass java/time/format/DateTimeTextProvider$1
instanceKlass java/time/format/DateTimeTextProvider
instanceKlass java/util/LinkedHashMap$LinkedHashIterator
instanceKlass java/util/Collections$1
instanceKlass java/util/AbstractMap$SimpleImmutableEntry
instanceKlass java/time/format/DateTimeTextProvider$LocaleStore
instanceKlass java/time/format/DateTimeFormatterBuilder$InstantPrinterParser
instanceKlass java/time/format/DateTimeFormatterBuilder$StringLiteralPrinterParser
instanceKlass java/time/format/DateTimeFormatterBuilder$ZoneIdPrinterParser
instanceKlass java/time/format/DateTimeFormatterBuilder$OffsetIdPrinterParser
instanceKlass java/time/format/DecimalStyle
instanceKlass java/time/format/DateTimeFormatterBuilder$CompositePrinterParser
instanceKlass java/time/chrono/AbstractChronology
instanceKlass java/time/chrono/Chronology
instanceKlass java/time/format/DateTimeFormatterBuilder$CharLiteralPrinterParser
instanceKlass java/time/format/DateTimeFormatterBuilder$NumberPrinterParser
instanceKlass java/time/format/DateTimeFormatterBuilder$DateTimePrinterParser
instanceKlass java/time/temporal/JulianFields
instanceKlass java/time/temporal/IsoFields
instanceKlass java/time/Instant
instanceKlass java/time/temporal/TemporalAdjuster
instanceKlass java/time/temporal/Temporal
instanceKlass java/time/temporal/ValueRange
instanceKlass java/time/Duration
instanceKlass java/time/temporal/TemporalAmount
instanceKlass java/time/temporal/TemporalUnit
instanceKlass java/time/temporal/TemporalField
instanceKlass java/util/regex/Pattern$TreeInfo
instanceKlass java/util/regex/Pattern$BitClass
instanceKlass java/util/regex/ASCII
instanceKlass  @bci java/util/regex/Pattern Single (I)Ljava/util/regex/Pattern$BmpCharPredicate; 1 <appendix> member <vmtarget> ; # java/util/regex/Pattern$$Lambda+0x800000027
instanceKlass java/util/regex/Pattern$BmpCharPredicate
instanceKlass java/util/regex/Pattern$CharPredicate
instanceKlass java/util/regex/Pattern$Node
instanceKlass java/util/regex/Pattern
instanceKlass  @bci java/time/format/DateTimeFormatterBuilder <clinit> ()V 0 <appendix> argL0 ; # java/time/format/DateTimeFormatterBuilder$$Lambda+0x80000001c
instanceKlass java/time/ZoneId
instanceKlass java/time/temporal/TemporalQuery
instanceKlass java/time/format/DateTimeFormatterBuilder
instanceKlass java/time/format/DateTimeFormatter
instanceKlass java/security/Permission
instanceKlass java/security/Guard
instanceKlass java/time/temporal/TemporalAccessor
instanceKlass  @bci org/springframework/boot/loader/net/protocol/jar/JarUrlConnection <clinit> ()V 65 <appendix> argL0 ; # org/springframework/boot/loader/net/protocol/jar/JarUrlConnection$$Lambda+0x0000000013048000
instanceKlass  @cpi org/springframework/data/util/Lazy 219 form vmentry <vmtarget> ; # java/lang/invoke/LambdaForm$DMH+0x0000000013045400
instanceKlass org/springframework/boot/loader/net/protocol/jar/UrlJarFiles$Cache
instanceKlass org/springframework/boot/loader/net/protocol/jar/UrlJarFileFactory
instanceKlass org/springframework/boot/loader/net/protocol/jar/UrlJarFiles
instanceKlass  @bci org/springframework/cglib/proxy/MethodInterceptorGenerator getMethodProxyField (Lorg/springframework/cglib/core/Signature;)Ljava/lang/String; 4 <appendix> form vmentry <vmtarget> ; # java/lang/invoke/LambdaForm$MH+0x0000000013045000
instanceKlass org/springframework/boot/loader/net/protocol/jar/Optimizations
instanceKlass  @bci java/util/stream/MatchOps makeRef (Ljava/util/function/Predicate;Ljava/util/stream/MatchOps$MatchKind;)Ljava/util/stream/TerminalOp; 20 <appendix> member <vmtarget> ; # java/util/stream/MatchOps$$Lambda+0x800000004
instanceKlass java/util/stream/MatchOps$BooleanTerminalSink
instanceKlass java/util/stream/MatchOps$MatchOp
instanceKlass java/util/stream/MatchOps
instanceKlass  @bci org/springframework/boot/loader/net/protocol/jar/JarUrlClassLoader <init> ([Ljava/net/URL;Ljava/lang/ClassLoader;)V 35 <appendix> member <vmtarget> ; # org/springframework/boot/loader/net/protocol/jar/JarUrlClassLoader$$Lambda+0x0000000013046a18
instanceKlass jdk/internal/loader/URLClassPath$1
instanceKlass java/lang/CompoundEnumeration
instanceKlass jdk/internal/loader/BuiltinClassLoader$1
instanceKlass java/util/Collections$EmptyEnumeration
instanceKlass jdk/internal/jimage/ImageLocation
instanceKlass jdk/internal/jimage/decompressor/Decompressor
instanceKlass jdk/internal/jimage/ImageStringsReader
instanceKlass jdk/internal/jimage/ImageStrings
instanceKlass jdk/internal/jimage/ImageHeader
instanceKlass jdk/internal/reflect/Reflection$1Holder
instanceKlass jdk/internal/jimage/NativeImageBuffer$1
instanceKlass jdk/internal/jimage/NativeImageBuffer
instanceKlass java/security/AccessControlContext
instanceKlass java/security/AccessController
instanceKlass jdk/internal/jimage/BasicImageReader$1
instanceKlass java/security/PrivilegedAction
instanceKlass jdk/internal/jimage/BasicImageReader
instanceKlass jdk/internal/jimage/ImageReader
instanceKlass jdk/internal/jimage/ImageReaderFactory$1
instanceKlass jdk/internal/jimage/ImageReaderFactory
instanceKlass jdk/internal/module/SystemModuleFinders$SystemImage
instanceKlass jdk/internal/module/SystemModuleFinders$SystemModuleReader
instanceKlass java/lang/module/ModuleReader
instanceKlass jdk/internal/loader/BuiltinClassLoader$2
instanceKlass jdk/internal/module/Resources
instanceKlass java/util/ServiceLoader$2
instanceKlass java/util/ServiceLoader$1
instanceKlass java/util/ServiceLoader$LazyClassPathLookupIterator
instanceKlass java/util/ArrayList$Itr
instanceKlass java/util/Spliterators$1Adapter
instanceKlass java/util/Spliterators$ArraySpliterator
instanceKlass java/util/Spliterators
instanceKlass jdk/internal/loader/AbstractClassLoaderValue$Memoizer
instanceKlass java/util/ServiceLoader$ModuleServicesLookupIterator
instanceKlass java/util/ServiceLoader
instanceKlass java/net/spi/URLStreamHandlerProvider
instanceKlass jdk/internal/misc/ThreadTracker
instanceKlass java/net/URL$ThreadTrackHolder
instanceKlass  @bci org/springframework/boot/loader/net/protocol/nested/NestedLocation asPath (Ljava/lang/String;)Ljava/nio/file/Path; 5 <appendix> member <vmtarget> ; # org/springframework/boot/loader/net/protocol/nested/NestedLocation$$Lambda+0x00000000130467c8
instanceKlass  @bci org/springframework/boot/loader/net/protocol/nested/NestedLocation parse (Ljava/lang/String;)Lorg/springframework/boot/loader/net/protocol/nested/NestedLocation; 26 <appendix> member <vmtarget> ; # org/springframework/boot/loader/net/protocol/nested/NestedLocation$$Lambda+0x0000000013046578
instanceKlass java/net/URLConnection
instanceKlass  @bci org/springframework/boot/context/properties/ConfigurationPropertiesBeanRegistrar getName (Ljava/lang/Class;Lorg/springframework/core/annotation/MergedAnnotation;)Ljava/lang/String; 35 <appendix> form vmentry <vmtarget> ; # java/lang/invoke/LambdaForm$MH+0x0000000013044c00
instanceKlass java/lang/StringConcatHelper$StringConcatBase
instanceKlass java/lang/invoke/StringConcatFactory$InlineHiddenClassStrategy$6
instanceKlass java/lang/invoke/StringConcatFactory$InlineHiddenClassStrategy$3$4
instanceKlass java/lang/invoke/StringConcatFactory$InlineHiddenClassStrategy$4
instanceKlass java/lang/invoke/StringConcatFactory$InlineHiddenClassStrategy$3$1
instanceKlass jdk/internal/classfile/impl/BytecodeHelpers$1
instanceKlass java/lang/invoke/StringConcatFactory$InlineHiddenClassStrategy$7
instanceKlass java/lang/invoke/StringConcatFactory$InlineHiddenClassStrategy$3$2
instanceKlass java/lang/invoke/StringConcatFactory$InlineHiddenClassStrategy$5
instanceKlass java/lang/invoke/StringConcatFactory$InlineHiddenClassStrategy$3$3
instanceKlass java/lang/invoke/StringConcatFactory$InlineHiddenClassStrategy$3
instanceKlass java/lang/invoke/StringConcatFactory$InlineHiddenClassStrategy$2
instanceKlass java/lang/invoke/StringConcatFactory$InlineHiddenClassStrategy$1
instanceKlass java/lang/invoke/StringConcatFactory$InlineHiddenClassStrategy
instanceKlass java/lang/invoke/StringConcatFactory
instanceKlass org/springframework/boot/loader/net/protocol/jar/JarUrl
instanceKlass java/util/stream/Sink$ChainedReference
instanceKlass java/util/stream/ReduceOps$AccumulatingSink
instanceKlass java/util/stream/TerminalSink
instanceKlass java/util/stream/Sink
instanceKlass java/util/stream/ReduceOps$Box
instanceKlass java/util/stream/ReduceOps$ReduceOp
instanceKlass java/util/stream/TerminalOp
instanceKlass java/util/stream/ReduceOps
instanceKlass  @bci java/util/stream/Collectors castingIdentity ()Ljava/util/function/Function; 0 <appendix> argL0 ; # java/util/stream/Collectors$$Lambda+0x800000042
instanceKlass  @bci java/util/stream/Collectors toCollection (Ljava/util/function/Supplier;)Ljava/util/stream/Collector; 10 <appendix> argL0 ; # java/util/stream/Collectors$$Lambda+0x00000000130023a8
instanceKlass java/util/function/BinaryOperator
instanceKlass  @bci java/util/stream/Collectors toCollection (Ljava/util/function/Supplier;)Ljava/util/stream/Collector; 5 <appendix> argL0 ; # java/util/stream/Collectors$$Lambda+0x0000000013002170
instanceKlass java/util/function/BiConsumer
instanceKlass java/util/stream/Collector
instanceKlass java/util/Collections$UnmodifiableCollection
instanceKlass java/util/stream/Collectors
instanceKlass  @bci org/springframework/boot/loader/launch/JarFileArchive getClassPathUrls (Ljava/util/function/Predicate;Ljava/util/function/Predicate;)Ljava/util/Set; 34 <appendix> argL0 ; # org/springframework/boot/loader/launch/JarFileArchive$$Lambda+0x0000000013043040
instanceKlass java/util/SequencedSet
instanceKlass  @bci org/springframework/boot/loader/launch/JarFileArchive getClassPathUrls (Ljava/util/function/Predicate;Ljava/util/function/Predicate;)Ljava/util/Set; 24 <appendix> member <vmtarget> ; # org/springframework/boot/loader/launch/JarFileArchive$$Lambda+0x0000000013042df0
instanceKlass  @bci org/springframework/boot/loader/launch/JarFileArchive getClassPathUrls (Ljava/util/function/Predicate;Ljava/util/function/Predicate;)Ljava/util/Set; 7 <appendix> argL0 ; # org/springframework/boot/loader/launch/JarFileArchive$$Lambda+0x0000000013042ba8
# instanceKlass java/lang/invoke/LambdaForm$MH+0x0000000013044400
instanceKlass java/lang/invoke/LambdaFormBuffer
instanceKlass java/lang/invoke/LambdaFormEditor$TransformKey
instanceKlass java/lang/invoke/LambdaFormEditor
instanceKlass java/lang/invoke/DelegatingMethodHandle$Holder
instanceKlass jdk/internal/reflect/MethodHandleAccessorFactory$LazyStaticHolder
instanceKlass sun/reflect/annotation/AnnotationParser
instanceKlass java/util/EnumMap$1
instanceKlass java/util/stream/StreamOpFlag$MaskBuilder
instanceKlass java/util/stream/Stream
instanceKlass java/util/stream/BaseStream
instanceKlass java/util/stream/PipelineHelper
instanceKlass java/util/stream/StreamSupport
instanceKlass  @bci java/util/zip/ZipFile jarStream ()Ljava/util/stream/Stream; 25 <appendix> member <vmtarget> ; # java/util/zip/ZipFile$$Lambda+0x80000004a
instanceKlass java/util/function/IntFunction
instanceKlass java/util/Spliterators$AbstractSpliterator
instanceKlass java/util/Spliterator
instanceKlass  @bci org/springframework/boot/loader/launch/ExecutableArchiveLauncher getClassPathUrls ()Ljava/util/Set; 11 <appendix> member <vmtarget> ; # org/springframework/boot/loader/launch/ExecutableArchiveLauncher$$Lambda+0x0000000013042710
instanceKlass  @bci org/springframework/boot/loader/launch/ExecutableArchiveLauncher getClassPathUrls ()Ljava/util/Set; 5 <appendix> member <vmtarget> ; # org/springframework/boot/loader/launch/ExecutableArchiveLauncher$$Lambda+0x00000000130424b0
instanceKlass  @cpi org/springframework/boot/loader/launch/ExecutableArchiveLauncher 156 form vmentry <vmtarget> ; # java/lang/invoke/LambdaForm$DMH+0x0000000013044000
instanceKlass org/springframework/boot/loader/net/protocol/Handlers
instanceKlass java/nio/file/Paths
instanceKlass java/util/ImmutableCollections$Set12$1
instanceKlass java/nio/file/attribute/PosixFilePermissions$1
instanceKlass java/util/ImmutableCollections$SetN$SetNIterator
instanceKlass java/nio/file/attribute/PosixFilePermissions
instanceKlass java/nio/file/attribute/FileAttribute
instanceKlass org/springframework/boot/loader/launch/JarFileArchive
instanceKlass sun/nio/fs/WindowsUriSupport
instanceKlass java/nio/file/FileSystems$DefaultFileSystemHolder
instanceKlass java/nio/file/FileSystems
instanceKlass java/net/URI$Parser
instanceKlass java/lang/invoke/Invokers$Holder
instanceKlass java/lang/invoke/DirectMethodHandle$2
instanceKlass java/lang/invoke/ClassSpecializer$Factory
instanceKlass java/lang/invoke/ClassSpecializer$SpeciesData
instanceKlass java/lang/invoke/ClassSpecializer$1
instanceKlass jdk/internal/vm/annotation/Stable
instanceKlass java/lang/invoke/ClassSpecializer
instanceKlass java/lang/invoke/MethodHandleImpl$1
instanceKlass jdk/internal/access/JavaLangInvokeAccess
instanceKlass  @bci org/springframework/boot/loader/launch/Archive <clinit> ()V 0 <appendix> argL0 ; # org/springframework/boot/loader/launch/Archive$$Lambda+0x0000000013041c00
instanceKlass java/lang/classfile/constantpool/InterfaceMethodRefEntry
instanceKlass java/lang/invoke/TypeConvertingMethodAdapter
instanceKlass java/lang/invoke/InnerClassLambdaMetafactory$6
instanceKlass java/lang/invoke/InnerClassLambdaMetafactory$3
instanceKlass java/lang/classfile/Interfaces
instanceKlass java/util/ImmutableCollections$Access$1
instanceKlass jdk/internal/access/JavaUtilCollectionAccess
instanceKlass java/util/ImmutableCollections$Access
instanceKlass java/lang/invoke/InnerClassLambdaMetafactory$1
instanceKlass java/lang/invoke/LambdaProxyClassArchive
instanceKlass java/lang/invoke/InfoFromMemberName
instanceKlass java/lang/invoke/MethodHandleInfo
instanceKlass java/lang/invoke/AbstractValidatingLambdaMetafactory
instanceKlass java/lang/invoke/BootstrapMethodInvoker
instanceKlass  @cpi org/springframework/aop/aspectj/annotation/ReflectiveAspectJAdvisorFactory 485 form vmentry <vmtarget> ; # java/lang/invoke/LambdaForm$DMH+0x0000000013041800
instanceKlass jdk/internal/util/ModifiedUtf
instanceKlass jdk/internal/classfile/impl/ClassReaderImpl
instanceKlass java/lang/classfile/ClassReader
instanceKlass jdk/internal/classfile/impl/ClassHierarchyImpl$CachedClassHierarchyResolver$1
instanceKlass java/lang/classfile/ClassHierarchyResolver$ClassHierarchyInfo
instanceKlass jdk/internal/classfile/impl/ClassHierarchyImpl$CachedClassHierarchyResolver
instanceKlass jdk/internal/classfile/impl/ClassHierarchyImpl$ClassLoadingClassHierarchyResolver$1
instanceKlass jdk/internal/classfile/impl/ClassHierarchyImpl$ClassLoadingClassHierarchyResolver
instanceKlass java/lang/classfile/ClassHierarchyResolver
instanceKlass jdk/internal/classfile/impl/ClassHierarchyImpl
instanceKlass jdk/internal/classfile/impl/RawBytecodeHelper$1
instanceKlass jdk/internal/classfile/impl/RawBytecodeHelper
instanceKlass jdk/internal/classfile/impl/StackMapGenerator$Frame
instanceKlass jdk/internal/classfile/impl/StackMapGenerator
instanceKlass java/util/ImmutableCollections$ListItr
instanceKlass java/util/ListIterator
instanceKlass jdk/internal/classfile/impl/AnnotationReader
instanceKlass java/lang/classfile/CustomAttribute
instanceKlass jdk/internal/classfile/impl/TerminalFieldBuilder
instanceKlass java/lang/classfile/FieldBuilder
instanceKlass java/lang/invoke/InvokerBytecodeGenerator$2
instanceKlass jdk/internal/classfile/impl/BytecodeHelpers
instanceKlass sun/invoke/empty/Empty
instanceKlass java/lang/classfile/constantpool/MethodRefEntry
instanceKlass sun/invoke/util/VerifyType
instanceKlass jdk/internal/classfile/impl/DirectCodeBuilder$8
instanceKlass java/lang/classfile/instruction/LabelTarget
instanceKlass java/lang/classfile/Label
instanceKlass jdk/internal/classfile/impl/BufWriterImpl
instanceKlass java/lang/classfile/BufWriter
instanceKlass java/lang/classfile/instruction/LocalVariableType
instanceKlass java/lang/classfile/instruction/LocalVariable
instanceKlass java/lang/classfile/instruction/CharacterRange
instanceKlass java/lang/classfile/PseudoInstruction
instanceKlass java/lang/classfile/CodeElement
instanceKlass jdk/internal/classfile/impl/TerminalCodeBuilder
instanceKlass jdk/internal/classfile/impl/LabelContext
instanceKlass java/lang/classfile/CodeBuilder
instanceKlass java/lang/invoke/InvokerBytecodeGenerator$4$1
instanceKlass java/lang/classfile/constantpool/FieldRefEntry
instanceKlass java/lang/classfile/constantpool/MemberRefEntry
instanceKlass java/lang/classfile/constantpool/NameAndTypeEntry
instanceKlass jdk/internal/classfile/impl/TerminalMethodBuilder
instanceKlass jdk/internal/classfile/impl/MethodInfo
instanceKlass java/lang/classfile/MethodBuilder
instanceKlass java/lang/invoke/InvokerBytecodeGenerator$4
instanceKlass java/lang/classfile/attribute/SourceFileAttribute
instanceKlass java/lang/classfile/Superclass
instanceKlass jdk/internal/classfile/impl/AttributeHolder
instanceKlass java/lang/classfile/ClassBuilder
instanceKlass java/lang/classfile/ClassFileBuilder
instanceKlass jdk/internal/classfile/impl/AbstractDirectBuilder
instanceKlass java/lang/invoke/InvokerBytecodeGenerator$1
instanceKlass jdk/internal/classfile/impl/ClassFileImpl
instanceKlass java/lang/classfile/ClassFile
instanceKlass java/lang/invoke/InvokerBytecodeGenerator$3
instanceKlass java/util/function/Consumer
instanceKlass java/lang/classfile/constantpool/ClassEntry
instanceKlass java/lang/classfile/constantpool/LoadableConstantEntry
instanceKlass jdk/internal/classfile/impl/Util
instanceKlass jdk/internal/classfile/impl/EntryMap
instanceKlass jdk/internal/classfile/impl/BootstrapMethodEntryImpl
instanceKlass java/lang/classfile/BootstrapMethodEntry
instanceKlass jdk/internal/classfile/impl/SplitConstantPool
instanceKlass org/springframework/boot/loader/launch/Archive$Entry
instanceKlass java/util/function/Predicate
instanceKlass java/lang/invoke/InvokerBytecodeGenerator$8
instanceKlass jdk/internal/classfile/impl/AbstractAttributeMapper
instanceKlass java/lang/classfile/AttributeMapper
instanceKlass java/lang/classfile/Attributes
instanceKlass jdk/internal/classfile/impl/Util$Writable
instanceKlass jdk/internal/classfile/impl/AbstractElement
instanceKlass java/lang/classfile/attribute/RuntimeVisibleAnnotationsAttribute
instanceKlass java/lang/classfile/FieldElement
instanceKlass java/lang/classfile/MethodElement
instanceKlass java/lang/classfile/ClassElement
instanceKlass java/lang/classfile/Attribute
instanceKlass java/lang/classfile/ClassFileElement
instanceKlass java/lang/classfile/constantpool/Utf8Entry
instanceKlass java/lang/classfile/constantpool/AnnotationConstantValueEntry
instanceKlass java/lang/classfile/constantpool/PoolEntry
instanceKlass jdk/internal/classfile/impl/AbstractPoolEntry
instanceKlass jdk/internal/classfile/impl/TemporaryConstantPool
instanceKlass java/lang/classfile/constantpool/ConstantPoolBuilder
instanceKlass java/lang/classfile/constantpool/ConstantPool
instanceKlass java/lang/classfile/Annotation
instanceKlass java/lang/classfile/AnnotationElement
instanceKlass java/lang/invoke/InvokerBytecodeGenerator
instanceKlass java/lang/invoke/LambdaForm$Holder
instanceKlass java/lang/invoke/LambdaForm$Name
instanceKlass java/lang/reflect/Array
instanceKlass java/lang/invoke/Invokers
instanceKlass sun/invoke/util/ValueConversions
instanceKlass java/lang/invoke/DirectMethodHandle$Holder
instanceKlass java/lang/invoke/LambdaForm$NamedFunction
instanceKlass java/lang/constant/DynamicConstantDesc
instanceKlass jdk/internal/constant/DirectMethodHandleDescImpl$1
instanceKlass jdk/internal/constant/DirectMethodHandleDescImpl
instanceKlass java/lang/constant/DirectMethodHandleDesc
instanceKlass java/lang/constant/MethodHandleDesc$1
instanceKlass java/lang/constant/MethodHandleDesc
instanceKlass jdk/internal/constant/MethodTypeDescImpl
instanceKlass java/lang/constant/MethodTypeDesc
instanceKlass jdk/internal/constant/ConstantUtils
instanceKlass jdk/internal/constant/ArrayClassDescImpl
instanceKlass jdk/internal/constant/ClassOrInterfaceDescImpl
instanceKlass java/lang/constant/ClassDesc
instanceKlass java/lang/constant/ConstantDescs
instanceKlass sun/invoke/util/Wrapper$Format
instanceKlass java/lang/invoke/MethodTypeForm
instanceKlass java/lang/invoke/MethodType$1
instanceKlass java/lang/invoke/LambdaMetafactory
instanceKlass org/springframework/boot/loader/launch/Archive
instanceKlass org/springframework/boot/loader/launch/JarModeRunner
instanceKlass java/lang/PublicMethods$Key
instanceKlass java/lang/PublicMethods$MethodList
instanceKlass jdk/internal/misc/MethodFinder
instanceKlass java/io/RandomAccessFile$1
instanceKlass org/springframework/boot/loader/launch/Launcher
instanceKlass java/security/PermissionCollection
instanceKlass java/security/SecureClassLoader$1
instanceKlass java/util/zip/Checksum$1
instanceKlass java/util/zip/CRC32
instanceKlass java/util/zip/Checksum
instanceKlass sun/nio/ByteBuffered
instanceKlass java/lang/Package$VersionInfo
instanceKlass java/lang/NamedPackage
instanceKlass jdk/internal/loader/Resource
instanceKlass jdk/internal/loader/FileURLMapper
instanceKlass jdk/internal/loader/URLClassPath$Loader
instanceKlass sun/net/util/URLUtil
instanceKlass java/util/SequencedMap
instanceKlass java/util/jar/Attributes
instanceKlass java/util/jar/JarVerifier
instanceKlass sun/security/util/Debug
instanceKlass sun/security/util/SignatureFileVerifier
instanceKlass java/util/zip/ZipFile$InflaterCleanupAction
instanceKlass java/util/zip/Inflater$InflaterZStreamRef
instanceKlass java/util/zip/Inflater
instanceKlass java/util/zip/ZipEntry
instanceKlass java/nio/Bits$1
instanceKlass jdk/internal/misc/VM$BufferPool
instanceKlass java/nio/Bits
instanceKlass sun/nio/ch/DirectBuffer
instanceKlass jdk/internal/perf/PerfCounter$CoreCounters
instanceKlass jdk/internal/perf/Perf
instanceKlass jdk/internal/perf/PerfCounter
instanceKlass java/nio/file/attribute/FileTime
instanceKlass java/util/zip/ZipUtils
instanceKlass java/util/zip/ZipFile$Source$End
instanceKlass java/io/RandomAccessFile$2
instanceKlass jdk/internal/access/JavaIORandomAccessFileAccess
instanceKlass java/io/RandomAccessFile
instanceKlass java/io/DataInput
instanceKlass java/io/DataOutput
instanceKlass sun/nio/fs/WindowsNativeDispatcher$CompletionStatus
instanceKlass sun/nio/fs/WindowsNativeDispatcher$AclInformation
instanceKlass sun/nio/fs/WindowsNativeDispatcher$Account
instanceKlass sun/nio/fs/WindowsNativeDispatcher$DiskFreeSpace
instanceKlass sun/nio/fs/WindowsNativeDispatcher$VolumeInformation
instanceKlass sun/nio/fs/WindowsNativeDispatcher$FirstStream
instanceKlass sun/nio/fs/WindowsNativeDispatcher$FirstFile
instanceKlass java/util/Enumeration
instanceKlass java/util/concurrent/ConcurrentHashMap$Traverser
instanceKlass jdk/internal/loader/NativeLibraries$2
instanceKlass jdk/internal/loader/NativeLibrary
instanceKlass java/util/ArrayDeque$DeqIterator
instanceKlass jdk/internal/loader/NativeLibraries$NativeLibraryContext$1
instanceKlass jdk/internal/loader/NativeLibraries$NativeLibraryContext
instanceKlass jdk/internal/loader/NativeLibraries$1
instanceKlass jdk/internal/loader/NativeLibraries$LibraryPaths
instanceKlass sun/nio/fs/WindowsNativeDispatcher
instanceKlass sun/nio/fs/NativeBuffer$Deallocator
instanceKlass sun/nio/fs/NativeBuffer
instanceKlass java/lang/ThreadLocal$ThreadLocalMap
instanceKlass java/lang/ThreadLocal
instanceKlass sun/nio/fs/NativeBuffers
instanceKlass sun/nio/fs/WindowsFileAttributes
instanceKlass java/nio/file/attribute/DosFileAttributes
instanceKlass sun/nio/fs/AbstractBasicFileAttributeView
instanceKlass sun/nio/fs/DynamicFileAttributeView
instanceKlass sun/nio/fs/WindowsFileAttributeViews
instanceKlass sun/nio/fs/Util
instanceKlass java/nio/file/attribute/BasicFileAttributeView
instanceKlass java/nio/file/attribute/FileAttributeView
instanceKlass java/nio/file/attribute/AttributeView
instanceKlass java/nio/file/Files
instanceKlass java/nio/file/CopyOption
instanceKlass java/nio/file/attribute/BasicFileAttributes
instanceKlass sun/nio/fs/WindowsPath
instanceKlass java/nio/file/Path
instanceKlass java/nio/file/Watchable
instanceKlass java/util/zip/ZipFile$Source$Key
instanceKlass sun/nio/fs/WindowsPathParser
instanceKlass java/nio/file/FileSystem
instanceKlass java/nio/file/OpenOption
instanceKlass java/nio/file/spi/FileSystemProvider
instanceKlass sun/nio/fs/DefaultFileSystemProvider
instanceKlass java/util/zip/ZipFile$Source
instanceKlass java/lang/ref/Cleaner$Cleanable
instanceKlass jdk/internal/ref/CleanerImpl$CleanableList$Node
instanceKlass jdk/internal/ref/CleanerImpl$CleanableList
instanceKlass jdk/internal/ref/CleanerImpl
instanceKlass java/lang/ref/Cleaner$1
instanceKlass java/lang/ref/Cleaner
instanceKlass jdk/internal/ref/CleanerFactory$1
instanceKlass java/util/concurrent/ThreadFactory
instanceKlass jdk/internal/ref/CleanerFactory
instanceKlass java/util/zip/ZipFile$CleanableResource
instanceKlass java/util/zip/ZipCoder
instanceKlass java/lang/Runtime$Version
instanceKlass java/util/jar/JavaUtilJarAccessImpl
instanceKlass jdk/internal/access/JavaUtilJarAccess
instanceKlass java/util/zip/ZipFile$1
instanceKlass jdk/internal/access/JavaUtilZipFileAccess
instanceKlass java/util/BitSet
instanceKlass java/util/zip/ZipFile
instanceKlass java/util/zip/ZipConstants
instanceKlass java/lang/StringCoding
instanceKlass sun/nio/cs/MS1252$Holder
instanceKlass sun/nio/cs/ArrayDecoder
instanceKlass java/nio/charset/CharsetDecoder
instanceKlass sun/launcher/LauncherHelper
instanceKlass java/util/Locale$LocaleCache
instanceKlass jdk/internal/util/StrongReferenceKey
instanceKlass jdk/internal/util/ReferenceKey
instanceKlass jdk/internal/util/ReferencedKeyMap$1
instanceKlass jdk/internal/util/ReferencedKeyMap
instanceKlass sun/util/locale/BaseLocale$1InterningCache
instanceKlass java/util/Optional
instanceKlass sun/util/locale/LocaleUtils
instanceKlass java/util/Locale
instanceKlass sun/usagetracker/UsageTrackerClient
instanceKlass jdk/internal/util/EnvUtils
instanceKlass jdk/internal/vm/PostVMInitHook
instanceKlass jdk/internal/vm/ContinuationSupport
instanceKlass java/util/Deque
instanceKlass java/util/Queue
instanceKlass sun/net/util/IPAddressUtil$MASKS
instanceKlass sun/net/util/IPAddressUtil
instanceKlass java/net/URLStreamHandler
instanceKlass sun/net/www/ParseUtil
instanceKlass java/net/URL$1
instanceKlass jdk/internal/access/JavaNetURLAccess
instanceKlass java/net/URL$DefaultFactory
instanceKlass java/net/URLStreamHandlerFactory
instanceKlass jdk/internal/loader/URLClassPath
instanceKlass java/lang/Module$EnableNativeAccess
instanceKlass jdk/internal/loader/BootLoader
instanceKlass java/util/concurrent/ConcurrentHashMap$CollectionView
instanceKlass jdk/internal/loader/ClassLoaderHelper
instanceKlass java/lang/ClassLoader$ParallelLoaders
instanceKlass java/security/cert/Certificate
instanceKlass java/net/URI$1
instanceKlass jdk/internal/access/JavaNetUriAccess
instanceKlass jdk/internal/loader/AbstractClassLoaderValue
instanceKlass jdk/internal/module/ModuleBootstrap$Counters
instanceKlass jdk/internal/module/ModuleLoaderMap$Modules
instanceKlass jdk/internal/module/ModuleLoaderMap
instanceKlass jdk/internal/module/ModulePatcher
instanceKlass jdk/internal/util/DecimalDigits
instanceKlass java/io/FileSystem
instanceKlass java/io/DefaultFileSystem
instanceKlass java/io/File
instanceKlass java/lang/module/ModuleDescriptor$1
instanceKlass jdk/internal/access/JavaLangModuleAccess
instanceKlass sun/invoke/util/VerifyAccess
instanceKlass java/util/KeyValueHolder
instanceKlass java/util/ImmutableCollections$MapN$MapNIterator
instanceKlass java/lang/invoke/MethodHandles$Lookup
instanceKlass java/lang/invoke/MemberName$Factory
instanceKlass java/lang/invoke/MethodHandles
instanceKlass jdk/internal/module/ModuleBootstrap
instanceKlass java/util/HexFormat
instanceKlass jdk/internal/util/ClassFileDumper
instanceKlass java/lang/CharacterData
instanceKlass java/lang/invoke/MethodHandleStatics
instanceKlass java/util/Collections
instanceKlass java/lang/Thread$ThreadIdentifiers
instanceKlass sun/io/Win32ErrorMode
instanceKlass jdk/internal/misc/OSEnvironment
instanceKlass jdk/internal/misc/Signal$NativeHandler
instanceKlass java/util/Hashtable$Entry
instanceKlass jdk/internal/misc/Signal
instanceKlass java/lang/Terminator$1
instanceKlass jdk/internal/misc/Signal$Handler
instanceKlass java/lang/Terminator
instanceKlass java/nio/ByteOrder
instanceKlass java/nio/Buffer$2
instanceKlass jdk/internal/access/JavaNioAccess
instanceKlass java/nio/Buffer$1
instanceKlass jdk/internal/misc/ScopedMemoryAccess
instanceKlass java/nio/charset/CodingErrorAction
instanceKlass sun/nio/cs/SingleByte
instanceKlass java/lang/StringUTF16
instanceKlass sun/nio/cs/IBM850$Holder
instanceKlass sun/nio/cs/ArrayEncoder
instanceKlass java/nio/charset/CharsetEncoder
instanceKlass java/io/Writer
instanceKlass java/io/OutputStream
instanceKlass java/io/Flushable
instanceKlass java/io/FileDescriptor$1
instanceKlass jdk/internal/access/JavaIOFileDescriptorAccess
instanceKlass java/io/FileDescriptor
instanceKlass jdk/internal/util/StaticProperty
instanceKlass jdk/internal/reflect/MethodHandleAccessorFactory
instanceKlass jdk/internal/reflect/Reflection
instanceKlass java/lang/reflect/Modifier
instanceKlass java/lang/Class$Atomic
instanceKlass java/lang/Class$ReflectionData
instanceKlass java/nio/charset/StandardCharsets
instanceKlass sun/nio/cs/HistoricallyNamedCharset
instanceKlass java/util/Arrays
instanceKlass jdk/internal/util/Preconditions$3
instanceKlass jdk/internal/util/Preconditions$2
instanceKlass jdk/internal/util/Preconditions$4
instanceKlass java/util/function/BiFunction
instanceKlass jdk/internal/util/Preconditions$1
instanceKlass jdk/internal/util/Preconditions
instanceKlass java/nio/charset/spi/CharsetProvider
instanceKlass java/nio/charset/Charset
instanceKlass java/util/HashMap$HashIterator
instanceKlass java/util/Objects
instanceKlass java/util/concurrent/locks/LockSupport
instanceKlass java/util/concurrent/ConcurrentHashMap$CounterCell
instanceKlass java/util/concurrent/locks/ReentrantLock
instanceKlass java/util/concurrent/locks/Lock
instanceKlass java/lang/Runtime
instanceKlass java/lang/VersionProps
instanceKlass java/lang/StringConcatHelper
instanceKlass jdk/internal/util/ArraysSupport
instanceKlass java/lang/StringLatin1
instanceKlass java/lang/StrictMath
instanceKlass jdk/internal/util/SystemProps$Raw
instanceKlass jdk/internal/util/SystemProps
instanceKlass java/lang/System$1
instanceKlass jdk/internal/access/JavaLangAccess
instanceKlass java/lang/ref/ReferenceQueue$Lock
instanceKlass java/lang/ref/ReferenceQueue
instanceKlass java/lang/ref/Reference$1
instanceKlass jdk/internal/access/JavaLangRefAccess
instanceKlass java/lang/Math
instanceKlass java/io/ObjectStreamClass
instanceKlass jdk/internal/reflect/ReflectionFactory
instanceKlass jdk/internal/access/SharedSecrets
instanceKlass java/lang/reflect/ReflectAccess
instanceKlass jdk/internal/access/JavaLangReflectAccess
instanceKlass jdk/internal/misc/CDS
instanceKlass jdk/internal/misc/VM
instanceKlass java/lang/String$CaseInsensitiveComparator
instanceKlass java/util/Comparator
instanceKlass java/io/ObjectStreamField
instanceKlass java/lang/Module$ArchivedData
instanceKlass jdk/internal/module/ArchivedBootLayer
instanceKlass jdk/internal/loader/BuiltinClassLoader$LoadedModule
instanceKlass jdk/internal/module/ServicesCatalog$ServiceProvider
instanceKlass java/util/concurrent/CopyOnWriteArrayList
instanceKlass jdk/internal/module/ServicesCatalog
instanceKlass java/util/concurrent/ConcurrentHashMap$Node
instanceKlass jdk/internal/loader/NativeLibraries
instanceKlass java/security/Principal
instanceKlass jdk/internal/loader/ArchivedClassLoaders
instanceKlass jdk/internal/math/FDBigInteger
instanceKlass java/lang/ModuleLayer
instanceKlass java/util/ImmutableCollections
instanceKlass jdk/internal/module/ModuleLoaderMap$Mapper
instanceKlass java/util/function/Function
instanceKlass java/lang/module/ResolvedModule
instanceKlass java/lang/module/Configuration
instanceKlass java/util/HashMap$Node
instanceKlass java/util/Map$Entry
instanceKlass java/util/Collections$UnmodifiableMap
instanceKlass jdk/internal/module/ModuleHashes
instanceKlass jdk/internal/module/ModuleTarget
instanceKlass java/lang/module/ModuleDescriptor$Opens
instanceKlass jdk/internal/module/SystemModuleFinders$2
instanceKlass jdk/internal/module/ModuleHashes$HashSupplier
instanceKlass jdk/internal/module/SystemModuleFinders$1
instanceKlass java/util/function/Supplier
instanceKlass java/net/URI
instanceKlass java/lang/module/ModuleDescriptor$Provides
instanceKlass java/lang/module/ModuleDescriptor$Exports
instanceKlass java/lang/module/ModuleDescriptor$Requires
instanceKlass java/lang/module/ModuleDescriptor$Version
instanceKlass java/lang/module/ModuleDescriptor
instanceKlass java/lang/module/ModuleReference
instanceKlass java/util/Set
instanceKlass jdk/internal/module/SystemModuleFinders$SystemModuleFinder
instanceKlass java/lang/module/ModuleFinder
instanceKlass jdk/internal/module/ArchivedModuleGraph
instanceKlass sun/util/locale/BaseLocale
instanceKlass java/util/jar/Attributes$Name
instanceKlass java/lang/Character$CharacterCache
instanceKlass java/lang/Short$ShortCache
instanceKlass java/lang/Byte$ByteCache
instanceKlass java/lang/Long$LongCache
instanceKlass java/lang/Integer$IntegerCache
instanceKlass jdk/internal/vm/FillerObject
instanceKlass jdk/internal/vm/vector/VectorSupport$VectorPayload
instanceKlass jdk/internal/vm/vector/VectorSupport
instanceKlass java/lang/reflect/RecordComponent
instanceKlass java/util/Iterator
instanceKlass java/lang/Void
instanceKlass java/lang/Number
instanceKlass java/lang/Character
instanceKlass java/lang/Boolean
instanceKlass java/util/concurrent/locks/AbstractOwnableSynchronizer
instanceKlass java/lang/LiveStackFrame
instanceKlass java/lang/ClassFrameInfo
instanceKlass java/lang/StackWalker$StackFrame
instanceKlass java/lang/StackStreamFactory$AbstractStackWalker
instanceKlass java/lang/StackWalker
instanceKlass java/nio/Buffer
instanceKlass java/lang/StackTraceElement
instanceKlass java/util/RandomAccess
instanceKlass java/util/List
instanceKlass java/util/SequencedCollection
instanceKlass java/util/AbstractCollection
instanceKlass java/util/Collection
instanceKlass java/lang/Iterable
instanceKlass java/util/concurrent/ConcurrentMap
instanceKlass java/util/AbstractMap
instanceKlass java/security/CodeSource
instanceKlass jdk/internal/loader/ClassLoaders
instanceKlass java/util/jar/Manifest
instanceKlass java/lang/Enum
instanceKlass java/net/URL
instanceKlass java/io/InputStream
instanceKlass java/io/Closeable
instanceKlass java/lang/AutoCloseable
instanceKlass jdk/internal/module/Modules
instanceKlass jdk/internal/misc/Unsafe
instanceKlass jdk/internal/misc/UnsafeConstants
instanceKlass java/lang/AbstractStringBuilder
instanceKlass java/lang/Appendable
instanceKlass java/lang/AssertionStatusDirectives
instanceKlass jdk/internal/foreign/abi/ABIDescriptor
instanceKlass jdk/internal/foreign/abi/NativeEntryPoint
instanceKlass java/lang/invoke/CallSite
instanceKlass java/lang/invoke/MethodType
instanceKlass java/lang/invoke/TypeDescriptor$OfMethod
instanceKlass java/lang/invoke/LambdaForm
instanceKlass java/lang/invoke/MethodHandleNatives
instanceKlass java/lang/invoke/MethodHandleImpl
instanceKlass java/lang/invoke/ResolvedMethodName
instanceKlass java/lang/invoke/MemberName
instanceKlass java/lang/invoke/VarHandle
instanceKlass java/lang/invoke/MethodHandle
instanceKlass jdk/internal/reflect/ConstructorAccessorImpl
instanceKlass jdk/internal/reflect/ConstructorAccessor
instanceKlass jdk/internal/reflect/CallerSensitive
instanceKlass java/lang/annotation/Annotation
instanceKlass jdk/internal/reflect/ConstantPool
instanceKlass jdk/internal/reflect/MethodAccessorImpl
instanceKlass jdk/internal/reflect/MethodAccessor
instanceKlass jdk/internal/vm/StackChunk
instanceKlass jdk/internal/vm/Continuation
instanceKlass jdk/internal/vm/ContinuationScope
instanceKlass java/lang/reflect/Parameter
instanceKlass java/lang/reflect/Member
instanceKlass java/lang/reflect/AccessibleObject
instanceKlass java/lang/Module
instanceKlass java/util/Map
instanceKlass java/util/Dictionary
instanceKlass java/lang/ThreadGroup
instanceKlass java/lang/Thread$UncaughtExceptionHandler
instanceKlass java/lang/Thread$Constants
instanceKlass java/lang/Thread$FieldHolder
instanceKlass java/lang/Thread
instanceKlass java/lang/Runnable
instanceKlass java/lang/ref/Reference
instanceKlass java/lang/Record
instanceKlass java/security/ProtectionDomain
instanceKlass java/lang/Throwable
instanceKlass java/lang/System
instanceKlass java/lang/ClassLoader
instanceKlass java/lang/Cloneable
instanceKlass java/lang/Class
instanceKlass java/lang/invoke/TypeDescriptor$OfField
instanceKlass java/lang/invoke/TypeDescriptor
instanceKlass java/lang/reflect/Type
instanceKlass java/lang/reflect/GenericDeclaration
instanceKlass java/lang/reflect/AnnotatedElement
instanceKlass java/lang/String
instanceKlass java/lang/constant/ConstantDesc
instanceKlass java/lang/constant/Constable
instanceKlass java/lang/CharSequence
instanceKlass java/lang/Comparable
instanceKlass java/io/Serializable
ciInstanceKlass java/lang/Object 1 1 115 7 1 10 12 1 1 10 7 12 1 1 1 10 7 12 1 1 1 10 12 1 1 8 1 10 12 1 1 10 7 12 1 1 1 10 12 1 10 12 1 1 100 1 8 1 10 12 1 10 7 12 1 1 1 7 1 10 12 1 7 1 10 12 1 1 8 1 3 8 1 100 1 5 0 1 1 1 1 1 1 1 1 1 1 1 1 1 1 1 1 7 1 1 1 1 1 1 1 1 1 1 1 1 1 7 1 1 1 1 1 1 3 1 1
ciMethod java/lang/Object equals (Ljava/lang/Object;)Z 786 0 7538 0 -1
ciMethod java/lang/Object hashCode ()I 256 0 128 0 -1
ciInstanceKlass java/io/Serializable 1 0 7 100 1 100 1 1 1
ciInstanceKlass java/lang/System 1 1 591 10 100 12 1 1 1 10 7 12 1 1 1 10 12 1 1 10 12 1 9 12 1 1 10 7 12 1 1 1 11 7 12 1 1 1 10 100 12 1 1 1 10 12 1 1 100 1 8 1 10 12 1 9 12 1 1 9 12 1 1 10 7 12 1 1 1 10 7 12 1 1 1 10 12 1 1 10 12 1 10 7 12 1 1 1 10 12 1 10 12 1 1 7 1 10 12 1 1 100 1 8 1 10 10 12 1 1 100 1 8 1 10 10 7 12 1 1 10 12 10 100 12 1 1 10 7 12 1 1 1 100 1 8 1 10 10 100 12 1 1 1 10 100 12 1 1 1 100 1 10 100 12 1 1 1 10 12 1 1 10 7 12 1 1 1 10 12 1 1 10 12 1 10 12 1 8 1 10 12 1 1 10 12 1 1 8 1 10 12 1 7 1 7 1 10 12 1 9 7 12 1 1 1 10 7 12 1 1 1 10 12 1 10 12 1 10 7 12 1 1 1 100 1 8 1 10 9 12 1 1 9 12 1 10 12 1 10 100 12 1 1 10 12 1 10 12 1 1 100 1 10 8 1 10 12 1 1 10 12 1 10 12 1 1 10 12 1 1 8 1 11 7 12 1 1 10 12 11 12 1 1 11 7 12 1 1 1 11 7 12 1 1 11 12 1 1 7 1 11 12 1 10 12 1 8 1 10 12 1 1 8 1 8 1 8 1 8 1 11 12 1 10 12 1 1 10 12 1 10 12 1 8 1 10 12 1 1 8 1 9 12 1 8 1 10 7 12 1 1 8 1 7 1 9 7 12 1 1 1 10 12 1 7 1 9 12 10 9 12 7 1 10 12 9 12 1 1 8 1 10 12 1 1 8 1 9 12 1 10 7 12 1 1 10 12 1 10 12 1 1 11 7 12 1 1 10 12 10 7 12 1 1 1 9 12 1 1 100 1 100 1 8 1 10 12 1 1 10 12 1 8 1 8 1 10 8 1 8 1 8 1 8 1 8 1 10 8 1 10 7 12 1 1 1 10 7 12 1 1 1 10 12 1 1 7 1 10 10 12 1 10 12 1 9 12 1 1 1 1 1 1 1 1 1 1 1 1 100 1 1 100 1 1 1 1 1 1 1 1 1 1 3 1 1 1 1 1 1 1 1 1 1 1 1 1 1 1 1 1 1 1 1 1 1 1 1 1 1 1 1 1 1 1 1 1 1 1 1 1 1 1 1 1 1 1 1 1 1 1 1 1 1 1 100 1 1 1 1 1 1 1 1 1 1 1 1 1 1 1 1 1 1 1 1 1 1 1 1 1 100 1 100 1 1 1 1 1 1 1 1
staticfield java/lang/System in Ljava/io/InputStream; java/io/BufferedInputStream
staticfield java/lang/System out Ljava/io/PrintStream; java/io/PrintStream
staticfield java/lang/System err Ljava/io/PrintStream; java/io/PrintStream
instanceKlass org/springframework/beans/factory/support/ManagedProperties
instanceKlass java/security/Provider
instanceKlass java/security/Security$1
instanceKlass org/springframework/core/SortedProperties
ciInstanceKlass java/util/Properties 1 1 690 10 7 12 1 1 1 100 1 10 7 12 1 1 7 1 10 12 1 9 12 1 1 9 12 1 1 9 12 1 1 10 7 12 1 1 1 10 12 1 1 8 1 10 7 12 1 1 1 7 1 10 12 1 10 12 1 1 8 1 10 12 1 7 1 10 12 10 12 1 1 9 12 1 1 10 12 1 1 7 1 10 12 1 10 12 1 10 12 1 1 100 1 8 1 10 12 1 10 12 1 10 12 1 1 10 12 1 100 1 3 10 10 100 12 1 1 1 10 12 1 10 12 1 1 8 1 10 12 1 10 12 1 1 8 1 10 100 12 1 1 10 12 1 1 10 12 1 10 12 1 1 100 1 10 12 1 10 12 1 1 100 1 9 100 12 1 1 1 10 12 1 10 12 1 1 10 12 1 1 10 12 1 1 100 1 9 12 1 1 7 1 100 1 10 12 1 100 1 11 7 12 1 1 1 11 12 1 1 11 100 12 1 1 1 11 7 12 1 1 1 11 12 1 1 11 12 1 11 12 1 10 12 1 1 8 1 10 12 1 10 100 12 1 1 10 12 1 100 1 10 10 12 1 10 12 1 100 1 10 10 12 1 1 10 100 12 1 1 9 100 12 1 1 10 12 1 1 10 100 12 1 1 1 100 1 100 1 100 1 10 8 1 8 1 10 12 1 10 12 1 10 12 1 1 10 10 12 1 1 10 12 1 1 100 1 10 10 12 1 11 7 12 1 1 10 7 12 1 1 1 8 1 10 100 12 1 1 11 11 7 1 8 1 10 100 1 11 10 12 1 10 10 12 1 10 12 1 1 10 12 1 1 10 12 1 1 10 12 1 10 12 1 10 10 12 1 10 12 1 10 12 1 10 10 12 1 1 10 12 1 1 10 10 12 1 10 12 1 10 12 1 10 12 1 10 12 1 1 10 12 1 1 10 12 1 10 12 1 10 12 1 1 10 12 10 12 1 1 10 12 1 1 10 12 1 10 12 1 1 10 12 1 1 10 12 10 11 12 1 4 11 10 12 1 1 10 100 12 1 1 11 12 1 10 12 1 1 10 100 12 1 1 10 12 1 100 1 8 1 10 12 1 10 10 100 12 1 1 1 100 1 6 0 10 12 1 1 11 100 12 1 1 1 10 12 1 10 12 1 1 1 1 1 5 0 1 1 1 1 1 1 1 1 1 1 1 1 1 1 1 1 1 1 1 1 1 1 1 1 1 1 1 1 1 1 1 1 1 1 1 1 1 1 1 100 1 1 1 1 1 1 1 1 1 1 1 1 1 1 1 1 1 1 1 1 100 1 1 1 1 1 1 1 1 1 1 1 1 100 1 100 1 1 1 1 1 100 1 1 1 1 1 1 1 1 1 1 1 1 1 1 1 1 1 1 1 1 1 1 1 1 1 1 1 1 1 1 1 1 1 1 1 1 1 1 1 1 1 1 1 1 1 1 1 1 1 1 1 1 1 1 1 1 1 1 1 1 1 1 1 1 1 1 1 1 1 1 1 1 1 1 1 1 1 100 1 1 1 1 1 1 1 1 1 1 1 100 1 1
staticfield java/util/Properties UNSAFE Ljdk/internal/misc/Unsafe; jdk/internal/misc/Unsafe
instanceKlass java/util/Hashtable
ciInstanceKlass java/util/Dictionary 1 1 36 10 7 12 1 1 1 100 1 1 1 1 1 1 1 1 1 1 1 1 1 1 1 1 1 1 1 1 1 1 1 1 1 1 1 1
instanceKlass java/util/Properties
ciInstanceKlass java/util/Hashtable 1 1 516 100 1 10 7 12 1 1 1 9 7 12 1 1 1 100 1 100 1 10 8 1 10 12 1 1 10 12 1 10 12 1 1 10 12 1 10 7 12 1 1 1 8 1 10 12 1 9 12 1 1 7 1 9 12 1 1 4 10 7 12 1 1 1 9 12 1 4 10 12 1 11 100 12 1 1 1 10 12 1 1 10 12 1 1 9 12 1 10 12 1 1 100 1 10 9 12 1 1 10 7 12 1 1 1 9 12 1 1 10 12 1 10 12 1 3 9 12 1 9 12 1 3 10 12 1 10 12 1 10 12 1 1 11 12 1 1 11 100 12 1 1 1 11 100 12 1 1 1 11 12 1 100 1 11 12 1 11 12 1 10 12 1 1 10 12 1 1 10 12 1 9 12 1 1 9 12 9 12 1 1 10 100 1 100 1 10 12 1 10 8 1 10 10 12 1 8 1 10 8 1 10 7 12 1 1 1 7 1 10 12 1 10 12 1 7 1 10 12 1 10 12 1 1 100 1 10 100 1 10 10 12 1 1 11 12 1 1 11 12 1 100 1 10 10 10 100 12 1 1 11 100 12 1 1 1 100 1 10 11 100 12 1 1 11 100 12 1 10 12 1 10 12 1 1 10 100 12 1 1 10 12 1 1 10 12 1 1 10 12 1 1 10 100 12 1 1 1 8 10 100 12 1 1 100 1 8 1 10 4 4 10 12 1 1 10 12 1 8 1 4 10 12 10 100 12 1 1 1 100 1 11 100 12 1 1 1 10 100 12 1 1 1 10 12 1 10 12 1 1 10 100 1 100 1 1 1 1 1 1 5 0 1 1 1 1 1 3 1 3 1 3 1 1 1 1 1 1 1 1 1 1 1 1 1 1 1 1 1 1 1 1 1 1 1 1 1 100 1 1 1 1 1 1 1 1 1 1 1 1 1 1 1 1 1 1 1 1 1 1 1 1 1 1 1 1 1 100 1 1 1 1 1 1 1 1 1 1 1 1 1 1 100 1 1 1 1 1 1 1 1 1 1 1 1 1 1 1 1 1 1 1 1 1 1 1 1 1 1 1 1 1 1 1 1 1 1 1 1 1 1 1 1 1 1 1 1 100 1 1 1 100 1 1 1 1 1 100 1 1 1 1 1 1 1 1 1 1 1 1 1 1 1 1 1 1
ciInstanceKlass java/util/Map 1 1 263 11 7 12 1 1 1 11 12 1 1 10 7 12 1 1 11 12 1 1 11 100 12 1 1 1 11 100 12 1 1 1 11 12 1 1 7 1 11 12 1 11 12 1 100 1 100 1 10 12 1 1 11 100 12 1 1 1 11 100 12 1 1 1 11 12 1 11 12 1 10 12 1 1 11 12 1 11 7 12 1 9 7 12 1 1 1 100 1 10 12 7 1 7 1 10 12 1 7 1 10 7 1 11 12 1 11 12 1 1 11 12 1 1 100 1 11 12 1 1 1 1 1 1 1 1 1 1 1 1 1 1 1 1 1 1 1 1 1 1 1 1 1 1 1 1 1 1 1 1 1 1 1 1 1 1 1 1 1 1 1 1 1 1 1 1 1 1 1 1 1 1 1 1 1 1 1 1 1 1 1 1 1 1 1 1 1 1 1 1 1 1 1 1 1 1 1 1 1 1 1 1 1 1 1 1 1 1 1 1 1 1 1 1 1 1 1 1 1 1 1 1 1 1 1 1 1 1 1 1 1 1 1 1 1 1 1 1 1 1 1 1 1 1 100 1 1 1 1 1 1 1 1 1 1 1 1 1 1 1 1 1 1
ciInstanceKlass java/lang/String 1 1 1471 10 7 12 1 1 1 8 1 9 7 12 1 1 1 9 12 1 1 9 12 1 1 9 12 1 1 10 12 1 10 12 1 1 10 12 1 1 9 12 1 10 7 12 1 1 1 10 12 1 1 10 12 1 10 7 12 1 1 1 10 12 1 1 10 12 1 1 10 12 1 10 12 1 1 10 12 1 10 7 12 1 1 1 7 1 9 7 12 1 1 1 10 7 12 1 1 1 10 12 1 1 10 12 1 1 10 7 12 1 1 1 10 12 1 1 9 7 12 1 1 10 12 9 7 12 1 1 10 12 1 1 3 10 12 1 1 7 1 11 12 1 1 11 12 1 11 12 1 1 10 100 12 1 1 1 10 12 1 1 9 100 12 1 1 1 10 12 1 1 10 12 1 11 12 1 1 10 12 1 10 12 10 12 1 1 7 1 100 1 10 12 1 10 12 1 10 7 12 1 1 1 10 12 1 1 100 1 10 12 1 1 100 1 10 12 1 1 10 12 1 1 10 12 1 10 10 12 1 100 1 100 1 7 1 10 12 1 10 12 1 1 10 12 1 1 10 12 1 10 12 1 1 10 12 1 1 10 100 12 1 1 100 1 11 10 7 12 1 1 11 12 1 11 12 1 10 12 1 10 12 1 10 12 10 12 1 1 10 10 100 12 1 1 1 10 100 12 1 1 10 12 1 1 10 100 12 1 1 10 12 1 10 12 1 1 10 12 1 1 10 12 1 10 12 1 10 12 1 1 100 1 10 12 1 1 10 12 10 12 1 10 12 1 1 10 12 1 1 10 100 12 1 1 1 10 12 1 10 12 1 1 10 12 1 10 12 1 3 3 10 12 1 1 10 12 1 10 12 1 1 10 12 1 1 10 12 1 1 10 12 1 10 12 1 1 10 12 1 1 10 12 1 10 12 1 10 12 1 10 12 1 1 10 12 1 10 12 1 10 12 1 10 12 1 10 12 1 10 12 1 10 100 1 10 8 1 10 12 1 1 10 12 1 8 1 10 12 1 1 10 12 10 12 1 8 1 10 10 12 1 1 10 12 1 1 100 1 5 0 100 1 8 1 10 10 12 1 1 5 0 5 0 5 0 10 12 1 1 10 100 1 10 10 12 1 10 12 1 10 12 1 10 10 12 1 10 12 1 10 12 1 10 12 1 10 12 1 10 12 1 10 12 1 1 10 12 1 1 10 12 1 1 10 10 12 1 1 10 10 12 1 100 1 10 9 100 12 1 1 1 11 100 12 1 1 1 10 12 1 1 10 12 1 1 10 7 1 10 12 1 10 12 1 10 7 12 1 1 1 10 12 1 10 12 1 1 10 12 1 11 7 1 11 12 10 12 1 10 12 1 1 10 12 1 1 10 10 12 1 10 12 1 9 12 1 1 11 7 12 1 1 1 10 12 10 10 12 1 10 12 1 1 10 10 12 1 10 12 1 10 12 1 1 10 12 1 1 10 10 12 1 1 10 10 7 12 1 1 1 10 12 1 10 12 1 10 12 10 10 12 10 10 12 1 10 12 1 10 10 12 10 12 1 1 10 12 10 10 12 10 12 1 10 12 10 12 10 10 12 1 10 12 1 1 10 12 1 1 10 10 12 1 10 7 12 1 1 1 10 12 1 1 10 10 7 12 1 1 1 11 10 12 1 10 12 1 1 10 12 1 1 10 100 12 1 1 1 10 12 1 10 12 1 10 12 1 10 12 1 10 12 1 10 12 1 100 1 10 10 12 1 10 12 1 1 8 1 10 12 1 3 3 10 12 1 10 12 1 1 10 12 7 1 10 10 12 1 1 10 12 10 12 1 10 12 1 10 12 1 1 10 12 1 1 11 7 12 1 1 1 7 1 10 12 1 10 12 1 1 8 1 10 12 1 1 10 12 1 11 100 12 1 1 1 11 100 12 1 1 11 12 1 10 12 1 10 12 1 1 10 10 7 12 1 1 1 10 12 1 10 12 1 10 10 12 10 12 1 1 10 10 12 1 10 10 12 1 10 10 12 1 10 10 12 1 10 12 1 1 10 10 12 1 8 1 10 12 1 1 18 12 1 1 11 100 12 1 1 1 3 18 12 1 18 12 1 8 1 10 100 12 1 1 1 11 12 1 1 10 12 10 10 12 1 10 11 12 1 1 10 12 1 1 11 12 1 18 3 11 10 11 11 10 12 1 10 12 1 1 8 1 10 12 1 10 12 1 10 12 1 1 10 10 12 1 11 100 12 1 7 1 100 1 10 12 100 1 10 10 7 12 1 1 1 100 1 10 7 1 10 10 12 1 10 10 12 1 8 1 10 10 12 1 8 1 8 1 10 12 1 10 12 1 10 10 12 10 100 12 1 1 10 100 12 1 1 10 100 12 1 1 8 1 10 12 1 10 12 1 10 9 12 1 10 12 9 7 12 1 1 1 10 12 1 10 12 1 10 12 1 10 12 10 12 1 10 12 1 8 1 10 100 12 1 1 1 10 12 10 12 1 1 10 12 10 12 10 12 7 1 9 12 1 1 7 1 10 100 1 100 1 100 1 100 1 1 1 1 1 1 5 0 1 1 1 1 1 3 1 3 1 1 1 1 1 1 1 1 1 1 1 1 1 1 1 100 1 1 1 1 1 1 1 1 1 1 1 1 1 1 1 1 1 1 1 1 1 1 1 1 1 1 1 1 1 1 1 100 1 1 1 1 1 1 1 1 1 1 1 1 100 1 1 1 1 1 1 1 1 1 1 1 1 1 1 1 1 1 1 1 1 1 1 1 1 1 1 1 1 1 1 1 1 1 1 1 1 1 1 1 1 1 1 1 1 1 1 1 1 1 1 1 1 1 1 1 1 1 1 1 1 1 1 1 1 1 1 1 1 1 1 1 1 1 1 1 1 1 1 1 1 1 1 1 1 1 1 1 1 1 1 1 1 1 1 1 1 1 1 1 1 1 1 1 1 1 1 1 1 1 1 1 1 1 1 1 1 1 1 1 1 1 1 1 1 1 1 1 1 1 1 1 1 1 1 1 1 1 1 1 1 1 1 1 1 1 1 1 1 1 1 1 1 1 1 1 1 1 1 1 1 1 1 1 1 1 1 1 1 1 1 1 1 1 1 1 1 1 1 1 100 1 1 1 1 1 1 1 1 1 1 1 1 1 1 1 1 1 1 1 1 1 1 1 100 1 1 1 1 1 1 1 1 1 1 1 1 1 1 1 7 1 1 1 1 1 1 1 1 1 1 1 1 1 1 1 16 15 10 12 16 15 10 12 15 10 12 15 10 12 15 10 100 12 1 1 1 1 100 1 1 1 1 1 100 1 100 1 1 1
staticfield java/lang/String COMPACT_STRINGS Z 1
staticfield java/lang/String serialPersistentFields [Ljava/io/ObjectStreamField; 0 [Ljava/io/ObjectStreamField;
staticfield java/lang/String CASE_INSENSITIVE_ORDER Ljava/util/Comparator; java/lang/String$CaseInsensitiveComparator
ciMethod java/lang/String equals (Ljava/lang/Object;)Z 512 0 6051 0 464
ciMethod java/lang/String hashCode ()I 792 0 10861 0 696
ciInstanceKlass java/lang/Comparable 1 0 12 100 1 100 1 1 1 1 1 1 1 1
ciInstanceKlass java/lang/CharSequence 1 1 145 11 7 12 1 1 1 18 12 1 1 100 1 10 100 12 1 1 1 18 10 100 12 1 1 1 11 12 1 1 11 100 1 11 12 1 1 10 100 12 1 1 1 11 12 1 1 10 12 1 1 10 12 1 100 1 10 12 1 1 10 100 12 1 1 1 100 1 10 10 12 1 1 100 1 1 1 1 1 1 1 1 1 1 1 1 1 1 1 1 1 1 1 1 1 1 1 1 1 1 1 1 1 1 1 1 1 1 1 1 1 1 1 1 16 1 15 11 12 16 15 11 12 15 10 100 12 1 1 1 1 1 100 1 100 1 1 100 1 1 100 1 100 1 1
ciMethod java/lang/String length ()I 1024 0 563440 0 104
ciInstanceKlass java/lang/constant/Constable 1 0 11 100 1 100 1 1 1 1 1 1 1
ciInstanceKlass java/lang/constant/ConstantDesc 1 0 37 100 1 100 1 1 1 1 100 1 1 1 1 100 1 100 1 100 1 100 1 100 1 100 1 100 1 100 1 100 1 1 100 1 100 1 1
ciInstanceKlass java/lang/AutoCloseable 1 0 12 100 1 100 1 1 1 1 100 1 1 1
ciInstanceKlass java/io/Closeable 1 0 14 100 1 100 1 100 1 1 1 1 100 1 1 1
ciInstanceKlass java/lang/Appendable 1 0 14 100 1 100 1 1 1 1 100 1 1 1 1 1
ciInstanceKlass java/util/Set 1 1 144 100 1 10 7 12 1 1 1 9 7 12 1 1 1 7 1 10 12 1 1 10 12 1 7 1 7 1 10 12 1 7 1 7 1 11 7 12 1 1 1 11 12 1 1 7 1 10 12 1 10 12 1 1 11 12 1 1 1 1 1 1 1 1 1 1 1 1 1 1 1 1 1 1 1 1 1 1 1 1 1 1 1 1 1 1 1 1 1 1 1 1 1 1 1 1 1 1 1 1 1 1 1 1 1 1 1 1 1 1 1 1 1 1 1 1 1 1 1 1 1 1 1 1 1 1 1 1 1 1 1 1 1 1 1 1 1 1 1 1 1 1 1 1
ciInstanceKlass java/util/Iterator 1 1 53 100 1 8 1 10 12 1 1 10 7 12 1 1 1 11 7 12 1 1 1 11 12 1 1 11 7 12 1 1 1 100 1 1 1 1 1 1 1 1 1 1 1 1 1 1 1 1 1 1 1 1 1
ciInstanceKlass java/util/Map$Entry 1 0 178 18 12 1 1 100 1 100 1 18 10 100 12 1 1 1 18 12 1 18 100 1 11 100 12 1 1 1 11 12 1 11 100 12 1 1 1 10 100 12 1 1 1 10 100 12 1 1 1 8 1 10 12 1 1 8 1 8 1 8 1 10 12 1 10 12 1 8 10 100 1 10 12 1 8 10 12 1 8 1 10 12 1 8 10 12 1 8 1 10 12 1 1 8 1 100 1 8 1 10 12 1 1 11 12 100 1 11 12 1 1 1 1 1 1 1 1 1 1 1 1 1 1 1 1 1 1 1 1 1 1 1 1 1 1 1 1 1 1 1 1 1 1 1 1 1 1 1 16 15 11 12 16 3 3 15 11 12 15 11 12 15 11 12 15 10 100 12 1 1 1 1 1 100 1 100 1 1
instanceKlass java/io/ObjectInputStream
instanceKlass sun/nio/ch/ChannelInputStream
instanceKlass org/springframework/boot/loader/zip/DataBlockInputStream
instanceKlass org/springframework/boot/loader/jar/NestedJarFile$JarEntryInputStream
instanceKlass org/springframework/boot/loader/net/protocol/jar/LazyDelegatingInputStream
instanceKlass java/util/zip/ZipFile$ZipFileInputStream
instanceKlass java/io/FilterInputStream
instanceKlass java/io/FileInputStream
instanceKlass java/io/ByteArrayInputStream
ciInstanceKlass java/io/InputStream 1 1 197 100 1 10 7 12 1 1 1 100 1 10 10 7 12 1 1 1 10 7 12 1 1 1 10 12 1 100 1 100 1 3 10 12 1 1 100 1 8 1 10 12 1 10 100 12 1 1 1 3 100 1 8 1 10 10 100 12 1 1 1 100 1 10 11 100 12 1 1 1 10 12 1 1 11 12 1 1 11 100 12 1 1 1 11 12 1 1 100 1 10 100 12 1 1 1 5 0 10 12 1 10 12 1 1 100 1 10 8 1 10 8 1 8 1 10 12 1 1 10 100 12 1 1 1 100 1 5 0 10 12 1 100 1 100 1 1 1 1 3 1 3 1 1 1 1 1 1 1 1 1 1 1 1 1 1 1 1 1 1 1 1 1 1 1 1 1 1 1 1 1 1 1 1 1 1 1 1 1 1 1 1 1 1 1 1 1 1 1 1 1 1 1 1 1 1 1
instanceKlass org/springframework/core/DecoratingClassLoader
instanceKlass java/security/SecureClassLoader
ciInstanceKlass java/lang/ClassLoader 1 1 1076 9 7 12 1 1 1 10 7 12 1 1 1 9 12 1 1 10 7 12 1 1 1 7 1 10 12 1 1 10 12 1 1 9 12 1 1 10 12 1 1 100 1 10 12 1 10 12 1 1 10 7 12 1 1 1 100 1 8 1 10 12 1 10 7 1 10 7 1 7 1 7 1 10 12 1 10 12 1 9 12 1 1 10 10 7 12 1 1 1 9 12 1 1 9 12 1 9 12 1 1 9 12 1 9 12 1 1 9 12 1 1 7 1 10 12 1 9 12 1 1 10 12 1 1 10 7 12 1 1 1 9 12 1 9 12 1 1 9 12 1 10 12 1 1 9 12 10 12 1 1 7 1 10 8 1 10 12 1 1 10 12 1 10 7 1 7 1 10 7 12 1 1 1 10 7 12 1 1 1 8 1 10 12 1 10 12 1 10 12 1 1 10 12 1 1 10 12 1 1 10 12 1 1 10 12 1 1 10 12 1 7 1 10 12 1 10 7 12 1 1 1 10 12 1 1 10 12 1 10 12 1 10 12 1 10 12 1 10 12 1 1 10 10 12 1 10 12 1 10 10 12 1 1 10 12 1 1 100 1 8 1 10 8 1 10 12 1 10 12 1 100 1 8 1 10 12 1 1 10 12 1 1 10 10 12 1 1 10 12 1 1 10 12 1 1 10 7 1 10 12 1 10 12 1 1 10 12 1 1 10 12 1 1 10 12 1 1 10 12 1 1 10 12 1 1 10 12 1 1 10 7 12 1 1 1 10 12 1 10 12 1 10 12 1 1 10 12 1 10 12 1 10 12 1 10 12 1 1 10 12 1 10 12 1 1 8 1 9 12 1 10 12 1 1 8 1 8 1 10 7 12 1 1 100 1 10 10 12 10 12 1 10 12 1 10 12 1 10 12 1 1 10 7 12 1 1 10 12 1 10 7 1 7 1 10 12 1 1 10 12 1 10 7 1 10 12 1 100 1 18 12 1 10 100 12 1 1 1 10 100 12 1 1 1 10 7 12 1 1 10 12 1 10 12 1 100 1 10 12 1 8 1 10 10 12 1 1 10 12 1 10 12 1 1 7 1 10 12 1 1 10 100 12 1 1 10 12 1 10 7 12 1 1 10 12 1 8 1 100 1 10 10 12 1 9 12 1 10 7 12 1 1 10 12 1 100 1 8 1 10 12 1 10 8 1 8 1 10 12 1 1 10 12 1 1 10 12 1 1 10 100 12 1 1 100 1 100 1 10 12 1 1 100 1 100 1 10 100 12 1 1 10 12 1 10 12 1 10 12 1 10 12 1 10 12 1 1 10 12 1 8 1 7 1 18 12 1 1 10 12 1 1 10 12 1 10 12 1 10 12 1 8 1 10 12 1 10 12 1 18 12 1 11 100 12 1 1 1 100 1 10 12 1 1 10 12 1 10 11 12 1 1 10 18 10 12 1 1 11 100 12 1 18 12 1 11 12 1 1 10 12 1 10 12 1 1 10 12 1 1 7 1 8 1 10 10 12 1 8 1 8 1 10 7 12 1 1 10 12 1 100 1 10 10 12 1 8 1 8 1 8 1 10 12 1 10 12 1 10 12 1 1 10 12 1 1 10 12 1 10 100 12 1 1 1 11 100 12 1 1 100 1 10 11 10 12 1 10 12 1 10 12 1 1 9 100 12 1 1 9 12 1 1 9 12 9 12 1 9 12 1 9 12 1 8 10 12 1 1 10 7 12 1 1 1 10 12 1 1 10 12 1 1 10 12 1 1 8 1 10 12 1 1 8 10 12 1 1 8 8 10 12 1 10 12 1 10 12 1 11 12 1 1 10 100 12 1 1 1 100 1 10 12 1 10 12 1 10 12 1 1 1 1 1 1 1 1 1 1 1 1 1 1 1 1 1 1 1 1 1 1 1 1 1 1 100 1 1 1 1 1 1 1 1 1 1 1 1 1 1 1 1 1 1 1 1 1 1 1 1 1 7 1 1 1 1 1 1 1 1 1 1 1 1 1 1 1 1 1 1 1 1 1 1 1 1 1 1 1 1 1 1 1 1 1 1 1 1 1 1 1 1 1 1 1 100 1 1 1 1 1 1 1 1 1 1 1 1 1 1 1 1 1 1 1 1 1 100 1 1 1 1 1 1 1 1 1 1 1 1 1 1 1 1 1 1 1 1 1 1 1 1 1 1 1 1 1 1 1 1 1 1 1 1 1 1 1 1 1 1 1 1 100 1 1 1 1 1 1 1 1 1 1 1 1 1 1 1 1 1 1 1 1 1 1 1 1 1 1 1 1 1 1 1 1 1 1 1 1 1 1 1 1 1 1 1 1 1 1 1 1 1 1 1 16 1 15 10 12 16 1 16 15 10 12 16 1 16 1 15 10 12 16 15 10 12 16 15 10 12 16 15 10 7 12 1 1 1 1 1 100 1 100 1 1
staticfield java/lang/ClassLoader nocerts [Ljava/security/cert/Certificate; 0 [Ljava/security/cert/Certificate;
staticfield java/lang/ClassLoader $assertionsDisabled Z 1
instanceKlass org/springframework/context/support/AbstractApplicationContext$1
instanceKlass java/util/logging/LogManager$Cleaner
instanceKlass jdk/internal/misc/InnocuousThread
instanceKlass java/lang/ref/Finalizer$FinalizerThread
instanceKlass java/lang/ref/Reference$ReferenceHandler
instanceKlass java/lang/BaseVirtualThread
ciInstanceKlass java/lang/Thread 1 1 761 9 7 12 1 1 1 9 7 12 1 1 1 9 12 1 9 12 1 10 12 1 1 9 12 1 1 10 100 12 1 1 10 12 1 10 100 12 1 1 100 1 8 1 10 12 1 1 9 12 1 1 9 12 1 9 12 1 1 7 1 10 12 1 1 10 12 1 100 1 10 12 10 12 1 1 9 12 1 1 10 12 1 100 1 10 12 1 10 12 1 1 10 12 1 1 10 12 1 10 12 1 1 100 1 8 1 10 9 100 12 1 1 1 10 12 1 1 10 3 8 1 100 1 5 0 10 7 12 1 1 1 9 12 1 10 12 1 1 10 7 1 100 1 8 1 10 10 12 1 10 12 1 1 10 12 1 1 10 7 12 1 1 10 12 1 10 12 1 10 7 12 1 1 5 0 9 12 1 10 7 12 1 1 1 10 12 1 1 9 12 1 1 10 100 12 1 1 10 100 12 1 1 1 10 12 1 10 12 1 1 9 12 1 1 10 7 12 1 1 9 12 1 8 1 9 100 12 1 1 1 5 0 100 1 10 7 1 10 100 1 10 7 1 10 8 1 10 12 1 1 10 7 12 1 10 12 1 10 12 1 100 1 8 1 10 10 12 1 10 12 1 1 10 100 12 1 1 1 10 100 12 1 1 1 10 12 1 7 1 9 12 1 1 100 1 10 10 12 1 9 12 1 1 10 12 1 1 10 12 1 1 10 12 1 10 12 1 9 12 1 1 10 10 12 1 1 10 12 1 1 11 7 12 1 1 10 7 12 1 1 9 12 1 1 9 12 1 1 10 100 12 1 1 10 12 1 1 10 12 1 10 7 12 1 1 10 12 1 100 1 10 9 12 1 1 10 12 1 11 100 12 1 1 11 12 1 10 12 1 10 12 1 10 12 1 9 12 1 10 10 12 1 10 12 1 1 9 12 1 9 12 10 12 1 8 1 10 12 1 10 12 1 10 12 1 10 12 1 10 12 1 1 10 12 1 10 12 1 1 10 100 12 1 1 10 12 1 10 12 1 10 12 1 10 12 1 1 9 7 12 1 1 1 8 1 10 9 12 1 10 12 1 7 1 8 1 10 10 12 1 8 1 10 12 1 1 9 12 8 1 10 10 12 1 10 12 1 8 1 10 12 1 10 8 1 9 12 1 1 10 12 1 1 10 10 12 1 10 12 1 100 10 7 12 1 1 1 10 12 1 1 10 12 1 1 10 100 12 1 1 1 11 100 12 1 1 1 10 12 1 1 9 12 1 10 12 1 10 12 1 1 11 100 12 1 1 1 10 12 1 1 1 1 3 1 3 1 3 1 3 1 1 1 1 1 1 1 1 1 1 1 1 1 1 1 1 1 1 1 1 1 1 1 1 1 1 1 100 1 1 1 1 1 1 1 1 1 1 1 1 1 1 1 1 1 1 100 1 1 1 1 1 1 1 1 1 1 1 1 1 1 1 100 1 1 1 1 1 1 1 1 1 1 1 1 1 1 1 1 1 1 1 1 1 1 1 1 1 1 1 1 1 1 1 1 1 1 1 1 1 1 1 1 1 1 1 1 1 1 1 1 1 1 1 1 1 1 1 1 1 1 1 1 1 1 1 1 1 1 1 1 1 1 100 100 1 1 1 1 1 1 1 1 1 1 1 1 1 1 1 1 1 1 1 1 1 1 1 100 1 100 1 100 1 1 1 1 100 1 1 1 1 1 1 1 1 1 1 1 1
staticfield java/lang/Thread NEW_THREAD_BINDINGS Ljava/lang/Object; java/lang/Class
staticfield java/lang/Thread EMPTY_STACK_TRACE [Ljava/lang/StackTraceElement; 0 [Ljava/lang/StackTraceElement;
ciInstanceKlass java/lang/Runnable 1 0 11 100 1 100 1 1 1 1 1 1 1
ciMethod java/lang/System identityHashCode (Ljava/lang/Object;)I 256 0 128 0 -1
ciInstanceKlass java/lang/Class 1 1 1652 10 7 12 1 1 1 10 7 12 1 1 9 12 1 1 9 12 1 1 9 12 1 1 9 12 1 1 9 12 1 1 10 12 1 1 8 1 10 12 1 8 1 8 1 10 12 1 1 10 7 12 1 1 1 10 12 1 7 1 10 10 12 1 10 12 1 1 10 12 1 1 10 12 1 1 10 7 12 1 1 10 12 1 10 12 1 10 12 1 1 10 12 1 8 1 10 12 1 8 1 10 12 1 8 1 8 1 10 12 1 1 10 7 12 1 1 1 18 12 1 1 11 7 12 1 1 1 8 1 8 1 8 1 10 7 12 1 1 1 11 12 1 1 8 1 10 12 1 10 10 12 1 1 10 12 1 8 1 10 12 1 1 8 1 10 12 1 10 12 1 1 11 100 12 1 1 1 11 100 12 1 1 1 11 8 1 18 8 1 10 12 1 10 7 12 1 1 10 12 1 1 10 7 12 1 1 1 10 12 1 1 10 12 1 1 10 7 12 1 1 1 10 7 12 1 10 12 1 1 10 7 1 10 12 1 8 1 10 8 1 8 1 8 1 8 1 8 1 8 1 8 1 8 1 9 100 12 1 1 9 100 1 9 100 1 9 100 1 9 100 1 9 100 1 9 100 1 9 100 1 9 100 1 9 12 1 1 7 1 8 1 10 12 1 10 12 1 1 100 1 10 12 1 1 10 7 12 1 1 1 10 7 12 1 1 1 7 1 7 1 10 10 12 1 1 10 12 1 1 100 1 10 100 12 1 1 1 10 12 1 1 10 12 1 1 10 12 9 12 1 1 10 12 1 9 12 1 1 9 12 1 1 10 12 1 1 10 7 1 10 12 1 10 12 1 1 10 9 12 1 10 12 1 8 1 10 12 1 1 10 12 1 1 10 12 1 10 12 1 10 12 1 1 9 7 12 1 1 1 10 12 1 10 7 12 1 1 10 12 1 10 12 1 10 12 1 10 12 1 9 100 12 1 1 1 9 12 1 10 12 1 10 12 1 1 9 12 1 1 10 7 10 12 1 1 10 100 12 1 1 10 12 1 10 12 1 1 10 100 12 1 1 1 10 12 1 10 12 1 1 10 12 1 10 12 1 10 12 1 1 10 7 1 10 10 12 1 1 10 12 1 1 10 12 10 10 12 1 1 100 1 8 1 10 10 12 1 1 10 12 1 100 1 11 12 1 10 12 1 10 12 1 10 100 12 1 1 10 10 12 1 1 8 1 10 12 1 8 1 9 12 1 10 12 1 10 12 1 10 12 1 10 12 100 1 9 12 1 10 12 1 9 12 1 10 12 1 10 12 1 10 12 1 10 10 12 1 10 12 1 10 12 1 10 12 1 10 12 1 10 12 1 7 1 10 10 12 1 10 12 1 11 100 12 1 1 11 12 1 1 10 12 1 1 10 12 1 1 10 12 1 1 10 12 1 1 10 12 1 1 10 12 1 1 7 1 10 10 12 1 1 10 12 1 1 10 12 1 1 10 10 12 1 10 12 1 1 10 12 1 1 10 12 1 1 10 12 1 1 10 12 10 12 1 1 10 7 12 1 1 1 10 12 1 10 12 1 1 10 12 1 10 100 12 1 1 1 10 12 1 1 10 10 12 1 1 100 1 10 10 12 1 1 10 100 12 1 1 1 100 1 100 1 10 12 1 1 10 12 1 10 10 12 1 1 10 12 1 10 12 1 10 12 1 10 100 12 1 1 1 11 7 12 1 1 10 12 1 10 12 1 9 100 12 1 1 8 1 10 12 1 10 12 1 10 12 1 10 12 1 1 9 12 1 9 12 1 1 10 7 12 1 1 9 12 1 10 12 1 1 10 10 12 1 10 7 12 1 1 1 10 7 12 1 1 10 7 12 1 1 9 12 1 1 10 12 1 9 12 1 10 12 1 10 12 1 1 9 12 1 1 9 12 1 10 12 1 10 12 1 1 9 12 1 100 1 10 10 12 1 1 7 1 10 100 11 100 1 9 12 1 1 9 12 1 10 12 1 9 12 1 1 9 12 1 10 12 1 10 12 1 1 9 12 1 7 1 10 10 12 1 1 10 10 12 1 10 12 10 10 12 1 9 12 1 10 12 1 1 10 12 1 8 10 7 8 1 18 8 1 8 1 10 12 1 9 12 1 9 12 1 1 10 12 1 7 1 7 1 10 12 1 9 12 1 1 10 10 12 1 9 12 1 8 1 10 12 1 10 10 12 1 1 100 1 100 1 9 12 1 100 1 8 1 10 10 7 12 1 1 1 10 12 11 7 12 1 1 1 10 12 1 10 12 1 1 10 8 1 10 12 1 8 1 10 12 1 1 9 7 12 1 1 11 12 7 1 11 7 12 1 1 9 12 1 10 100 12 1 1 1 10 7 12 1 1 10 12 1 1 9 12 1 9 10 12 1 1 10 12 1 1 10 12 1 1 10 12 1 1 10 12 1 1 11 12 1 11 12 1 1 11 7 12 1 1 11 12 1 7 1 11 12 1 10 7 12 1 1 1 10 12 1 11 12 1 10 100 12 1 1 1 10 12 1 10 7 12 1 1 1 11 12 1 11 12 1 1 10 12 1 10 12 1 1 9 12 1 1 10 12 1 10 100 12 1 1 1 10 12 1 1 10 12 1 10 12 1 10 12 1 10 7 12 1 1 1 10 12 1 8 1 10 12 1 10 12 1 10 12 1 8 1 8 1 10 7 12 1 1 10 7 12 1 1 100 1 10 12 10 100 12 1 1 1 10 100 12 1 1 1 10 12 1 1 10 12 1 18 12 1 1 11 12 1 1 18 11 12 1 18 12 1 11 12 1 10 12 1 10 12 1 10 12 1 10 12 10 12 1 8 1 10 12 1 7 1 9 12 1 1 100 1 100 1 100 1 100 1 1 1 3 1 3 1 3 1 1 1 1 1 1 1 1 1 5 0 1 1 1 1 1 1 1 1 1 1 1 1 1 1 1 1 1 1 1 1 1 1 1 1 1 1 1 100 1 1 1 1 1 1 1 1 1 1 1 100 1 1 1 1 1 7 1 1 1 1 1 1 1 1 1 1 1 1 1 1 1 1 1 1 1 1 1 1 1 1 1 1 1 1 1 1 1 1 1 1 100 1 1 1 1 1 1 1 1 1 1 1 1 1 1 1 1 1 1 1 1 1 1 1 1 1 1 1 1 1 1 1 100 1 1 1 1 1 1 1 1 1 1 1 1 1 1 1 1 1 1 1 1 1 1 1 1 1 1 1 1 1 1 1 1 1 1 1 1 1 1 1 1 1 1 1 1 1 1 1 1 1 1 1 1 1 1 1 1 1 1 1 1 1 100 1 100 1 1 1 1 1 1 1 1 1 1 1 1 1 1 1 1 1 1 1 1 1 1 1 1 1 1 1 1 1 1 1 1 1 1 1 1 1 1 1 1 1 1 1 1 1 1 1 1 1 1 1 1 1 1 1 1 1 1 1 1 1 1 1 1 1 1 1 1 1 1 1 1 1 1 1 1 1 1 1 1 1 1 1 1 1 1 1 1 1 1 1 1 1 1 1 1 1 1 1 1 1 1 1 1 1 1 1 1 1 1 1 1 1 1 1 1 1 1 1 1 16 15 10 12 16 15 11 12 16 1 15 10 12 16 16 15 10 12 16 15 16 1 15 10 12 16 15 10 7 12 1 1 1 1 1 100 1 1 1 1 1 1 1 1 100 1 1 100 1 100 1 1 100 1 100 1 1
staticfield java/lang/Class EMPTY_CLASS_ARRAY [Ljava/lang/Class; 0 [Ljava/lang/Class;
staticfield java/lang/Class serialPersistentFields [Ljava/io/ObjectStreamField; 0 [Ljava/io/ObjectStreamField;
ciInstanceKlass java/lang/reflect/AnnotatedElement 1 1 165 11 7 12 1 1 1 11 12 1 1 100 1 10 100 12 1 1 1 10 12 1 1 10 12 1 1 10 12 1 10 100 12 1 1 1 11 12 1 1 11 100 12 1 1 10 100 12 1 1 1 10 12 1 10 100 12 1 1 1 18 12 1 1 11 100 12 1 1 18 12 1 18 12 1 1 10 100 12 1 1 1 11 100 12 1 1 1 100 1 10 100 12 1 1 1 1 1 1 1 1 1 1 1 1 1 1 1 1 1 1 1 1 1 1 1 1 1 1 100 1 1 1 1 1 1 1 1 1 1 1 16 15 16 1 16 1 15 11 12 16 16 1 15 10 100 12 1 1 1 16 1 15 10 100 12 1 1 1 1 100 1 100 1 1
ciInstanceKlass java/lang/reflect/Type 1 1 17 11 100 12 1 1 1 100 1 1 1 1 1 1 1 1 1
ciInstanceKlass java/lang/invoke/TypeDescriptor 1 0 17 100 1 100 1 1 1 1 1 1 100 1 100 1 1 1 1
ciInstanceKlass java/lang/invoke/TypeDescriptor$OfField 1 0 21 100 1 100 1 100 1 1 1 1 1 1 1 1 1 1 1 1 1 1 1
ciInstanceKlass java/lang/reflect/GenericDeclaration 1 0 30 100 1 100 1 100 1 1 1 1 1 1 1 1 100 1 8 1 1 12 10 1 1 1 8 1 1 1 8 1
ciMethod java/lang/Class isAssignableFrom (Ljava/lang/Class;)Z 256 0 128 0 -1
ciMethod java/lang/Class isInstance (Ljava/lang/Object;)Z 256 0 128 0 -1
ciMethod java/lang/Class isPrimitive ()Z 268 0 134 0 0
ciMethod java/lang/Class getTypeParameters ()[Ljava/lang/reflect/TypeVariable; 624 0 1031 0 0
ciMethod java/lang/Class getGenericInfo ()Lsun/reflect/generics/repository/ClassRepository; 818 0 5188 0 -1
ciInstanceKlass java/lang/Module 1 1 1076 10 7 12 1 1 1 9 7 12 1 1 1 10 7 12 1 1 1 9 12 1 9 12 1 1 9 12 1 1 10 12 1 1 10 12 1 10 12 1 1 10 7 12 1 1 1 100 1 10 7 12 1 1 1 10 12 1 1 11 7 12 1 1 1 10 12 1 1 10 12 1 8 1 10 7 12 1 1 1 10 7 12 1 1 1 10 7 12 1 1 1 10 12 1 1 10 12 1 9 12 1 1 10 7 12 1 1 1 9 7 12 1 1 1 7 1 10 8 1 10 12 1 1 10 12 1 10 12 8 1 10 7 12 1 1 1 10 7 12 1 1 1 10 7 12 1 1 1 8 1 10 12 1 8 1 9 12 1 100 1 8 1 10 12 1 10 8 1 8 1 8 1 10 7 12 1 1 1 8 1 10 7 12 1 1 1 8 1 10 12 1 9 12 1 1 11 12 1 9 7 12 1 1 10 7 12 1 1 1 10 100 12 1 1 1 10 12 1 1 8 1 10 12 1 1 10 12 1 10 12 1 1 9 7 12 1 1 1 10 12 1 1 10 12 1 1 9 12 1 10 12 1 10 12 1 9 12 1 1 11 7 12 1 1 10 12 1 1 9 12 1 9 12 1 10 12 1 10 12 1 100 1 8 1 10 10 12 1 1 10 12 1 8 1 10 12 1 1 8 1 8 1 10 12 1 1 10 12 1 10 12 1 1 10 12 1 18 12 1 1 10 12 1 1 11 12 1 9 12 1 11 12 100 1 10 12 1 18 12 1 11 12 1 1 11 12 1 1 11 12 1 10 12 1 1 10 12 1 1 9 12 1 10 12 10 100 12 1 1 10 7 1 18 12 1 1 11 100 12 1 1 1 18 12 1 11 12 1 1 10 100 12 1 1 1 11 12 1 1 10 100 12 1 1 11 12 1 1 10 12 1 1 100 1 11 12 1 100 1 100 1 10 12 1 10 7 12 1 1 1 10 100 12 1 1 1 10 11 100 12 1 8 1 10 12 1 10 12 1 1 10 100 12 1 1 10 12 1 10 12 1 100 1 10 12 1 10 11 12 1 10 12 11 12 1 1 11 7 12 1 1 11 12 1 1 10 12 1 1 9 12 1 1 100 1 10 10 12 1 1 11 100 1 10 12 1 1 11 12 1 10 11 10 12 1 11 10 12 1 1 10 12 1 1 10 12 1 1 10 100 12 1 1 10 12 1 10 12 1 1 10 10 12 1 1 10 12 1 18 12 1 11 12 1 18 12 1 10 12 1 10 12 1 10 12 100 1 10 12 1 10 12 1 10 12 1 9 12 1 100 1 10 10 10 10 12 1 10 12 1 10 12 1 10 12 1 1 10 12 1 1 10 12 1 9 12 1 10 12 1 100 1 8 1 10 12 1 1 10 12 1 10 100 12 1 1 100 1 10 12 1 1 100 1 8 1 100 1 9 100 12 1 1 1 11 100 12 1 1 10 12 1 1 11 12 1 1 18 12 1 1 11 12 1 1 100 1 10 12 1 10 12 1 1 100 1 100 1 10 12 8 1 10 12 1 1 10 12 1 1 10 100 12 1 1 10 12 1 1 10 12 1 10 12 10 12 1 1 100 1 10 10 12 1 1 10 100 12 1 1 1 100 1 10 100 12 1 1 1 10 100 12 1 1 8 1 18 12 1 1 100 1 100 1 9 12 1 1 9 12 1 9 12 1 11 100 12 1 1 1 100 1 11 12 1 1 100 1 10 12 1 8 1 10 12 1 10 12 10 12 1 8 1 10 10 100 12 1 1 10 12 1 1 7 1 10 10 12 1 10 7 12 1 1 9 12 1 9 12 1 9 12 1 9 12 1 9 12 1 10 12 10 12 1 100 1 1 1 1 1 1 1 1 1 1 1 1 1 1 1 1 1 1 1 1 1 1 1 1 1 1 1 1 1 1 1 1 1 1 1 1 1 1 1 1 1 1 1 1 1 1 1 1 1 1 1 1 1 1 1 1 1 1 1 1 1 1 1 1 1 1 1 1 1 1 1 1 1 1 1 1 1 1 1 1 1 1 1 1 1 1 1 1 1 1 1 1 1 1 1 1 1 1 1 1 1 1 1 1 1 1 1 1 100 100 1 1 1 1 1 1 1 1 1 1 1 1 1 1 1 1 1 1 1 1 1 1 1 1 1 1 100 1 7 1 1 1 1 1 1 1 1 1 1 1 1 1 1 1 1 1 1 100 1 1 1 1 1 1 1 1 1 1 1 1 1 1 1 1 1 1 1 1 1 1 1 1 1 1 1 16 15 10 12 16 15 10 12 16 1 16 15 10 12 16 16 15 10 16 1 15 10 12 16 1 15 10 12 16 1 16 1 15 10 12 16 15 10 7 12 1 1 1 15 10 100 12 1 1 1 1 1 1 1 1 1 1 1 1 1 100 1 100 1 1
staticfield java/lang/Module ALL_UNNAMED_MODULE Ljava/lang/Module; java/lang/Module
staticfield java/lang/Module ALL_UNNAMED_MODULE_SET Ljava/util/Set; java/util/ImmutableCollections$Set12
staticfield java/lang/Module EVERYONE_MODULE Ljava/lang/Module; java/lang/Module
staticfield java/lang/Module EVERYONE_SET Ljava/util/Set; java/util/ImmutableCollections$Set12
staticfield java/lang/Module $assertionsDisabled Z 1
ciInstanceKlass java/lang/StringLatin1 1 1 400 7 1 10 100 12 1 1 1 10 12 1 1 100 1 10 7 12 1 1 1 10 7 12 1 1 1 10 12 1 10 7 12 1 1 1 10 12 1 1 10 7 12 1 1 1 10 7 12 1 1 1 10 12 1 1 10 12 1 1 10 10 12 1 10 12 1 10 9 7 12 1 1 1 10 12 1 1 10 100 12 1 1 1 10 12 10 12 1 1 10 12 1 1 10 12 1 10 12 1 1 10 12 1 10 7 12 1 1 10 12 1 10 12 1 1 9 12 1 1 100 1 10 10 12 1 1 10 7 12 1 1 1 10 12 1 10 12 1 100 1 100 1 8 1 10 12 1 8 1 10 12 1 1 100 1 10 10 12 1 10 7 12 1 1 1 8 1 8 1 8 1 10 12 1 1 10 12 10 100 12 1 1 10 12 1 10 12 1 1 10 12 1 1 10 12 1 1 10 12 1 10 12 10 12 10 12 1 10 12 10 10 12 1 10 12 1 10 12 1 10 100 12 1 1 1 10 100 12 1 1 1 10 12 1 1 10 10 7 12 1 1 1 1 1 1 1 1 1 1 1 1 1 1 1 1 1 1 1 1 1 1 1 1 1 1 1 1 1 1 1 1 1 1 1 1 1 1 1 1 1 1 1 1 1 1 1 1 1 1 1 1 1 1 100 1 1 1 1 1 1 1 1 1 1 1 1 1 1 1 1 1 1 1 1 1 1 1 1 1 1 1 1 1 1 1 1 1 1 1 1 1 1 1 1 1 1 1 100 1 1 1 1 1 1 1 1 1 1 1 1 1 1 1 1 1 1 1 1 1 1 1 100 1 1 1 1 1 1 1 1 1 1 1 1 1 1 1 1 1 1 1 1 1 1 1 1 1 1 1 1 1 1 1 1 100 1 1 1 1
staticfield java/lang/StringLatin1 $assertionsDisabled Z 1
ciInstanceKlass jdk/internal/util/ArraysSupport 1 1 396 7 1 100 1 8 1 10 12 1 1 10 12 1 1 10 100 12 1 1 9 7 12 1 1 1 9 12 1 1 10 7 12 1 1 1 9 12 1 1 10 7 12 1 1 1 9 12 1 10 12 9 12 1 10 12 1 1 10 12 10 12 1 1 10 7 12 1 1 1 9 12 1 1 11 100 12 1 1 1 10 7 12 1 1 1 7 1 10 12 1 1 10 12 1 100 1 10 12 1 10 12 100 1 10 12 1 100 1 10 12 1 100 1 100 1 10 8 1 10 12 1 1 10 12 1 10 12 1 1 10 9 12 1 1 9 12 1 10 12 1 1 9 12 1 9 12 1 9 12 1 9 12 1 9 12 1 9 12 1 9 12 1 10 12 1 1 10 100 12 1 1 1 9 12 1 9 12 1 10 12 1 1 10 12 1 9 12 1 10 12 1 10 100 12 1 1 1 9 12 1 9 12 1 10 12 1 10 12 1 10 7 12 1 1 1 3 10 12 1 100 1 8 1 8 1 8 1 10 10 100 12 1 1 1 11 100 12 1 1 1 10 12 1 10 100 12 1 1 1 10 12 1 1 10 12 1 1 9 12 1 10 12 1 9 12 1 9 12 1 9 12 1 9 12 1 9 12 1 9 12 1 9 12 1 10 7 12 1 1 1 1 1 3 1 3 1 3 1 3 1 3 1 3 1 3 1 3 1 1 1 1 1 1 1 1 1 1 1 1 1 1 1 1 1 1 1 1 1 1 1 1 1 1 1 1 1 1 1 1 1 1 1 1 1 1 1 1 1 1 1 1 1 1 1 1 1 1 1 1 1 1 1 1 1 1 1 1 1 1 1 1 1 1 1 1 1 1 1 1 1 1 1 1 1 1 1 1 1 1 1 100 1 1 1 1
staticfield jdk/internal/util/ArraysSupport U Ljdk/internal/misc/Unsafe; jdk/internal/misc/Unsafe
staticfield jdk/internal/util/ArraysSupport BIG_ENDIAN Z 0
staticfield jdk/internal/util/ArraysSupport LOG2_ARRAY_BOOLEAN_INDEX_SCALE I 0
staticfield jdk/internal/util/ArraysSupport LOG2_ARRAY_BYTE_INDEX_SCALE I 0
staticfield jdk/internal/util/ArraysSupport LOG2_ARRAY_CHAR_INDEX_SCALE I 1
staticfield jdk/internal/util/ArraysSupport LOG2_ARRAY_SHORT_INDEX_SCALE I 1
staticfield jdk/internal/util/ArraysSupport LOG2_ARRAY_INT_INDEX_SCALE I 2
staticfield jdk/internal/util/ArraysSupport LOG2_ARRAY_LONG_INDEX_SCALE I 3
staticfield jdk/internal/util/ArraysSupport LOG2_ARRAY_FLOAT_INDEX_SCALE I 2
staticfield jdk/internal/util/ArraysSupport LOG2_ARRAY_DOUBLE_INDEX_SCALE I 3
staticfield jdk/internal/util/ArraysSupport LOG2_BYTE_BIT_SIZE I 3
staticfield jdk/internal/util/ArraysSupport JLA Ljdk/internal/access/JavaLangAccess; java/lang/System$1
ciMethod java/lang/StringLatin1 equals ([B[B)Z 408 2980 1116 0 -1
ciMethod java/lang/StringLatin1 hashCode ([B)I 66 0 5767 0 0
ciInstanceKlass java/lang/StringUTF16 1 1 603 100 1 7 1 10 100 12 1 1 1 10 7 12 1 1 1 100 1 10 3 100 1 100 1 10 8 1 10 12 1 1 10 12 1 8 1 10 12 1 1 10 12 1 9 12 1 1 10 12 1 1 100 1 8 1 10 12 1 9 12 1 1 9 12 1 10 10 12 1 1 10 12 1 1 10 100 12 1 1 1 10 12 1 10 12 1 1 10 12 1 1 10 12 1 1 10 12 1 1 10 12 1 10 12 1 1 10 12 1 1 10 12 1 1 10 12 1 1 10 12 1 1 10 12 1 10 100 12 1 1 1 10 12 1 1 10 100 12 1 1 1 10 12 1 1 10 12 1 10 12 1 1 10 12 1 1 10 12 1 1 10 12 1 10 12 1 100 1 10 12 1 10 10 12 1 10 12 1 1 10 12 1 10 100 12 1 1 1 10 12 1 1 10 12 10 12 1 1 10 12 1 10 12 1 1 10 12 1 10 12 1 10 12 1 10 12 1 10 100 12 1 1 1 3 10 12 1 10 12 1 10 12 1 10 12 1 10 12 1 10 12 1 1 9 12 1 10 12 1 10 12 10 12 1 1 10 12 1 10 12 1 10 12 1 10 10 12 10 12 10 10 12 1 1 10 12 1 10 12 1 10 12 1 100 1 8 1 8 1 10 12 1 1 100 1 10 10 100 12 1 1 1 10 100 12 1 1 8 1 8 1 8 1 10 12 1 1 10 12 1 1 10 12 10 100 12 1 1 10 12 1 1 10 12 1 1 10 12 1 10 12 10 12 10 12 1 10 12 10 12 1 10 12 1 10 12 1 10 12 1 10 100 12 1 1 1 10 100 12 1 1 1 10 12 1 1 11 100 12 1 1 10 12 1 1 10 12 1 10 12 10 12 10 7 12 1 1 1 10 7 12 1 1 1 10 12 1 1 1 1 1 1 1 1 1 1 1 1 1 1 1 1 1 1 1 1 1 1 1 1 1 1 1 1 1 1 100 1 1 1 1 1 1 1 1 1 1 1 1 1 1 1 1 1 1 1 1 1 1 1 1 1 1 1 1 1 1 1 1 1 1 1 1 1 1 1 1 1 1 1 1 1 1 1 1 1 1 1 1 1 1 1 1 1 1 1 1 1 1 1 1 1 1 1 1 1 1 1 1 1 1 1 1 1 1 1 1 1 1 1 1 1 1 1 1 1 100 1 1 1 1 1 1 1 1 1 1 1 1 1 1 1 1 1 100 1 1 1 1 1 1 1 1 1 1 1 1 1 1 1 1 1 1 1 1 1 1 1 1 1 1 1 1 1 1 1 1 1 1 1 1 1 1 1 1 1 1 1 1 1 1 1 1 1 100 1 100 1 1 1 1 1
staticfield java/lang/StringUTF16 HI_BYTE_SHIFT I 0
staticfield java/lang/StringUTF16 LO_BYTE_SHIFT I 8
staticfield java/lang/StringUTF16 $assertionsDisabled Z 1
ciInstanceKlass jdk/internal/misc/Unsafe 1 1 1248 10 7 12 1 1 1 10 7 12 1 1 9 12 1 1 9 12 1 1 10 12 1 1 10 7 12 1 1 1 10 12 1 1 10 12 1 1 10 12 1 1 10 12 1 1 10 12 1 1 10 12 1 1 10 12 1 1 10 12 1 1 10 12 1 1 10 12 1 1 10 12 1 1 10 12 1 1 10 12 1 1 10 12 1 10 12 1 100 1 10 10 12 1 1 10 12 1 1 5 0 10 12 1 1 10 12 1 1 10 7 12 1 1 1 10 12 1 1 10 12 1 10 12 1 10 12 1 1 10 12 1 1 10 12 1 10 12 1 100 1 100 1 10 8 1 10 12 1 1 10 12 1 8 1 10 12 1 1 10 12 1 10 12 1 10 12 1 1 10 12 1 10 12 1 1 10 12 1 1 10 12 1 10 12 1 10 12 1 10 12 1 1 10 12 1 10 12 1 10 12 1 1 10 12 1 5 0 5 0 5 0 10 12 1 10 12 1 10 12 1 10 12 1 10 12 1 10 12 1 10 12 1 10 12 1 10 12 1 1 10 12 1 10 12 1 100 1 8 1 10 100 1 10 10 12 1 1 10 12 1 1 10 12 1 10 12 1 1 10 12 1 1 10 12 1 10 12 1 1 10 12 1 9 7 12 1 1 9 12 1 100 1 10 10 12 1 1 8 1 10 8 1 8 1 10 12 1 1 9 7 12 1 1 1 9 100 1 9 7 1 9 7 1 9 9 100 1 9 7 1 9 100 1 10 12 1 1 10 12 1 1 10 12 1 1 10 12 1 1 5 0 5 0 9 12 1 1 10 12 1 10 12 1 10 12 1 1 10 12 1 1 10 12 1 8 1 3 10 12 1 1 10 12 1 1 10 12 1 10 12 1 1 10 12 1 1 10 12 1 10 12 1 10 12 1 10 12 1 10 12 1 10 12 1 1 10 12 1 1 10 12 1 10 12 1 10 12 1 10 12 1 10 12 1 10 12 1 1 10 12 1 1 10 12 1 10 12 1 10 12 1 10 12 1 10 12 1 10 12 1 1 10 12 1 1 10 12 1 1 10 12 1 1 10 12 1 10 12 1 10 12 1 10 12 1 10 12 1 10 12 1 10 12 1 1 10 12 1 1 10 12 1 10 12 1 10 12 1 10 12 1 10 12 1 10 12 1 10 12 1 1 10 12 1 1 10 12 1 10 12 1 10 12 1 10 12 1 10 12 1 10 12 1 10 12 1 10 12 1 1 10 12 1 10 12 1 10 12 1 10 12 1 10 12 1 1 10 12 1 10 12 1 10 12 1 10 12 1 10 12 1 10 12 1 10 12 1 10 12 1 1 10 12 1 10 12 1 10 12 1 10 12 1 10 12 1 10 12 1 1 10 12 1 10 12 1 10 12 1 1 10 12 1 10 12 1 10 12 1 10 12 1 10 12 1 10 12 1 10 12 1 10 12 1 10 12 1 10 12 1 10 12 1 10 12 1 10 12 1 10 12 1 10 12 1 10 12 1 10 12 1 10 12 1 10 12 1 10 12 1 10 12 1 10 12 1 10 12 1 100 1 10 100 1 10 9 12 1 5 0 10 12 1 1 5 0 10 12 1 5 0 10 12 1 10 12 1 10 12 1 1 10 12 1 1 10 12 1 10 12 1 10 12 1 10 12 1 1 10 12 1 10 12 1 10 12 1 10 12 1 10 12 1 1 10 12 1 10 12 1 10 12 1 10 12 1 1 10 12 1 10 12 1 10 12 1 1 10 12 1 10 12 1 10 12 1 10 12 1 1 10 12 1 10 10 12 1 1 10 12 1 10 12 1 1 10 12 1 10 12 5 0 5 0 5 0 10 12 1 1 10 12 1 10 12 1 10 12 10 100 12 1 1 8 1 100 1 11 12 1 1 8 1 11 12 1 1 10 100 12 1 1 10 12 1 10 7 1 10 12 1 1 9 12 1 1 7 1 9 12 1 7 1 9 12 1 7 1 9 12 1 7 1 9 12 1 7 1 9 12 1 7 1 9 12 1 7 1 9 12 1 7 1 9 12 1 10 12 1 9 12 1 9 12 1 9 12 1 9 12 1 9 12 1 9 12 1 9 12 1 9 12 1 9 12 1 9 12 1 1 1 5 0 1 1 1 1 1 1 1 1 1 1 1 1 1 1 1 1 1 1 1 1 1 1 1 1 1 1 1 1 1 1 1 1 1 1 1 1 1 1 1 1 1 1 1 1 1 1 1 1 1 1 1 1 1 1 1 1 1 1 1 1 1 1 1 1 1 1 1 1 1 1 1 1 1 1 1 1 1 1 1 1 1 1 1 1 1 1 1 1 1 1 100 1 1 1 1 1 1 1 1 1 1 1 1 1 1 1 1 1 1 1 1 1 1 1 1 1 1 1 1 1 1 1 1 1 1 1 1 1 1 1 1 1 1 1 1 1 1 1 1 1 1 1 1 1 1 1 1 1 1 1 1 1 1 1 1 1 1 1 1 1 1 1 1 1 1 1 1 1 1 1 1 1 1 1 1 1 1 1 1 1 1 1 1 1 1 1 1 1 1 1 1 1 1 1 1 1 1 1 1 1 1 1 1 1 1 1 1 1 1 1 1 1 1 1 1 1 1 1 1 1 1 1 1 1 1 1 1 1 1 1 1 1 1 1 1 1 1 1 1 1 1 1 1 1 1 1 1 1 1 1 1 1 1 1 1 1 1 1 1 1 1 1 1 1 1 1 1 1 1 1 1 1 1 1 1 1 1 1 1 1 1 1 1 1 1 1 1 1 1 1 1 1 1 1 1 1 1 1 1 1 1 1 1 1
staticfield jdk/internal/misc/Unsafe theUnsafe Ljdk/internal/misc/Unsafe; jdk/internal/misc/Unsafe
staticfield jdk/internal/misc/Unsafe ARRAY_BOOLEAN_BASE_OFFSET J 16
staticfield jdk/internal/misc/Unsafe ARRAY_BYTE_BASE_OFFSET J 16
staticfield jdk/internal/misc/Unsafe ARRAY_SHORT_BASE_OFFSET J 16
staticfield jdk/internal/misc/Unsafe ARRAY_CHAR_BASE_OFFSET J 16
staticfield jdk/internal/misc/Unsafe ARRAY_INT_BASE_OFFSET J 16
staticfield jdk/internal/misc/Unsafe ARRAY_LONG_BASE_OFFSET J 16
staticfield jdk/internal/misc/Unsafe ARRAY_FLOAT_BASE_OFFSET J 16
staticfield jdk/internal/misc/Unsafe ARRAY_DOUBLE_BASE_OFFSET J 16
staticfield jdk/internal/misc/Unsafe ARRAY_OBJECT_BASE_OFFSET J 16
staticfield jdk/internal/misc/Unsafe ARRAY_BOOLEAN_INDEX_SCALE I 1
staticfield jdk/internal/misc/Unsafe ARRAY_BYTE_INDEX_SCALE I 1
staticfield jdk/internal/misc/Unsafe ARRAY_SHORT_INDEX_SCALE I 2
staticfield jdk/internal/misc/Unsafe ARRAY_CHAR_INDEX_SCALE I 2
staticfield jdk/internal/misc/Unsafe ARRAY_INT_INDEX_SCALE I 4
staticfield jdk/internal/misc/Unsafe ARRAY_LONG_INDEX_SCALE I 8
staticfield jdk/internal/misc/Unsafe ARRAY_FLOAT_INDEX_SCALE I 4
staticfield jdk/internal/misc/Unsafe ARRAY_DOUBLE_INDEX_SCALE I 8
staticfield jdk/internal/misc/Unsafe ARRAY_OBJECT_INDEX_SCALE I 4
staticfield jdk/internal/misc/Unsafe ADDRESS_SIZE I 8
ciMethod java/lang/StringUTF16 hashCode ([B)I 0 0 1 0 -1
ciMethod java/lang/StringUTF16 getChar ([BI)C 1024 0 11811 0 -1
ciInstanceKlass java/lang/Thread$FieldHolder 1 1 55 10 7 12 1 1 1 9 7 12 1 1 1 9 12 1 1 9 12 1 1 9 12 1 1 9 12 1 1 1 1 1 1 1 1 1 1 1 1 100 1 100 1 1 1 1 100 1 1 1 100 1 100 1 1
ciInstanceKlass java/lang/Thread$Constants 0 0 47 100 1 10 100 12 1 1 1 10 12 1 1 10 12 1 1 10 100 12 1 1 8 1 10 12 1 9 100 12 1 1 1 1 1 1 1 1 1 1 1 1 1 1 1 1 1
ciInstanceKlass java/lang/ThreadGroup 1 1 380 10 7 12 1 1 1 9 7 12 1 1 1 8 1 9 12 1 1 100 1 9 12 1 1 9 12 1 1 10 7 12 1 1 1 10 12 1 1 10 12 1 10 12 1 1 10 12 1 1 10 12 1 10 12 1 10 12 1 10 100 12 1 1 1 10 12 1 1 18 12 1 1 11 100 12 1 1 1 10 12 1 1 10 12 1 1 10 12 1 1 10 100 12 1 1 1 10 12 1 11 12 1 1 11 100 12 1 1 11 12 1 1 10 12 1 1 10 12 1 10 12 1 11 12 1 11 12 1 1 10 12 1 100 1 10 18 12 1 1 11 100 12 1 1 1 11 12 1 1 9 100 12 1 1 1 10 12 1 1 8 1 10 100 12 1 1 1 10 100 12 1 1 1 10 12 1 1 11 12 10 12 1 1 10 12 1 1 11 100 1 9 12 1 100 1 10 8 1 10 12 1 1 10 12 1 1 8 1 10 12 1 10 100 12 1 1 1 10 12 1 1 10 7 1 8 1 10 8 1 10 12 1 10 12 1 8 1 9 12 1 1 9 12 1 10 100 12 1 1 1 100 9 12 1 1 7 1 9 12 1 10 12 10 12 1 1 100 10 12 9 12 1 10 12 1 100 1 10 100 1 10 10 12 1 10 12 1 1 1 1 1 1 1 1 1 1 1 1 1 1 1 1 3 1 1 1 1 1 1 1 1 1 1 1 100 1 1 1 1 1 1 1 1 1 1 1 1 1 1 1 1 1 1 1 1 1 1 1 1 1 1 1 1 1 1 1 1 1 1 1 1 1 1 1 1 16 15 10 12 16 16 15 10 12 16 15 10 100 12 1 1 1 1 1 100 1 100 1 1
staticfield java/lang/ThreadGroup $assertionsDisabled Z 1
ciInstanceKlass java/lang/Thread$UncaughtExceptionHandler 1 0 16 100 1 100 1 1 1 1 1 1 1 1 100 1 1 1
instanceKlass java/lang/ThreadBuilders$BoundVirtualThread
instanceKlass java/lang/VirtualThread
ciInstanceKlass java/lang/BaseVirtualThread 0 0 36 10 100 12 1 1 1 100 1 1 1 1 1 1 1 1 1 1 1 1 1 1 1 1 1 1 1 1 100 1 100 1 1 100 1 1
ciInstanceKlass java/lang/VirtualThread 0 0 928 9 100 12 1 1 1 9 12 1 1 10 100 12 1 1 1 10 100 12 1 1 1 10 100 12 1 1 1 9 12 1 1 100 1 10 12 1 9 12 1 1 18 12 1 1 9 12 1 1 10 12 1 1 100 1 10 12 1 10 12 1 1 10 12 1 1 10 12 1 10 12 1 1 9 12 1 1 10 12 1 10 100 12 1 10 12 1 10 12 1 10 12 1 10 12 1 9 12 1 1 11 100 12 1 1 1 10 10 12 1 11 100 12 1 1 1 10 12 1 100 1 10 12 1 1 100 1 9 12 1 1 5 0 10 100 12 1 1 1 9 12 1 100 1 100 1 10 10 100 12 1 1 1 10 100 12 1 1 1 10 12 1 1 10 12 1 10 12 1 1 10 12 1 10 12 10 12 1 100 1 10 10 12 1 10 12 1 1 9 12 1 1 10 12 1 1 9 12 1 1 10 12 1 9 12 1 10 100 12 1 1 10 9 10 10 12 1 1 10 12 1 1 10 100 12 1 1 10 100 1 10 9 10 100 1 10 12 1 1 10 12 1 10 10 12 1 1 9 12 1 10 12 1 10 12 1 9 12 1 1 10 12 1 10 12 1 10 12 1 1 9 12 1 1 10 12 1 10 12 1 1 10 12 1 10 12 1 1 9 12 1 18 9 100 12 1 1 1 10 12 1 1 9 12 1 10 12 1 10 12 1 1 10 12 1 9 12 1 1 18 12 1 9 12 1 9 12 1 10 12 9 12 1 1 10 100 12 1 1 10 12 1 10 12 1 1 10 100 12 1 1 10 12 1 100 1 8 1 10 12 1 10 12 1 1 10 12 1 10 12 1 10 12 1 10 100 12 1 1 10 12 1 10 12 1 10 12 1 10 12 1 10 100 12 1 1 8 1 10 12 1 10 12 1 10 12 1 10 12 1 1 10 12 1 10 12 10 12 1 100 1 10 10 12 1 10 12 1 1 10 12 1 1 10 12 1 10 12 1 10 12 1 1 10 12 1 1 11 100 12 1 1 11 12 1 10 12 9 100 12 1 1 1 9 12 1 10 12 1 1 9 12 1 9 12 1 9 12 1 9 12 1 100 1 10 10 12 1 1 10 12 1 100 1 100 1 10 8 1 10 12 1 1 10 12 1 10 12 1 10 10 12 1 8 1 10 10 12 1 10 12 1 10 100 12 1 1 8 1 8 1 10 12 1 1 10 10 9 100 12 1 1 1 10 12 1 1 10 12 1 10 10 12 9 12 1 10 12 1 1 10 12 1 9 12 1 10 12 1 1 9 12 1 10 12 1 1 9 12 1 10 12 1 1 18 12 1 1 8 1 10 12 1 1 8 1 8 1 10 100 12 1 1 1 10 100 12 1 1 1 10 12 1 10 12 1 1 10 12 1 18 12 1 1 18 12 1 1 5 0 9 12 1 10 12 1 10 12 1 10 100 1 10 12 1 1 9 12 1 9 12 1 1 10 12 1 1 10 12 1 10 12 10 12 1 1 10 100 12 1 1 10 12 1 1 100 1 8 1 10 10 12 1 8 10 12 1 1 8 8 9 12 1 8 8 10 12 1 10 12 1 1 8 1 18 12 1 10 100 12 1 1 10 12 1 10 12 1 3 1 3 1 3 1 3 1 3 1 3 1 3 1 3 1 3 1 3 1 3 1 3 1 3 3 1 3 3 1 3 3 1 3 3 1 3 1 1 1 1 1 1 1 1 1 1 1 1 1 1 1 1 1 100 1 1 1 1 1 1 1 1 1 1 1 1 1 1 1 1 1 1 1 1 100 1 1 1 1 1 1 1 1 1 1 1 1 1 1 1 1 1 1 1 1 1 1 1 1 1 1 1 1 1 1 1 1 1 100 1 1 1 1 1 1 1 1 1 1 1 1 1 1 1 1 1 1 1 1 1 1 1 1 1 1 1 100 1 1 1 1 1 1 1 1 1 1 1 1 1 1 1 1 1 1 1 1 1 1 100 1 1 16 15 10 12 15 10 12 15 10 12 16 15 10 12 16 15 10 12 16 15 10 12 16 15 10 12 15 10 100 12 1 1 1 1 1 1 1 100 1 1 1 100 1 100 1 1
ciInstanceKlass java/lang/ThreadBuilders$BoundVirtualThread 0 0 132 10 100 12 1 1 1 9 100 12 1 1 1 10 100 12 1 1 1 9 12 1 1 10 12 1 1 10 12 1 1 9 12 1 1 10 100 12 1 1 1 10 12 1 1 100 1 8 1 10 12 1 10 12 1 1 10 12 1 1 10 12 1 1 10 100 12 1 1 1 8 1 10 12 1 8 1 10 12 1 1 10 100 12 1 1 9 100 12 1 1 1 10 12 1 1 10 10 12 1 1 1 1 1 1 1 1 1 1 1 1 1 1 1 1 1 1 1 1 1 1 1 1 1 1 1 1 100 1 1 1 1
instanceKlass java/lang/Exception
instanceKlass java/lang/Error
ciInstanceKlass java/lang/Throwable 1 1 403 10 7 12 1 1 1 9 7 12 1 1 1 9 12 1 1 9 12 1 9 12 1 1 9 12 1 10 12 1 1 9 12 1 1 10 12 1 1 10 100 12 1 1 1 9 12 1 1 10 12 1 1 10 12 1 100 1 100 1 10 8 1 10 12 1 1 8 1 10 100 12 1 1 10 10 12 1 100 1 8 1 10 10 7 12 1 1 10 12 1 8 1 9 100 12 1 1 1 10 12 1 1 100 1 10 12 10 12 1 100 1 10 10 7 12 1 1 1 11 100 12 1 1 1 10 100 12 1 1 1 10 12 1 1 10 12 1 1 8 1 10 12 1 10 12 1 1 8 1 8 1 10 12 1 1 10 12 1 8 1 8 1 9 12 1 10 100 12 1 1 100 1 10 11 12 1 8 1 8 1 10 7 12 1 1 8 1 10 12 1 8 1 100 1 10 12 1 9 12 1 1 10 12 1 10 7 12 1 9 12 1 1 10 12 1 1 100 1 8 1 10 12 1 10 100 12 1 1 10 12 1 1 100 1 10 100 12 1 1 1 10 12 1 11 100 12 1 1 1 11 100 12 1 1 1 11 12 1 8 1 10 12 1 1 8 1 10 10 9 100 12 1 1 1 8 1 10 12 1 1 11 10 100 1 8 1 10 11 12 1 1 8 1 9 12 1 10 100 12 1 1 11 9 12 1 1 11 12 1 1 100 10 12 1 10 12 1 1 100 1 1 1 1 5 0 1 1 1 1 1 1 1 1 1 1 1 1 100 1 1 1 1 1 1 1 1 1 1 1 1 1 1 1 1 1 1 1 1 1 1 1 1 1 1 1 1 1 1 1 1 1 1 1 1 1 1 1 1 1 1 1 100 1 100 1 1 1 1 1 1 1 1 1 1 1 1 1 1 1 1 1 1
staticfield java/lang/Throwable UNASSIGNED_STACK [Ljava/lang/StackTraceElement; 0 [Ljava/lang/StackTraceElement;
staticfield java/lang/Throwable SUPPRESSED_SENTINEL Ljava/util/List; java/util/Collections$EmptyList
staticfield java/lang/Throwable EMPTY_THROWABLE_ARRAY [Ljava/lang/Throwable; 0 [Ljava/lang/Throwable;
staticfield java/lang/Throwable $assertionsDisabled Z 1
ciInstanceKlass jdk/internal/vm/ContinuationScope 0 0 50 10 100 12 1 1 1 10 100 12 1 1 1 100 1 9 100 12 1 1 1 10 12 1 1 10 100 12 1 1 1 10 12 1 1 10 12 1 1 1 1 1 1 1 1 1 1 1 1 1
ciInstanceKlass jdk/internal/vm/StackChunk 1 1 32 10 100 12 1 1 1 9 100 12 1 1 1 9 12 1 1 9 12 1 1 1 1 1 1 1 1 1 1 1 1 1
ciInstanceKlass java/lang/Boolean 1 1 146 10 7 12 1 1 1 9 7 12 1 1 1 10 12 1 1 10 12 1 8 1 10 7 12 1 1 9 12 1 1 9 12 1 10 12 1 1 10 12 1 1 10 12 1 1 10 12 1 10 7 12 1 1 1 10 12 1 1 9 100 12 1 1 9 12 10 100 12 1 1 1 10 12 1 1 8 1 10 7 12 1 1 1 9 12 1 1 100 1 100 1 100 1 1 1 1 1 1 5 0 1 1 1 1 1 1 1 1 1 1 1 1 1 1 1 1 1 1 1 1 1 1 1 1 1 1 1 1 1 1 1 1 1 1 1 100 1 1 1 1 1 1 1 1 1
staticfield java/lang/Boolean TRUE Ljava/lang/Boolean; java/lang/Boolean
staticfield java/lang/Boolean FALSE Ljava/lang/Boolean; java/lang/Boolean
staticfield java/lang/Boolean TYPE Ljava/lang/Class; java/lang/Class
ciInstanceKlass java/lang/Character 1 1 603 7 1 100 1 100 1 9 12 1 1 8 1 9 12 1 1 100 1 9 12 1 1 10 100 12 1 1 1 10 100 12 1 1 1 10 100 12 1 1 1 10 7 12 1 1 1 9 7 12 1 1 1 10 12 1 10 12 1 1 10 12 1 1 10 100 12 1 1 10 12 1 1 3 3 3 3 3 10 12 1 1 10 12 1 3 11 7 12 1 1 1 11 12 1 1 10 12 1 1 10 12 1 1 100 1 10 10 12 1 3 10 12 1 1 10 12 1 10 12 1 1 100 1 8 1 10 12 1 1 10 12 1 10 12 1 10 12 1 10 100 12 1 1 1 10 12 1 10 12 1 10 12 1 1 10 12 1 10 7 12 1 1 10 10 12 1 10 10 12 1 10 12 1 1 10 12 1 10 10 12 1 10 12 1 10 12 1 10 12 1 10 12 1 10 12 1 10 12 1 10 12 10 10 12 10 10 12 1 10 10 12 1 10 10 12 1 10 10 12 1 10 12 1 10 12 1 10 12 1 10 12 1 10 12 1 10 12 1 10 10 12 1 10 10 12 1 10 10 12 1 1 10 10 12 1 10 5 0 10 12 1 10 12 1 10 10 12 1 10 10 12 1 1 10 10 12 1 10 10 12 1 9 12 1 1 100 1 10 10 12 1 10 12 1 1 3 10 100 12 1 1 1 10 12 1 10 100 12 1 1 100 1 10 10 12 1 1 10 12 1 1 10 12 1 1 8 1 10 12 1 9 100 12 1 1 1 10 12 1 10 10 12 1 10 12 1 1 10 12 1 10 10 12 1 1 10 10 12 1 1 100 1 8 1 10 12 1 1 10 7 12 1 1 1 8 1 10 12 1 1 9 12 1 1 100 1 100 1 100 1 1 1 1 3 1 3 1 3 1 3 1 1 1 1 1 3 1 1 3 1 3 1 3 1 3 1 3 1 3 1 3 1 3 1 3 1 3 1 3 1 3 1 3 1 3 1 3 1 3 1 3 1 3 1 3 1 3 1 3 1 3 1 3 1 3 1 3 1 3 1 3 1 3 1 1 1 1 1 1 1 1 1 1 1 1 1 1 1 1 1 1 1 3 1 1 1 1 1 1 1 3 1 1 3 1 1 1 1 1 3 1 1 5 0 1 1 1 1 1 1 1 1 1 1 1 1 1 1 1 1 1 1 1 1 1 1 1 1 1 1 1 1 1 1 1 1 1 1 1 1 1 1 1 1 1 1 1 1 1 1 1 1 1 1 1 1 1 1 1 1 1 1 1 1 1 1 1 1 1 1 1 1 1 1 1 1 1 1 1 1 1 1 1 1 1 1 1 1 1 1 1 1 1 100 1 100 1 1 1 1 1 1
staticfield java/lang/Character TYPE Ljava/lang/Class; java/lang/Class
staticfield java/lang/Character $assertionsDisabled Z 1
ciInstanceKlass java/lang/Float 1 1 277 7 1 100 1 10 100 12 1 1 1 10 100 12 1 1 1 4 100 1 10 12 1 1 10 12 1 1 8 1 8 1 10 100 12 1 1 1 10 12 1 1 10 12 1 1 10 100 1 4 10 7 12 1 1 9 12 1 1 10 12 1 1 10 12 1 10 10 12 1 1 10 12 1 10 12 1 3 3 100 1 4 4 4 3 10 12 1 1 9 12 1 1 100 1 10 3 3 4 4 10 12 1 3 3 3 10 12 1 1 10 12 1 1 10 12 1 10 100 12 1 1 1 10 12 1 1 10 12 1 1 10 7 12 1 1 1 8 1 10 12 1 1 9 12 1 1 100 1 100 1 100 1 1 1 1 4 1 4 1 1 1 4 1 1 3 1 3 1 3 1 3 1 3 1 1 1 1 5 0 1 1 1 1 1 1 1 1 1 1 100 1 1 1 1 1 1 1 1 1 1 1 1 1 1 1 1 1 1 1 1 1 1 1 1 1 1 1 1 1 1 1 1 1 1 1 1 1 1 1 1 1 1 1 1 1 1 1 1 1 1 1 1 1 1 1 1 1 1 1 1 1 1 1 1 1 1 1 1 1 1 1 1 1 100 1 1 1 1 1 1 1 100 1 100 1 1
staticfield java/lang/Float TYPE Ljava/lang/Class; java/lang/Class
staticfield java/lang/Float $assertionsDisabled Z 1
instanceKlass java/math/BigDecimal
instanceKlass java/math/BigInteger
instanceKlass java/util/concurrent/atomic/AtomicLong
instanceKlass java/util/concurrent/atomic/AtomicInteger
instanceKlass java/lang/Long
instanceKlass java/lang/Integer
instanceKlass java/lang/Short
instanceKlass java/lang/Byte
instanceKlass java/lang/Double
instanceKlass java/lang/Float
ciInstanceKlass java/lang/Number 1 1 37 10 7 12 1 1 1 10 100 12 1 1 1 100 1 1 1 1 5 0 1 1 1 1 1 1 1 1 1 1 1 1 1 1 1 1 1
ciInstanceKlass java/lang/Double 1 1 288 7 1 100 1 10 100 12 1 1 1 10 12 1 1 10 100 1 10 12 1 1 10 100 12 1 1 1 6 0 8 1 10 12 1 1 8 1 10 12 1 1 8 1 6 0 10 12 1 1 100 1 5 0 5 0 8 1 8 1 10 100 12 1 1 1 10 100 12 1 1 1 8 1 10 12 1 1 8 1 8 1 8 1 10 12 1 1 10 12 1 10 12 1 1 10 12 1 10 12 1 10 12 1 1 10 12 1 10 7 1 6 0 10 7 12 1 1 9 12 1 1 10 12 1 10 12 1 10 12 1 10 12 1 10 12 1 5 0 10 12 1 1 10 12 1 10 12 1 10 100 12 1 1 1 10 12 1 1 10 12 1 1 8 1 10 7 12 1 1 1 9 12 1 1 100 1 100 1 100 1 1 1 6 0 1 6 0 1 6 0 1 1 1 6 0 1 1 3 1 3 1 3 1 3 1 3 1 1 1 1 5 0 1 1 1 1 1 1 1 1 1 1 1 1 1 1 1 1 100 1 1 1 1 1 1 1 1 1 1 1 1 1 1 1 1 1 1 1 1 1 1 1 1 1 1 1 1 1 1 1 1 1 1 1 1 1 1 1 1 1 1 1 1 1 100 1 1 1 1 1 1 1 100 1 100 1 1
staticfield java/lang/Double TYPE Ljava/lang/Class; java/lang/Class
ciInstanceKlass java/lang/Byte 1 1 212 7 1 100 1 10 100 12 1 1 1 9 12 1 1 8 1 9 12 1 1 100 1 10 12 1 1 10 12 1 1 10 100 12 1 1 1 10 100 12 1 1 1 9 7 12 1 1 1 10 12 1 1 100 1 100 1 10 12 1 1 8 1 10 12 1 1 8 1 10 12 1 10 12 1 10 12 1 10 12 1 1 10 12 1 10 12 1 10 12 1 1 10 8 1 8 1 10 7 1 9 12 1 1 10 12 1 1 10 12 1 1 10 12 1 1 10 12 1 5 0 10 12 1 1 8 1 10 7 12 1 1 1 9 12 1 1 100 1 100 1 1 1 3 1 3 1 1 1 1 3 1 3 1 1 5 0 1 1 1 1 1 1 1 1 1 1 1 1 1 1 1 1 1 1 1 1 1 1 1 1 1 1 1 1 1 1 1 1 1 1 1 1 1 1 1 1 1 1 1 1 1 1 1 1 1 1 1 1 1 1 1
staticfield java/lang/Byte TYPE Ljava/lang/Class; java/lang/Class
ciMethod java/lang/Byte toUnsignedInt (B)I 1024 0 55577 0 80
ciInstanceKlass java/lang/Short 1 1 220 7 1 100 1 100 1 10 100 12 1 1 1 10 12 1 1 100 1 100 1 10 12 1 1 8 1 10 12 1 1 8 1 10 12 1 10 12 1 10 12 1 10 12 1 1 10 12 1 1 10 12 1 9 12 1 1 8 1 9 12 1 1 100 1 10 12 1 1 10 12 1 10 100 12 1 1 1 10 100 12 1 1 1 9 7 12 1 1 1 10 12 1 10 12 1 1 10 8 1 8 1 10 7 1 9 12 1 1 10 12 1 1 10 12 1 1 10 12 1 1 10 12 1 3 3 5 0 10 12 1 1 8 1 10 7 12 1 1 1 9 12 1 1 100 1 100 1 1 1 3 1 3 1 1 1 1 3 1 3 1 1 5 0 1 1 1 1 1 1 1 1 1 1 1 1 1 1 1 1 1 1 1 1 1 1 1 1 1 1 1 1 1 1 1 1 1 1 1 1 1 1 1 1 1 1 1 1 1 1 1 1 1 1 1 1 1 1 1 1
staticfield java/lang/Short TYPE Ljava/lang/Class; java/lang/Class
ciInstanceKlass java/lang/Integer 1 1 436 7 1 100 1 7 1 7 1 10 12 1 1 9 12 1 1 9 12 1 1 10 100 12 1 1 1 10 12 1 1 10 100 12 1 1 1 10 10 12 1 1 10 100 12 1 1 1 10 12 1 10 12 1 1 10 7 12 1 1 1 10 12 1 1 10 12 1 1 10 12 1 10 7 12 1 1 10 12 1 1 10 12 1 10 12 1 100 1 8 1 10 12 1 8 1 100 1 10 12 1 1 10 12 1 1 8 1 10 12 1 1 8 1 10 12 1 1 10 12 1 1 10 12 1 1 3 3 10 7 12 1 1 1 11 7 1 10 12 1 1 11 10 12 1 1 10 12 1 1 8 1 10 12 1 10 12 1 8 1 100 1 10 12 1 8 1 10 12 1 1 10 12 1 8 1 10 12 1 10 12 1 7 1 9 12 1 1 9 12 1 1 10 12 1 10 7 1 9 12 1 10 12 1 10 12 1 10 12 1 1 10 12 1 1 10 7 12 1 1 1 10 12 1 1 8 1 8 1 10 12 1 1 8 1 8 1 8 1 8 1 8 1 8 1 10 12 1 10 12 1 10 12 1 5 0 3 3 3 3 10 12 1 10 12 1 3 10 12 1 10 100 12 1 1 1 10 12 1 1 10 12 1 1 8 1 10 7 12 1 1 1 9 12 1 1 100 1 100 1 100 1 1 1 1 3 1 1 1 1 1 3 1 3 1 1 5 0 1 1 1 1 1 1 1 1 1 100 1 1 1 1 1 1 1 1 1 1 1 1 1 1 1 1 1 1 1 1 1 1 1 1 1 1 1 1 1 1 1 1 1 1 1 1 1 1 1 1 1 1 1 1 1 1 1 1 1 1 1 1 1 1 1 1 1 1 1 1 1 1 1 1 1 1 1 1 1 1 1 1 1 1 1 1 1 1 1 1 1 1 1 1 1 1 1 1 1 1 1 1 1 100 1 1 1 1 1 1 1 1 1 100 1 100 1 1
staticfield java/lang/Integer TYPE Ljava/lang/Class; java/lang/Class
staticfield java/lang/Integer digits [B 36
ciInstanceKlass java/lang/Long 1 1 498 7 1 100 1 7 1 100 1 10 12 1 1 9 12 1 1 9 7 12 1 1 1 10 100 12 1 1 1 10 12 1 1 10 100 12 1 1 1 10 10 12 10 12 1 10 12 1 10 12 1 5 0 5 0 100 1 10 12 1 1 10 12 1 1 10 12 1 10 12 1 10 12 1 10 12 1 1 10 100 12 1 1 10 12 1 10 12 1 1 10 12 1 1 10 12 1 1 10 12 1 1 10 100 12 1 1 1 10 12 1 1 10 12 1 10 12 1 10 7 12 1 1 10 12 1 1 10 12 1 10 12 1 100 1 8 1 10 12 1 8 1 100 1 10 12 1 10 12 1 1 8 1 10 12 1 1 8 1 10 12 1 1 10 12 1 1 10 12 1 1 5 0 5 0 10 100 12 1 1 1 11 100 1 10 12 1 1 11 10 12 1 1 10 12 1 1 8 1 5 0 10 12 1 1 10 12 1 1 8 1 8 1 10 12 1 8 1 10 12 1 10 12 1 5 0 5 0 9 7 12 1 1 1 10 12 1 10 12 1 1 8 1 8 1 10 12 1 1 8 1 8 1 8 1 8 1 8 1 8 1 10 12 1 10 12 1 10 7 1 9 12 1 1 10 12 1 10 12 1 1 10 12 1 1 10 100 12 1 1 1 10 12 1 1 10 12 1 10 12 1 10 12 1 5 0 5 0 5 0 10 12 1 1 10 12 1 5 0 5 0 10 12 10 12 1 10 100 12 1 1 1 10 12 1 1 10 12 1 1 8 1 10 7 12 1 1 1 9 12 1 1 100 1 100 1 100 1 1 1 1 5 0 1 1 1 1 3 1 3 1 5 0 1 1 1 1 1 1 1 1 1 100 1 1 1 1 1 1 1 1 1 1 1 1 1 1 1 1 1 1 1 1 1 1 1 1 1 1 1 1 1 1 1 1 1 1 1 1 1 1 1 1 1 1 1 1 1 1 1 1 1 1 1 1 1 1 1 1 1 1 1 1 1 1 1 1 1 1 1 1 1 1 1 1 1 1 1 1 1 1 1 1 1 1 1 1 1 1 1 1 1 1 1 1 1 1 1 1 1 1 1 1 100 1 1 1 1 1 1 1 1 1 100 1 100 1 1
staticfield java/lang/Long TYPE Ljava/lang/Class; java/lang/Class
ciInstanceKlass java/lang/Void 1 1 31 10 100 12 1 1 1 8 1 10 7 12 1 1 1 9 7 12 1 1 1 1 1 1 1 1 1 1 1 1 1
staticfield java/lang/Void TYPE Ljava/lang/Class; java/lang/Class
ciInstanceKlass jdk/internal/vm/vector/VectorSupport 0 0 597 100 1 10 100 12 1 1 1 9 12 1 1 10 100 12 1 1 1 100 1 10 12 1 11 100 12 1 1 1 11 100 12 1 1 1 11 100 12 1 1 1 11 100 12 1 1 11 100 12 1 1 11 100 12 1 1 11 100 12 1 1 11 100 12 1 1 11 100 12 1 1 11 100 12 1 1 11 100 12 1 1 1 11 100 12 1 1 11 100 12 1 1 1 11 100 12 1 1 1 11 100 12 1 1 11 100 12 1 1 1 11 100 12 1 1 100 1 10 12 1 1 11 100 12 1 1 11 100 12 1 1 11 100 12 1 1 11 100 1 11 100 12 1 1 11 100 12 1 1 11 100 12 1 1 9 12 1 1 10 100 12 1 1 11 100 12 1 1 10 100 12 1 1 1 10 100 12 1 1 10 12 1 1 10 12 1 1 1 1 1 3 1 3 1 3 1 3 1 3 1 3 1 3 1 3 1 3 1 3 1 3 1 3 1 3 1 3 1 3 1 3 1 3 1 3 1 3 1 3 1 3 1 3 1 3 1 3 1 3 1 3 1 3 1 3 1 3 1 3 1 3 1 3 1 3 1 3 1 3 1 3 1 3 1 3 1 3 1 3 1 3 1 3 1 3 1 3 1 3 1 3 1 3 1 3 1 3 1 3 1 3 1 3 1 3 1 1 1 3 1 3 1 3 1 3 1 3 1 3 1 1 1 1 1 1 1 1 1 1 1 1 1 1 1 1 1 1 1 1 1 1 1 1 1 1 1 1 1 1 1 1 1 1 1 1 1 1 1 1 1 1 1 1 1 1 1 1 1 1 1 1 1 1 1 1 1 1 1 1 1 1 1 1 1 1 1 1 1 1 1 1 1 1 1 1 1 1 1 1 1 1 1 1 1 1 1 1 1 1 1 1 1 1 1 1 1 1 1 1 1 1 1 1 1 1 1 1 1 1 1 1 1 1 1 1 1 1 1 1 1 1 1 1 1 1 1 1 1 1 1 1 1 1 1 1 1 1 1 1 1 1 1 1 1 1 1 1 1 1 1 1 1 1 1 1 1 1 1 1 1 1 1 1 1 1 1 1 1 1 1 1 1 1 1 1 1 1 1 1 1 1 1 1 1 1 1 1 1 1 1 1 1 1 1 1 1 1 1 1 1 1 1 1 1 1 1 1 1 1 1 1 1 1 1 1 1 1 1 1 1 1 1 1 1 1 1 1 1 1 1 1 1 1 1 1 1 1 1 1 1 1 1 1 1 1 1 100 1 100 1 100 1 100 1 100 1 1 1 1 1 1 1 1 1 1 1 1 1 1 1 1 1 1 1 1 1 1 1 1 1 1 1 1 1 1 1
instanceKlass jdk/internal/vm/vector/VectorSupport$VectorShuffle
instanceKlass jdk/internal/vm/vector/VectorSupport$VectorMask
instanceKlass jdk/internal/vm/vector/VectorSupport$Vector
ciInstanceKlass jdk/internal/vm/vector/VectorSupport$VectorPayload 0 0 32 10 100 12 1 1 1 9 100 12 1 1 1 10 100 12 1 1 1 1 1 1 1 1 1 1 1 1 1 1 1 1
ciInstanceKlass jdk/internal/vm/vector/VectorSupport$Vector 0 0 28 10 100 12 1 1 1 100 1 1 1 1 1 1 1 1 1 1 1 1 1 1 1 100 1 1 1 1
ciInstanceKlass jdk/internal/vm/vector/VectorSupport$VectorMask 0 0 28 10 100 12 1 1 1 100 1 1 1 1 1 1 1 1 1 1 1 1 1 1 1 100 1 1 1 1
ciInstanceKlass jdk/internal/vm/vector/VectorSupport$VectorShuffle 0 0 28 10 100 12 1 1 1 100 1 1 1 1 1 1 1 1 1 1 1 1 1 1 1 100 1 1 1 1
ciInstanceKlass jdk/internal/vm/FillerObject 0 0 16 10 100 12 1 1 1 100 1 1 1 1 1 1 1 1
instanceKlass java/lang/ref/PhantomReference
instanceKlass java/lang/ref/FinalReference
instanceKlass java/lang/ref/WeakReference
instanceKlass java/lang/ref/SoftReference
ciInstanceKlass java/lang/ref/Reference 1 1 198 9 7 12 1 1 1 9 7 12 1 1 10 12 1 1 10 12 1 1 9 12 1 1 10 12 1 1 9 12 1 1 9 12 1 1 7 1 10 12 1 10 7 12 1 1 10 12 1 10 12 1 1 10 12 1 7 1 8 1 10 12 1 1 7 1 10 12 1 1 10 12 1 1 10 12 1 7 1 10 12 10 7 12 1 1 1 9 12 1 10 12 1 1 10 12 1 10 12 1 10 12 1 9 12 1 100 1 100 1 10 9 12 1 9 12 1 100 1 10 10 12 1 10 10 7 12 1 1 10 12 1 1 1 1 1 1 1 1 1 1 1 1 1 1 1 1 1 100 1 1 1 100 1 1 1 1 1 1 1 1 1 1 1 1 1 1 1 1 1 1 1 1 1 1 1 1 1 1 1 1 1 1 1 1 1 1 1 1 1 100 1 100 1 100 1 1 1
staticfield java/lang/ref/Reference processPendingLock Ljava/lang/Object; java/lang/Object
staticfield java/lang/ref/Reference $assertionsDisabled Z 1
instanceKlass java/util/ResourceBundle$BundleReference
instanceKlass sun/util/locale/provider/LocaleResources$ResourceReference
instanceKlass sun/util/resources/Bundles$BundleReference
instanceKlass org/springframework/util/ConcurrentReferenceHashMap$SoftEntryReference
instanceKlass java/lang/invoke/LambdaFormEditor$Transform
instanceKlass jdk/internal/util/SoftReferenceKey
ciInstanceKlass java/lang/ref/SoftReference 1 1 50 10 7 12 1 1 1 9 7 12 1 1 1 9 12 1 10 12 1 10 12 1 1 1 1 1 1 1 1 1 1 1 1 1 1 1 1 1 1 1 1 1 1 100 1 1 1 1 1 1
instanceKlass org/springframework/cglib/core/WeakCacheKey
instanceKlass java/util/ResourceBundle$KeyElementReference
instanceKlass java/util/logging/LogManager$LoggerWeakRef
instanceKlass java/util/logging/Level$KnownLevel
instanceKlass java/lang/WeakPairMap$WeakRefPeer
instanceKlass jdk/internal/util/WeakReferenceKey
instanceKlass java/lang/ThreadLocal$ThreadLocalMap$Entry
instanceKlass java/util/WeakHashMap$Entry
ciInstanceKlass java/lang/ref/WeakReference 1 1 34 10 7 12 1 1 1 10 12 1 100 1 1 1 1 1 1 1 1 1 1 1 1 1 1 1 1 1 1 1 1 1 1 1
instanceKlass java/lang/ref/Finalizer
ciInstanceKlass java/lang/ref/FinalReference 1 1 50 10 100 12 1 1 1 10 100 12 1 1 1 10 12 1 1 100 1 8 1 10 12 1 1 1 1 1 1 1 1 1 1 1 1 1 1 1 1 1 1 1 1 1 1 1 1 1 100 1
instanceKlass jdk/internal/ref/PhantomCleanable
instanceKlass jdk/internal/ref/Cleaner
ciInstanceKlass java/lang/ref/PhantomReference 1 1 47 10 7 12 1 1 1 10 12 1 1 10 7 12 1 1 1 1 1 1 1 1 1 1 1 1 1 1 1 1 1 1 1 1 1 1 1 1 1 1 1 1 1 1 1 1 1
ciInstanceKlass java/lang/ref/Finalizer 1 1 177 9 7 12 1 1 1 10 100 12 1 1 1 9 12 1 1 9 12 1 1 9 12 1 9 12 1 9 12 1 1 10 12 1 100 1 8 1 10 12 1 10 12 1 1 9 12 1 100 1 10 12 1 100 1 11 100 12 1 1 10 12 1 100 1 10 12 1 10 7 12 1 1 1 10 12 1 1 10 100 12 1 1 8 1 10 12 1 10 12 1 10 12 1 100 1 10 12 1 10 100 12 1 1 1 100 1 10 10 12 1 1 7 1 10 12 1 10 12 1 1 10 12 1 1 10 7 12 1 1 1 7 1 10 7 1 10 10 12 1 1 1 1 1 1 1 1 1 1 1 1 1 1 1 1 1 1 1 1 1 1 1 1 1 1 100 1 1 1 1 1 1 1 1 1 1 1
staticfield java/lang/ref/Finalizer lock Ljava/lang/Object; java/lang/Object
staticfield java/lang/ref/Finalizer ENABLED Z 1
staticfield java/lang/ref/Finalizer $assertionsDisabled Z 1
instanceKlass java/lang/reflect/Executable
instanceKlass java/lang/reflect/Field
ciInstanceKlass java/lang/reflect/AccessibleObject 1 1 374 10 7 12 1 1 1 10 100 12 1 1 1 10 7 12 1 1 1 10 12 1 1 9 12 1 1 100 1 10 7 12 1 1 1 11 12 1 100 1 10 12 1 7 1 100 1 10 12 1 1 10 12 1 1 10 12 1 1 10 12 1 1 10 12 1 1 7 1 10 7 12 1 1 1 10 12 1 1 11 10 7 12 1 1 1 10 12 1 1 10 12 1 10 12 1 10 12 1 1 10 12 1 8 1 100 1 100 1 10 10 12 1 1 8 1 10 12 1 10 12 1 8 1 8 1 8 1 8 1 8 1 8 1 8 1 8 1 8 1 100 1 10 12 1 10 12 1 9 100 12 1 1 1 10 12 1 1 10 12 1 10 100 1 100 1 8 1 10 8 1 10 12 1 8 1 10 12 1 10 12 1 1 10 100 1 8 1 10 11 7 12 1 1 1 10 12 1 1 10 12 1 1 10 12 1 1 9 12 1 1 100 1 10 12 1 7 1 10 12 1 10 12 1 1 10 100 1 10 12 1 10 12 10 12 1 10 12 1 10 12 1 1 10 12 1 9 12 1 10 100 12 1 1 8 1 10 12 1 1 8 1 10 100 12 1 1 1 9 12 1 100 1 10 7 1 10 10 7 12 1 1 1 10 7 12 1 1 1 9 12 1 1 1 1 1 1 1 1 1 1 1 1 1 1 1 1 1 1 1 1 1 1 1 1 1 1 1 1 1 1 1 1 1 1 1 1 1 1 1 1 1 1 1 1 1 1 1 1 1 1 1 1 1 1 1 1 1 1 1 1 1 1 1 1 1 1 1 1 1 1 1 1 1 1 1 1 1 1 1 1 1 1 1
staticfield java/lang/reflect/AccessibleObject reflectionFactory Ljdk/internal/reflect/ReflectionFactory; jdk/internal/reflect/ReflectionFactory
ciInstanceKlass java/lang/reflect/Method 1 1 468 9 7 12 1 1 1 10 7 12 1 1 1 10 7 12 1 1 9 12 1 1 9 12 1 1 10 12 1 1 10 12 1 1 10 12 1 1 10 7 12 1 1 10 7 12 1 1 1 9 12 1 1 9 12 1 9 12 1 1 9 12 1 9 12 1 9 12 1 1 9 12 1 9 12 1 1 9 12 1 9 12 1 100 1 8 1 10 12 1 10 12 1 9 12 1 1 10 7 12 1 1 1 10 12 1 1 10 12 1 1 10 12 1 10 12 1 1 9 7 12 1 1 1 10 12 1 1 10 12 10 7 12 1 1 10 12 1 1 10 12 1 10 12 1 10 12 1 10 7 12 1 1 1 10 12 1 1 9 12 1 10 7 1 10 7 12 1 1 1 10 7 12 1 1 10 12 1 1 10 12 1 1 10 12 1 10 7 12 1 1 1 10 12 1 10 8 1 10 12 1 10 12 1 7 1 8 1 8 1 8 1 10 12 1 10 12 1 1 10 12 1 1 10 10 12 1 1 10 12 1 11 100 1 10 12 1 9 12 1 1 10 12 1 1 10 12 1 10 12 1 1 10 12 1 1 11 7 12 1 1 1 11 12 1 9 12 1 1 10 12 1 10 12 1 10 12 1 10 12 1 10 12 1 10 12 1 9 12 1 1 10 7 12 1 1 1 10 7 12 1 1 10 12 1 1 10 7 12 1 1 1 10 7 12 1 1 1 10 7 12 1 1 1 11 7 12 1 1 1 10 7 12 1 1 1 7 1 100 1 100 1 10 12 1 10 12 1 1 10 12 1 100 1 8 1 10 12 1 10 10 12 1 1 10 12 1 1 10 12 1 1 10 12 1 1 8 1 10 12 1 1 1 1 1 1 1 1 1 1 1 1 1 1 1 1 1 1 1 1 1 1 1 1 1 1 1 1 1 1 1 1 1 1 1 1 1 1 1 1 1 1 1 1 1 1 1 1 1 1 1 1 1 100 1 100 1 100 1 1 1 1 1 1 1 1 1 1 1 1 1 1 1 1 1 1 1 1 1 1 1 1 1 1 1 1 1 1
ciInstanceKlass java/lang/reflect/Member 1 1 37 100 1 10 12 1 1 100 1 100 1 1 1 1 3 1 3 1 1 1 1 1 1 1 1 1 1 1 1 1 1 1 1 1 1 1 1
instanceKlass java/lang/reflect/Constructor
instanceKlass java/lang/reflect/Method
ciInstanceKlass java/lang/reflect/Executable 1 1 587 10 7 12 1 1 1 10 7 12 1 1 1 10 7 12 1 1 1 11 7 12 1 1 1 10 7 12 1 1 1 10 12 1 1 10 7 12 1 1 1 10 7 12 1 1 1 10 12 1 8 1 10 10 12 1 1 10 12 1 1 10 100 12 1 1 1 18 12 1 1 11 100 12 1 1 1 8 1 8 1 8 1 10 100 12 1 1 1 11 12 1 1 7 1 8 1 8 1 10 12 1 100 1 8 1 10 12 1 8 1 11 100 12 1 1 1 100 1 11 100 12 1 1 1 11 12 1 8 1 18 8 1 10 12 1 10 12 1 1 18 8 1 10 12 1 100 1 10 12 1 10 12 1 11 12 1 10 12 1 1 8 1 8 1 10 12 1 1 10 12 1 1 10 10 12 1 9 12 1 1 9 100 12 1 1 1 10 100 12 1 1 1 10 12 1 10 12 1 1 10 7 12 1 1 10 12 1 10 12 1 10 12 1 10 7 12 1 1 100 1 10 100 12 1 1 1 10 12 1 1 10 7 12 1 1 10 12 1 10 12 1 1 9 7 12 1 1 1 10 7 10 12 1 8 1 10 12 1 10 12 1 3 100 1 8 1 10 12 1 10 12 1 10 10 12 1 10 12 1 1 8 1 8 1 8 1 9 12 1 1 9 12 1 10 12 1 100 1 8 1 10 12 1 10 12 1 10 12 1 1 10 12 1 1 10 12 1 10 12 10 12 1 7 1 10 12 1 10 12 1 1 100 1 10 100 12 1 1 1 7 1 10 7 12 1 1 1 10 12 1 1 11 7 12 1 1 10 12 1 10 100 12 1 1 1 10 12 1 1 9 12 1 10 12 1 1 10 12 1 10 12 1 1 9 7 12 1 1 1 10 7 12 1 1 1 10 12 1 10 12 1 1 9 12 1 10 10 10 10 100 12 1 1 1 10 12 1 9 12 1 10 12 1 1 9 12 1 100 1 100 1 1 1 1 1 1 1 1 1 1 1 1 1 1 1 1 1 1 1 1 1 1 1 1 1 1 1 1 1 1 1 1 1 1 1 1 100 1 1 1 1 1 1 1 1 1 1 1 1 1 1 1 1 1 1 1 100 1 1 1 1 1 1 1 1 1 1 1 1 1 1 1 1 1 1 1 1 1 1 1 1 1 1 1 1 1 1 1 1 1 1 1 1 1 1 1 1 1 1 1 100 1 1 1 1 1 1 1 1 1 1 1 1 1 1 1 1 1 1 1 1 1 1 100 1 1 16 15 16 1 16 1 15 10 12 16 15 10 100 12 1 1 1 1 100 1 1 1 100 1 1 100 1 100 1 1
ciMethod java/lang/reflect/Method getModifiers ()I 326 0 163 0 -1
ciMethod java/lang/reflect/Method getTypeParameters ()[Ljava/lang/reflect/TypeVariable; 288 0 161 0 -1
ciMethod java/lang/reflect/Method getParameterTypes ()[Ljava/lang/Class; 42 0 792 0 -1
ciMethod java/lang/reflect/Method getParameterCount ()I 520 0 6714 0 -1
ciMethod java/lang/reflect/Method getReturnType ()Ljava/lang/Class; 288 0 144 0 -1
ciInstanceKlass java/lang/reflect/Constructor 1 1 437 10 7 12 1 1 1 10 7 12 1 1 9 7 12 1 1 1 9 12 1 1 10 12 1 1 10 12 1 1 10 12 1 1 10 7 12 1 1 10 7 12 1 1 1 9 12 1 1 9 12 1 1 9 12 1 9 12 1 1 9 12 1 9 12 1 1 9 12 1 1 9 12 1 100 1 8 1 10 12 1 10 12 1 9 12 1 1 10 7 12 1 1 1 10 12 1 1 10 12 1 1 10 12 1 7 1 100 1 8 1 10 10 12 1 10 12 1 10 12 1 1 9 100 12 1 1 1 10 7 12 1 1 10 12 1 1 10 12 1 10 12 1 1 10 7 12 1 1 1 10 100 12 1 1 10 12 1 1 10 12 1 10 100 12 1 1 1 8 1 10 10 12 1 100 1 8 1 10 12 1 10 12 1 1 10 12 1 1 10 12 1 10 12 1 10 12 1 1 10 12 1 1 9 12 1 1 10 12 1 1 10 12 1 1 10 12 1 1 11 7 12 1 1 1 10 12 1 1 10 12 1 10 12 1 10 12 1 8 1 9 12 1 1 10 7 12 1 1 1 10 7 12 1 1 10 12 1 1 10 12 1 1 10 12 1 1 10 12 1 1 10 12 1 9 100 12 1 1 10 12 1 10 12 1 10 12 1 100 1 8 1 10 10 12 1 1 10 12 1 10 10 12 1 1 10 12 1 1 10 100 12 1 1 1 11 100 12 1 1 1 10 12 1 1 9 100 12 1 1 1 10 100 12 1 1 1 10 12 1 1 1 1 1 1 1 1 1 1 1 1 1 1 1 1 1 1 1 1 1 1 1 1 1 1 1 1 1 1 1 1 1 1 1 1 1 1 1 1 1 1 1 1 1 1 1 1 1 1 1 1 1 1 1 1 100 1 100 1 100 1 100 1 1 1 1 1 1 1 1 1 1 1 1 1 1 1 1 1 1 1 1 1 1 1 1 1 1 1 1 1 1 1 1 100 1 1
ciInstanceKlass java/lang/reflect/Field 1 1 454 9 7 12 1 1 1 10 12 1 1 10 100 12 1 1 1 10 100 12 1 1 9 12 1 1 9 12 1 1 10 12 1 1 10 12 1 1 10 12 1 1 10 100 12 1 1 10 7 12 1 1 1 9 12 1 1 9 12 1 9 12 1 9 12 1 1 9 12 1 1 9 12 1 9 12 1 1 100 1 8 1 10 12 1 10 12 1 9 12 1 1 9 12 1 10 7 12 1 1 10 12 1 1 10 12 1 1 10 12 1 9 12 1 1 10 12 1 1 9 100 12 1 1 1 10 7 12 1 1 1 7 1 10 12 1 1 10 12 1 1 10 12 1 10 12 1 10 7 1 10 7 12 1 1 100 1 10 8 1 10 12 1 1 10 12 1 1 8 1 10 12 10 12 1 8 1 8 1 10 11 100 1 9 12 1 10 12 1 1 10 12 1 1 11 7 12 1 1 1 10 12 1 11 12 1 1 11 12 1 1 11 12 1 1 11 12 1 1 11 12 1 1 11 12 1 1 11 12 1 1 11 12 1 1 11 12 1 1 11 12 1 1 11 12 1 1 11 12 1 1 11 12 1 1 11 12 1 1 11 12 1 1 11 12 1 1 11 12 1 1 10 12 1 10 100 12 1 1 10 12 1 10 12 1 10 12 1 10 12 1 1 10 12 1 1 10 12 1 10 7 12 1 1 10 12 1 1 11 7 1 10 12 1 100 1 10 100 12 1 1 1 10 7 12 1 1 1 9 12 1 10 7 12 1 1 1 11 7 12 1 1 1 10 12 1 1 10 12 1 1 9 100 12 1 1 10 100 12 1 1 1 10 12 1 1 100 1 1 1 1 1 1 1 1 1 1 1 1 1 1 1 1 1 1 1 1 1 1 1 1 1 1 1 1 1 1 1 1 1 1 1 1 1 1 1 100 1 1 1 1 1 1 1 1 1 1 1 1 1 1 1 1 1 1 1 1 1 1 1 1 1 1 1 1 1 1 1 1 100 1 1 1 1 1 1 1 1 100 1 1 100 1 1
ciInstanceKlass java/lang/reflect/Parameter 1 1 256 10 7 12 1 1 1 9 7 12 1 1 1 9 12 1 1 9 12 1 1 9 12 1 10 12 1 1 10 12 1 1 10 7 12 1 1 1 100 1 10 10 12 1 1 11 100 12 1 1 1 10 12 1 10 100 12 1 1 1 10 12 1 1 10 12 1 10 12 1 8 1 8 1 10 7 12 1 1 1 10 12 1 10 12 9 100 12 1 1 1 9 100 12 1 1 1 10 12 1 1 10 12 1 1 10 100 12 1 1 1 10 12 1 8 1 10 12 1 9 12 1 1 10 12 1 1 9 12 1 1 10 12 1 1 10 12 1 1 10 12 1 1 10 12 1 10 10 12 1 10 7 12 1 1 1 10 12 1 1 11 7 12 1 1 10 7 12 1 1 100 1 10 100 12 1 1 1 10 12 1 1 10 12 1 1 10 12 1 1 10 12 1 1 9 12 1 7 1 10 11 12 1 11 12 1 1 100 1 1 1 1 1 1 1 1 1 1 1 1 1 1 1 1 1 1 1 1 1 1 1 1 1 1 1 1 1 1 1 1 1 1 1 1 1 1 1 100 1 1 1 1 1 100 1 1
ciInstanceKlass java/lang/reflect/RecordComponent 0 0 196 10 100 12 1 1 1 9 100 12 1 1 1 9 12 1 1 9 12 1 10 12 1 1 10 12 1 1 10 100 12 1 1 1 10 12 1 1 9 12 1 1 10 12 1 1 10 12 1 1 10 12 1 10 100 12 1 1 10 100 12 1 1 9 12 1 1 10 100 12 1 1 1 11 100 12 1 1 1 10 9 100 12 1 1 1 10 100 12 1 1 1 9 12 1 1 10 100 12 1 1 1 10 12 1 1 11 100 12 1 1 10 100 12 1 1 100 1 9 12 1 9 12 1 1 9 12 1 10 100 12 1 1 1 10 12 1 1 10 12 1 1 100 1 10 10 12 1 10 12 1 1 8 1 10 12 1 10 12 1 9 12 1 100 1 1 1 1 1 1 1 1 1 1 1 1 1 1 1 1 1 1 1 1 1 1 100 1 1 1 1 1 1 100 1 1
ciInstanceKlass java/lang/StringBuffer 1 1 487 10 7 12 1 1 1 10 12 1 10 12 1 10 12 1 1 9 7 12 1 1 1 10 12 1 1 10 12 1 10 12 1 1 9 12 1 1 10 12 1 10 12 1 1 10 12 1 1 10 12 1 10 12 1 1 10 12 1 10 12 1 1 10 12 1 1 10 7 12 1 1 1 10 12 1 1 10 12 1 10 12 1 10 12 1 10 12 1 10 12 1 10 12 1 10 12 1 10 12 1 10 12 1 10 12 1 10 12 1 10 12 1 10 12 1 10 12 1 1 10 12 1 10 12 1 1 10 12 1 1 10 10 12 1 1 10 12 1 10 12 1 10 12 1 10 12 1 10 12 1 10 12 1 10 12 10 12 1 10 12 1 10 12 1 10 12 1 1 10 12 1 10 12 1 10 10 12 1 1 10 12 1 10 12 1 10 12 1 8 1 10 12 1 10 10 100 12 1 1 1 10 10 12 1 1 9 12 1 1 10 100 12 1 1 10 100 1 8 10 100 12 1 1 1 8 10 12 1 8 1 10 12 1 10 12 1 10 100 12 1 1 1 10 100 12 1 1 1 7 1 10 12 100 1 8 1 10 10 12 1 1 10 12 1 1 10 12 1 10 12 1 10 12 1 1 10 12 1 10 12 1 10 12 1 10 12 1 10 12 1 10 12 10 12 1 10 12 1 10 12 1 10 12 1 10 12 1 10 12 1 10 12 1 10 12 1 10 12 1 10 12 1 10 12 10 12 10 12 1 10 12 1 10 12 1 10 12 10 12 1 10 12 1 10 12 1 10 12 1 10 12 1 10 12 1 10 12 1 10 12 1 10 12 1 10 12 1 10 12 1 7 1 10 12 1 9 7 12 1 1 1 9 7 1 9 12 1 1 100 1 100 1 100 1 100 1 1 1 1 5 0 1 1 1 1 1 1 1 1 1 1 1 1 1 1 1 1 1 1 1 1 1 1 1 1 1 1 1 1 1 1 1 1 1 1 1 1 1 1 1 1 1 1 1 1 1 1 1 1 1 1 1 1 1 1 1 1 1 1 1 1 100 1 1 1 1 1 100 1 1 1 1 1 1 1 1 1 1 1 1 1 1 1 1 1 1
staticfield java/lang/StringBuffer serialPersistentFields [Ljava/io/ObjectStreamField; 3 [Ljava/io/ObjectStreamField;
instanceKlass java/lang/StringBuilder
instanceKlass java/lang/StringBuffer
ciInstanceKlass java/lang/AbstractStringBuilder 1 1 662 7 1 10 7 12 1 1 1 9 7 12 1 1 1 9 12 1 9 12 1 1 9 12 1 1 10 7 12 1 1 1 10 12 1 1 100 1 3 3 10 12 1 10 12 1 1 10 12 1 1 11 7 1 100 1 100 1 10 8 1 10 12 1 10 12 1 10 12 1 1 10 12 1 10 12 1 9 12 1 10 12 1 9 12 1 1 10 7 12 1 1 1 10 10 12 1 10 12 1 10 12 1 1 9 12 1 100 1 8 1 10 12 1 10 12 1 1 8 1 10 7 12 1 1 1 10 12 1 1 8 1 10 7 12 1 1 1 100 1 8 1 10 100 1 10 12 1 10 12 1 1 10 7 12 1 1 1 10 12 1 1 10 12 1 1 10 12 1 1 10 12 1 1 10 7 12 1 1 1 10 12 1 100 1 10 10 7 12 1 1 1 9 12 1 1 9 12 1 10 12 1 1 10 10 12 1 1 10 12 1 1 10 12 1 1 10 12 1 1 10 12 1 1 10 12 1 1 10 12 1 1 10 12 1 10 10 10 12 1 10 12 1 1 10 8 1 10 12 1 1 10 12 1 10 12 1 10 12 1 10 10 7 12 1 1 1 10 12 1 1 10 12 1 10 12 1 10 12 1 10 12 100 1 9 12 1 1 9 12 1 10 12 1 1 100 1 9 12 1 9 12 10 12 1 10 12 1 1 10 12 1 1 10 12 1 10 12 1 1 10 12 1 10 12 1 1 10 12 1 1 10 10 7 12 1 1 1 10 12 1 10 12 1 10 12 1 1 10 12 1 10 12 1 1 10 12 1 10 12 1 10 12 1 10 12 1 10 12 1 10 12 1 10 12 1 10 12 1 1 10 12 1 10 12 1 10 12 10 12 1 1 18 12 1 1 100 1 10 100 12 1 1 1 18 10 12 1 1 10 12 1 1 10 12 1 10 12 1 10 12 1 1 10 12 1 10 12 1 1 11 12 1 1 10 12 1 10 12 1 1 10 12 1 10 12 1 10 12 1 10 5 0 10 100 1 8 1 10 10 12 1 1 10 100 12 1 1 1 10 12 1 10 12 1 1 100 1 10 12 100 1 10 100 1 10 10 7 12 1 1 100 1 1 1 1 1 1 1 1 1 1 1 100 1 1 1 1 1 1 1 1 1 1 1 1 1 1 1 1 1 1 1 1 1 1 1 1 1 1 1 1 1 1 1 1 1 1 1 1 1 1 1 1 1 1 1 1 1 1 1 1 1 1 1 1 100 1 1 1 1 1 1 1 1 1 1 1 1 1 1 1 1 1 1 1 1 1 1 1 1 1 1 1 1 1 1 1 1 1 1 1 1 1 1 1 1 1 1 1 1 1 1 1 1 1 1 1 1 1 1 1 1 1 1 1 1 1 1 1 100 1 1 1 1 1 1 100 1 1 1 1 1 1 100 1 1 16 1 15 10 12 16 15 10 12 15 10 100 12 1 1 1 1 1 1 1 100 1 100 1 1
staticfield java/lang/AbstractStringBuilder EMPTYVALUE [B 0
staticfield java/lang/AbstractStringBuilder $assertionsDisabled Z 1
ciInstanceKlass java/lang/StringBuilder 1 1 425 10 7 12 1 1 1 10 12 1 10 12 1 10 12 1 1 10 7 12 1 1 1 10 7 12 1 1 1 10 12 1 10 12 1 10 12 1 10 12 1 10 12 1 10 12 1 10 12 1 10 12 1 10 12 1 10 12 1 10 12 1 10 12 1 10 12 1 10 12 1 1 10 12 1 10 12 1 1 10 12 1 1 10 12 1 10 12 1 10 12 1 10 12 1 10 12 1 10 12 1 10 12 1 10 12 10 12 1 10 12 1 10 12 1 10 12 1 1 10 12 1 10 12 1 10 12 10 12 1 1 10 12 1 10 12 1 10 12 1 1 8 1 10 12 1 10 100 12 1 1 1 9 12 1 1 10 12 1 10 12 1 10 12 1 1 9 12 1 1 10 100 12 1 1 1 10 100 1 10 12 1 1 10 100 12 1 1 10 12 1 10 12 1 1 100 1 100 1 8 1 10 10 12 1 1 10 12 1 10 12 1 10 12 1 1 10 12 1 10 12 1 10 12 1 10 12 1 10 12 1 10 12 10 12 1 10 12 1 10 12 1 10 12 1 10 12 1 10 12 1 10 12 1 10 12 1 10 12 1 1 10 12 1 1 10 12 1 10 12 1 10 12 1 10 12 10 12 10 12 1 10 12 1 10 12 1 10 12 10 12 1 10 12 1 10 12 1 10 12 1 10 12 1 10 12 1 10 12 1 10 12 1 10 12 1 1 10 12 1 10 12 1 1 10 12 1 10 12 1 1 10 12 1 10 12 1 1 10 12 1 10 12 1 10 12 1 10 10 10 12 1 100 1 100 1 100 1 100 1 1 1 1 5 0 1 1 1 1 1 1 1 1 1 1 1 1 1 1 1 1 1 1 1 1 1 1 1 1 1 1 1 1 1 1 1 1 1 1 1 1 1 1 1 1 1 1 1 1 100 1 1 1 100 1 1 1 1 1 1 1 1 1 1 1
ciInstanceKlass java/security/CodeSource 1 1 396 10 7 12 1 1 1 9 7 12 1 1 1 9 12 1 1 9 12 1 1 9 12 1 1 10 7 12 1 1 1 9 12 1 1 10 100 12 1 1 10 100 10 100 12 1 1 1 10 12 1 1 10 12 1 1 100 1 10 10 100 12 1 1 1 10 100 12 1 1 1 10 12 1 1 100 1 10 12 1 1 10 12 1 1 10 12 1 1 10 12 1 10 10 100 1 10 12 1 1 10 100 12 1 1 1 10 12 1 1 10 12 1 10 12 1 8 1 10 12 1 10 12 1 10 12 1 1 10 12 1 8 1 10 12 1 1 10 100 1 10 10 12 1 1 8 1 10 12 1 10 12 1 10 12 1 8 1 8 1 9 12 1 1 100 1 8 1 10 12 1 10 12 1 1 8 1 10 12 1 8 1 8 1 8 1 10 100 12 1 1 10 12 1 1 10 12 1 10 12 1 1 10 12 1 1 10 12 1 1 100 1 100 1 10 12 1 10 12 10 12 1 1 10 100 12 1 1 10 12 1 100 1 10 12 10 100 12 1 1 1 10 8 1 10 12 1 10 12 1 1 100 1 10 12 1 1 100 1 100 1 8 1 8 1 10 10 12 1 1 10 100 12 1 1 1 100 1 10 12 10 12 1 1 11 100 12 1 1 10 10 12 1 11 10 12 1 8 1 100 1 10 12 1 10 12 1 1 10 12 1 11 12 1 1 100 1 1 1 1 5 0 1 1 1 1 1 1 1 1 1 1 1 1 1 1 1 1 1 1 1 1 1 1 1 1 1 1 1 1 1 1 1 1 1 1 1 1 1 1 1 1 1 1 1 1 1 1 1 1 1 1 1 1 1 1 1 1 1 1 1 1 1 1 1 1 1 1 100 1 1 1 1 1 1 1
ciInstanceKlass java/security/ProtectionDomain 1 1 141 10 7 12 1 1 1 9 7 12 1 1 1 9 12 1 1 9 12 1 1 10 7 12 1 1 7 1 9 12 1 9 12 1 1 7 1 9 12 1 1 9 12 1 10 100 12 1 1 10 100 12 1 1 1 10 12 1 1 10 12 1 8 1 100 1 8 1 10 12 1 10 11 12 1 1 10 100 12 1 1 1 10 12 1 1 8 1 11 8 1 10 12 1 8 1 8 1 8 1 10 12 1 8 1 8 1 1 1 1 1 1 1 1 100 1 1 100 1 1 1 1 1 1 1 1 1 1 1 1 1 1 1 1 1 1 1 100 1 1 1
instanceKlass java/net/URLClassLoader
instanceKlass jdk/internal/loader/BuiltinClassLoader
ciInstanceKlass java/security/SecureClassLoader 1 1 99 10 7 12 1 1 1 7 1 10 12 1 9 7 12 1 1 1 10 12 1 10 12 1 10 12 1 1 10 12 1 1 10 12 1 7 1 10 7 1 10 12 1 7 1 10 12 1 11 7 12 1 1 1 7 1 11 12 1 10 12 1 1 1 1 1 1 1 1 1 1 1 1 1 1 1 1 1 1 1 1 1 1 1 1 1 1 1 1 1 1 1 1 1 1 1 1 1 1
ciInstanceKlass java/net/URL 1 1 736 10 7 12 1 1 1 10 12 1 10 7 12 1 1 9 12 1 1 9 12 1 10 12 1 1 9 12 1 1 10 7 12 1 1 1 8 1 10 12 1 1 7 1 10 10 12 1 1 8 1 10 12 1 1 9 12 1 7 1 8 1 10 12 1 10 12 1 8 1 9 12 1 10 12 1 1 9 12 1 10 12 1 10 12 1 9 12 1 9 12 1 8 1 9 12 1 10 12 1 1 8 1 9 12 1 1 10 12 1 1 10 7 12 1 1 1 8 1 10 12 1 7 1 10 12 1 10 12 1 10 12 1 10 12 1 1 10 12 1 1 8 1 10 12 1 1 10 12 1 8 1 9 12 1 8 1 10 12 1 10 7 12 1 1 1 100 1 10 12 1 10 12 1 1 10 7 12 1 1 1 7 1 8 1 10 10 12 1 8 1 10 12 1 1 10 12 1 10 12 1 10 12 1 10 12 1 10 12 1 10 12 1 8 1 10 12 1 8 1 10 10 100 1 10 10 12 1 8 1 10 7 12 1 1 1 10 12 1 9 12 1 1 10 12 1 10 100 12 1 1 1 100 1 10 12 1 10 12 1 10 12 1 10 12 1 10 12 1 10 12 10 10 12 1 8 1 100 1 10 100 12 1 1 1 10 12 1 1 10 12 1 10 12 1 1 8 1 9 100 12 1 1 1 10 100 12 1 1 1 10 12 1 10 12 1 10 100 12 1 1 1 10 12 1 1 10 12 1 9 12 1 1 9 12 1 1 100 1 8 1 10 9 12 1 1 10 7 12 1 1 8 1 10 7 12 1 1 8 1 10 12 1 1 10 12 1 8 1 8 1 10 7 12 1 1 1 7 1 10 7 12 1 1 1 10 12 1 10 12 1 9 7 12 1 1 1 10 7 12 1 1 10 12 1 1 10 12 1 8 1 7 1 10 7 12 1 1 1 10 12 1 1 11 7 12 1 1 11 12 1 10 12 1 10 12 1 8 9 7 12 1 1 1 10 12 1 1 10 12 1 10 12 1 1 10 7 12 1 1 11 7 1 10 12 1 10 12 1 9 12 1 10 12 1 1 10 100 12 1 1 10 100 12 1 1 1 8 10 100 12 1 1 100 1 10 8 8 10 12 1 8 8 8 100 1 10 12 1 9 12 1 1 10 12 1 10 12 1 1 10 12 1 10 12 10 12 1 1 10 12 1 1 10 10 10 12 1 10 12 1 10 12 1 10 12 1 10 12 1 10 10 12 1 100 1 8 1 10 10 10 12 1 1 10 12 1 10 12 1 1 8 1 7 1 10 10 7 1 10 12 1 9 7 12 1 1 1 9 12 1 1 7 1 10 10 7 12 1 1 1 100 1 1 1 1 1 5 0 1 1 1 1 1 1 1 1 1 1 1 1 1 1 1 1 1 1 1 1 1 1 1 1 1 1 1 1 1 1 1 1 1 1 1 1 1 1 1 1 1 1 1 1 1 1 100 1 1 1 1 1 1 1 1 1 1 1 1 1 1 1 1 1 1 1 1 1 1 1 1 1 1 1 1 1 1 1 1 1 1 1 1 100 1 1 1 1 1 1 1 1 1 1 1 1 1 1 1 1 1 1 1 1 1 1 1 100 1 1 1 1 1 1 1 1 1 1 1 1 1 1 1 1 1 1 1
staticfield java/net/URL defaultFactory Ljava/net/URLStreamHandlerFactory; java/net/URL$DefaultFactory
staticfield java/net/URL handlers Ljava/util/Hashtable; java/util/Hashtable
staticfield java/net/URL streamHandlerLock Ljava/lang/Object; java/lang/Object
staticfield java/net/URL serialPersistentFields [Ljava/io/ObjectStreamField; 7 [Ljava/io/ObjectStreamField;
ciInstanceKlass java/util/jar/Manifest 1 1 320 10 7 12 1 1 1 7 1 10 9 7 12 1 1 1 7 1 10 9 12 1 1 9 12 1 1 10 12 1 10 12 1 1 10 12 1 1 10 12 1 1 10 12 1 1 11 7 1 11 12 1 1 10 12 1 1 10 100 12 1 1 1 100 1 100 1 10 8 1 10 12 1 1 10 12 1 1 10 12 1 10 12 1 11 100 1 10 12 1 10 12 1 1 11 12 1 1 10 12 1 11 12 1 1 11 100 12 1 1 1 11 100 12 1 1 11 12 1 1 100 1 10 12 1 8 1 11 12 1 7 1 10 12 1 1 11 12 1 10 12 1 10 12 1 10 9 7 12 1 1 1 10 12 1 1 10 100 12 1 10 12 1 10 12 1 9 100 12 1 1 1 8 1 10 12 1 8 1 8 1 7 1 10 12 1 10 12 1 10 12 1 1 100 1 8 1 10 12 1 1 8 1 10 10 12 1 1 8 1 10 12 1 1 10 100 12 1 1 1 10 12 1 10 11 12 1 1 10 12 1 1 10 7 12 1 1 1 10 12 1 1 10 12 1 10 12 1 1 11 10 12 1 11 10 12 1 100 1 1 1 1 1 1 1 1 1 1 1 1 1 1 1 1 1 1 1 1 1 1 1 1 1 1 1 1 1 1 1 1 1 1 1 100 1 1 1 1 1 1 1 1 1 1 1 1 1 1 100 1 1 1 1 1 1 1 1 1 1 1
ciInstanceKlass java/io/ByteArrayInputStream 1 1 135 10 7 12 1 1 1 9 7 12 1 1 1 9 12 1 1 9 12 1 9 12 1 10 100 12 1 1 1 10 7 12 1 1 1 10 7 12 1 1 1 10 100 12 1 1 1 10 12 1 1 10 100 12 1 1 1 100 1 100 1 100 1 3 10 100 1 10 100 12 1 1 1 9 12 1 1 100 1 10 10 7 12 1 1 1 1 1 1 1 1 1 1 1 1 1 1 1 1 1 1 1 1 1 1 1 1 1 1 1 1 1 1 1 1 1 1 1 100 1 100 1 1 1 1 1 1 1 1 1 1 1 1 1 1
staticfield java/io/ByteArrayInputStream $assertionsDisabled Z 1
instanceKlass java/nio/CharBuffer
instanceKlass java/nio/IntBuffer
instanceKlass java/nio/LongBuffer
instanceKlass java/nio/ByteBuffer
ciInstanceKlass java/nio/Buffer 1 1 259 100 1 10 7 12 1 1 1 9 7 12 1 1 1 9 12 1 9 12 1 1 9 12 1 9 12 1 1 10 12 1 1 10 12 1 1 10 12 100 1 100 1 10 8 1 10 12 1 1 10 12 1 8 1 8 1 10 12 1 1 10 12 1 8 1 9 12 1 1 100 1 8 1 10 12 1 8 1 8 1 9 12 10 12 1 8 1 8 1 8 1 10 12 1 8 1 8 1 8 1 100 1 10 100 1 10 100 1 10 9 12 1 1 10 7 12 1 1 1 100 1 10 12 1 1 10 12 1 10 100 12 1 1 10 7 12 1 1 1 10 7 12 1 1 1 9 12 1 1 10 7 12 1 1 1 9 12 1 1 7 1 10 10 12 1 1 7 1 10 10 7 12 1 1 1 1 1 3 1 1 1 1 1 1 1 1 1 1 1 1 1 1 100 1 1 1 1 1 1 1 100 1 1 1 1 1 1 1 1 1 1 1 1 1 1 1 1 1 1 1 1 1 1 1 1 1 1 1 1 1 1 1 1 1 1 1 1 1 1 1 1 1 1 100 1 100 1 100 1 100 1 100 1 100 1 100 1 1
staticfield java/nio/Buffer UNSAFE Ljdk/internal/misc/Unsafe; jdk/internal/misc/Unsafe
staticfield java/nio/Buffer SCOPED_MEMORY_ACCESS Ljdk/internal/misc/ScopedMemoryAccess; jdk/internal/misc/ScopedMemoryAccess
staticfield java/nio/Buffer IOOBE_FORMATTER Ljava/util/function/BiFunction; jdk/internal/util/Preconditions$4
staticfield java/nio/Buffer $assertionsDisabled Z 1
ciInstanceKlass java/util/function/Function 1 1 77 10 7 12 1 1 1 18 12 1 1 18 18 12 1 11 7 12 1 100 1 1 1 1 1 1 1 1 1 1 1 1 1 1 1 1 1 1 1 1 1 1 1 1 1 1 1 1 1 1 1 1 1 1 16 15 11 12 15 11 12 15 11 12 15 10 7 12 1 1 1 1 100 1 100 1 1
ciInstanceKlass java/lang/AssertionStatusDirectives 0 0 24 10 100 12 1 1 1 100 1 1 1 1 1 1 1 1 1 1 1 1 1 1 1 1
instanceKlass org/springframework/cglib/core/MethodWrapper$MethodWrapperKey
instanceKlass org/springframework/cglib/proxy/Enhancer$EnhancerKey
instanceKlass org/springframework/boot/http/client/ClientHttpRequestFactorySettings
instanceKlass org/springframework/util/ConcurrentLruCache$CacheEntry
instanceKlass org/springframework/expression/common/TemplateAwareExpressionParser$Bracket
instanceKlass org/springframework/data/web/config/SpringDataWebSettings
instanceKlass sun/util/locale/LanguageTag
instanceKlass org/springframework/boot/SpringApplicationShutdownHook$Handler
instanceKlass org/springframework/util/PlaceholderParser$ParsedValue
instanceKlass java/lang/reflect/Executable$ParameterData
instanceKlass java/util/Formatter$FixedString
instanceKlass jdk/internal/classfile/impl/StackCounter$Target
instanceKlass jdk/internal/classfile/impl/StackMapDecoder$StackMapFrameImpl
instanceKlass jdk/internal/classfile/impl/StackMapDecoder$ObjectVerificationTypeInfoImpl
instanceKlass java/lang/reflect/Proxy$ProxyBuilder$ProxyClassContext
instanceKlass org/springframework/boot/loader/zip/ZipLocalFileHeaderRecord
instanceKlass java/lang/ClassValue$Version
instanceKlass org/springframework/boot/loader/zip/ZipCentralDirectoryFileHeaderRecord
instanceKlass org/springframework/boot/loader/zip/Zip64EndOfCentralDirectoryRecord
instanceKlass org/springframework/boot/loader/zip/Zip64EndOfCentralDirectoryLocator
instanceKlass org/springframework/boot/loader/zip/ZipEndOfCentralDirectoryRecord$Located
instanceKlass org/springframework/boot/loader/zip/ZipEndOfCentralDirectoryRecord
instanceKlass java/nio/DirectByteBuffer$Deallocator
instanceKlass org/springframework/boot/loader/zip/ZipContent$Source
instanceKlass jdk/internal/misc/ThreadTracker$ThreadRef
instanceKlass org/springframework/boot/loader/net/protocol/nested/NestedLocation
instanceKlass java/lang/invoke/StringConcatFactory$InlineHiddenClassStrategy$MethodHandlePair
instanceKlass java/util/stream/Collectors$CollectorImpl
instanceKlass org/springframework/boot/loader/launch/JarFileArchive$JarArchiveEntry
instanceKlass java/lang/invoke/MethodHandles$Lookup$ClassDefiner
instanceKlass jdk/internal/classfile/impl/ClassHierarchyImpl$ClassHierarchyInfoImpl
instanceKlass java/lang/classfile/ClassHierarchyResolver$1Factory
instanceKlass jdk/internal/classfile/impl/RawBytecodeHelper$CodeRange
instanceKlass jdk/internal/classfile/impl/StackMapGenerator$Type
instanceKlass jdk/internal/classfile/impl/Util$1WithCodeMethodHandler
instanceKlass jdk/internal/classfile/impl/DirectCodeBuilder$DeferredLabel
instanceKlass java/lang/invoke/InvokerBytecodeGenerator$ClassData
instanceKlass jdk/internal/classfile/impl/AnnotationImpl
instanceKlass java/security/SecureClassLoader$CodeSourceKey
instanceKlass java/util/zip/ZipFile$EntryPos
instanceKlass sun/nio/fs/WindowsPathParser$Result
instanceKlass jdk/internal/reflect/ReflectionFactory$Config
instanceKlass jdk/internal/foreign/abi/UpcallLinker$CallRegs
instanceKlass jdk/internal/foreign/abi/VMStorage
ciInstanceKlass java/lang/Record 1 1 22 10 7 12 1 1 1 100 1 1 1 1 1 1 1 1 1 1 1 1 1 1
ciInstanceKlass java/util/concurrent/ConcurrentHashMap 1 1 1219 100 1 7 1 10 7 12 1 1 1 10 12 1 1 9 12 1 1 3 10 7 12 1 1 1 3 100 1 10 7 12 1 1 1 100 1 10 100 12 1 1 1 100 1 11 12 1 1 11 12 1 11 12 1 1 9 12 1 1 9 12 1 9 12 1 1 10 7 12 1 1 1 7 1 10 12 1 1 10 12 1 1 10 7 12 1 1 1 4 10 12 1 11 7 12 1 1 10 12 1 10 12 1 1 100 1 10 5 0 10 12 1 9 12 1 10 12 1 1 5 0 10 12 1 10 12 1 9 12 1 1 10 12 1 1 9 12 1 9 12 1 1 10 12 1 1 9 12 1 10 12 1 1 9 12 1 1 10 12 1 1 100 1 10 7 1 10 12 1 10 12 1 1 10 12 1 1 10 12 1 1 10 12 1 10 12 1 1 10 12 1 1 100 1 10 12 1 1 7 1 100 1 8 1 10 12 1 10 12 1 1 10 12 1 1 10 10 12 1 11 12 1 1 11 7 12 1 1 1 11 7 12 1 1 1 11 12 1 7 1 11 12 1 11 12 1 10 12 1 1 10 12 1 1 9 12 1 1 10 100 12 1 1 1 9 10 12 1 1 9 12 1 10 12 1 1 5 0 9 12 1 1 7 1 10 12 1 9 12 1 1 7 1 10 12 1 9 12 1 7 1 10 100 1 10 10 12 1 1 8 1 10 12 1 10 12 1 1 11 100 1 10 12 1 10 100 12 1 1 1 8 1 10 100 12 1 1 1 8 1 10 12 1 8 1 10 12 1 10 12 1 1 10 100 12 1 1 10 12 1 10 12 1 10 12 1 9 12 1 9 10 12 1 9 12 1 11 7 12 1 1 1 11 7 12 1 1 1 100 1 10 12 11 100 12 1 1 10 11 7 12 1 10 12 1 100 1 10 12 1 100 1 10 10 9 7 12 1 1 1 3 10 100 12 1 1 9 12 1 10 12 1 1 9 12 1 1 9 12 1 10 12 1 1 10 7 12 1 1 9 12 1 9 7 12 1 1 10 12 1 1 10 12 1 3 9 12 1 9 12 1 10 12 1 1 7 1 9 3 100 1 10 12 1 9 12 1 10 12 1 9 12 1 10 12 1 9 12 1 10 100 12 1 1 1 100 10 12 1 100 1 5 0 10 100 12 1 1 100 1 10 12 1 1 10 12 1 10 12 1 100 1 10 12 1 10 100 1 100 1 10 10 12 1 10 100 1 10 12 1 10 100 1 10 12 1 10 100 1 10 12 1 1 100 1 10 12 1 10 10 12 1 100 1 10 12 1 10 10 12 1 100 1 10 12 1 10 100 1 10 12 1 10 100 1 10 12 1 10 100 1 10 12 1 10 100 1 10 12 1 10 100 1 10 12 1 10 100 1 10 12 1 10 100 1 10 12 1 10 100 1 10 10 100 1 10 10 100 1 10 10 100 1 10 12 1 10 100 1 10 12 1 10 100 1 10 12 1 10 100 1 10 12 1 10 100 1 10 12 1 10 100 1 10 10 100 1 10 10 100 1 10 10 100 1 10 12 1 10 100 1 10 12 1 10 100 1 10 12 1 10 100 1 10 12 1 10 100 1 10 12 1 10 10 12 1 10 12 1 7 1 7 1 10 12 1 9 12 1 1 9 12 1 1 10 12 1 1 8 10 12 1 1 8 8 8 8 7 10 12 1 1 10 12 1 1 100 1 8 1 10 7 1 100 1 100 1 1 1 5 0 1 1 3 1 3 1 1 1 1 3 1 3 1 3 1 1 1 1 1 3 1 3 1 3 1 1 1 1 1 1 1 1 1 1 1 1 1 1 1 1 1 1 1 1 1 1 1 1 1 1 1 100 1 1 1 1 1 1 1 1 1 1 1 1 1 1 1 1 1 1 1 1 1 1 1 1 1 1 1 1 1 1 1 1 1 1 1 1 1 1 1 1 1 1 1 1 1 1 1 1 1 1 1 1 1 1 1 1 1 1 1 1 1 1 1 1 1 1 1 1 1 1 1 1 1 1 1 1 1 1 1 1 1 1 1 1 100 1 1 1 1 1 1 1 1 1 1 1 100 1 1 1 1 1 1 1 1 1 1 1 1 1 1 1 1 1 1 1 1 1 1 1 1 1 1 1 1 1 1 1 1 1 1 1 1 1 1 1 1 1 1 1 1 1 1 1 1 1 1 1 1 1 1 1 1 1 1 1 1 1 1 1 1 1 1 1 1 1 1 1 1 1 1 1 1 1 1 1 1 1 1 1 1 1 1 1 1 1 1 1 1 1 1 1 1 1 1 1 1 1 1 1 1 1 1 1 1 1 1 1 1 1 1 1 1 1 1 1 1 1 1 1 1 1 1 1 1 1 1 1 1 1 1 1 1 1 1 1 1 1 1 1 1 1 1 1 1 1 1 1 1 1 1 1 1 1 1 1 1 1 1 1 1 1 1 1 1 1 1 1 1 1 1 1 1 1 1 1 1 1 1 1 1 1 1 1 1 1 1 1 1 1 1 1 1 1 1 1 1 1 1 1 1 1 1 1 1 1 1 1 1 1 1 1 1 1 1 1 1 1 1 1 100 1 100 1 100 1 100 1 100 1 100 1 100 1 100 1 100 1 1 1 1 1 1 1 1 1 1 1 1 1 1 1 1 1 1 1 1 1 1 1 1 1 1 1 1 1 1 1 1 1 1 1 1 1 1 1 1 1 1 1 1 1 1 1 1 1 1 1 1 1 1 1 1 1 1
staticfield java/util/concurrent/ConcurrentHashMap serialPersistentFields [Ljava/io/ObjectStreamField; 3 [Ljava/io/ObjectStreamField;
staticfield java/util/concurrent/ConcurrentHashMap U Ljdk/internal/misc/Unsafe; jdk/internal/misc/Unsafe
staticfield java/util/concurrent/ConcurrentHashMap SIZECTL J 44
staticfield java/util/concurrent/ConcurrentHashMap TRANSFERINDEX J 56
staticfield java/util/concurrent/ConcurrentHashMap BASECOUNT J 48
staticfield java/util/concurrent/ConcurrentHashMap CELLSBUSY J 60
staticfield java/util/concurrent/ConcurrentHashMap CELLVALUE J 144
staticfield java/util/concurrent/ConcurrentHashMap ABASE J 16
staticfield java/util/concurrent/ConcurrentHashMap ASHIFT I 2
instanceKlass java/util/TreeMap$NavigableSubMap
instanceKlass com/fasterxml/jackson/databind/util/internal/PrivateMaxEntriesMap
instanceKlass org/hibernate/validator/internal/util/ConcurrentReferenceHashMap
instanceKlass org/springframework/util/ConcurrentReferenceHashMap
instanceKlass java/util/TreeMap
instanceKlass java/util/Collections$SingletonMap
instanceKlass java/util/EnumMap
instanceKlass java/util/IdentityHashMap
instanceKlass java/util/WeakHashMap
instanceKlass java/util/Collections$EmptyMap
instanceKlass sun/util/PreHashedMap
instanceKlass java/util/HashMap
instanceKlass java/util/ImmutableCollections$AbstractImmutableMap
instanceKlass java/util/concurrent/ConcurrentHashMap
ciInstanceKlass java/util/AbstractMap 1 1 198 10 7 12 1 1 1 10 7 12 1 1 1 11 7 12 1 1 1 10 11 12 1 1 11 7 12 1 1 1 11 12 1 1 7 1 11 12 1 10 12 1 1 11 12 1 100 1 10 11 12 1 11 7 1 10 12 1 1 11 12 1 9 12 1 1 7 1 10 12 1 9 12 1 1 7 1 10 11 11 12 1 1 11 12 1 100 1 100 1 11 12 1 8 1 100 1 10 10 12 1 1 8 1 10 12 1 10 12 1 1 10 12 1 1 1 1 1 1 1 1 1 1 1 1 1 1 1 1 1 1 1 1 1 1 1 1 1 1 1 1 1 1 1 1 1 1 1 1 1 1 1 1 100 1 1 1 1 1 1 1 100 1 1 1 1 1 1 1 1 1 100 1 1 1 1 1 1 1 1 1 100 1 100 1 100 1 100 1 100 1 1 1 1 1 1 1 1
ciMethod java/util/concurrent/ConcurrentHashMap get (Ljava/lang/Object;)Ljava/lang/Object; 516 30 14980 0 664
ciMethod java/util/concurrent/ConcurrentHashMap containsKey (Ljava/lang/Object;)Z 402 0 14210 0 664
ciMethod java/util/concurrent/ConcurrentHashMap computeIfAbsent (Ljava/lang/Object;Ljava/util/function/Function;)Ljava/lang/Object; 512 56 14265 0 4287
ciInstanceKlass java/util/concurrent/ConcurrentMap 1 1 201 11 7 12 1 1 1 10 7 12 1 1 11 12 1 1 11 100 12 1 1 1 11 100 12 1 1 1 11 12 1 1 100 1 11 12 1 11 12 1 100 1 11 100 12 1 1 1 18 12 1 11 12 1 1 11 7 12 1 1 11 12 1 1 11 100 12 1 11 12 1 1 11 12 1 1 100 1 100 1 1 1 1 1 1 1 1 1 1 1 1 1 1 1 1 1 1 1 1 1 1 1 1 1 1 1 1 1 1 1 1 1 1 1 1 1 1 1 1 1 1 1 1 1 1 1 1 1 1 1 1 1 1 1 1 1 1 1 1 16 15 11 12 15 10 100 12 1 1 1 1 1 100 1 100 1 1 1 100 1 8 1 1 12 10 1 8 1 1 1 8 1 8 1 1 8 1 1 1 8 1 1 1 8 1 1 8 1 8 1 1 1 8 1 1 8 1 1 1 8 1
ciInstanceKlass java/util/Collection 1 1 115 11 7 12 1 1 1 7 1 11 7 12 1 1 1 10 100 12 1 1 1 11 12 1 1 11 100 12 1 1 1 11 12 1 1 11 100 12 1 1 1 11 12 1 1 10 100 12 1 1 1 11 12 1 10 7 12 1 1 1 100 1 100 1 1 1 1 1 1 1 1 1 1 1 1 1 1 1 1 1 1 1 1 1 1 1 1 1 1 1 1 1 1 1 1 1 1 1 1 1 1 1 1 1 1 1 1 1 1 1 1 1 1 1 1
ciInstanceKlass java/util/concurrent/locks/Lock 1 0 19 100 1 100 1 1 1 1 1 100 1 1 1 1 1 1 1 1 1
instanceKlass jdk/internal/loader/ClassLoaders$BootClassLoader
instanceKlass jdk/internal/loader/ClassLoaders$PlatformClassLoader
instanceKlass jdk/internal/loader/ClassLoaders$AppClassLoader
ciInstanceKlass jdk/internal/loader/BuiltinClassLoader 1 1 652 9 7 12 1 1 1 10 7 12 1 1 1 10 7 12 1 1 1 9 12 1 1 9 12 1 1 7 1 10 12 1 9 12 1 10 12 1 9 12 1 10 7 12 1 1 1 10 7 12 1 1 1 10 100 12 1 1 1 11 7 12 1 1 1 100 1 100 1 10 10 12 1 1 8 1 10 12 1 10 12 7 1 10 12 1 10 12 1 1 11 100 12 1 1 1 11 7 12 1 1 1 11 12 1 1 7 1 8 1 8 1 10 9 12 1 1 10 7 12 1 1 11 12 1 1 10 12 1 1 10 12 1 1 10 12 1 1 11 7 12 1 1 1 10 7 12 1 1 100 1 10 100 12 1 1 1 10 7 12 1 1 1 10 12 1 10 12 1 100 1 8 1 10 12 1 1 10 8 1 10 12 1 1 10 12 1 1 10 12 1 1 11 7 12 1 1 11 12 1 7 1 10 11 12 1 1 11 10 12 1 1 7 1 10 12 1 10 7 12 1 10 12 1 11 12 1 1 11 7 1 11 12 1 100 1 10 12 1 1 100 1 100 1 11 12 1 1 10 12 1 10 12 10 12 1 10 7 12 1 1 1 7 1 10 10 12 1 1 10 12 1 1 10 12 1 1 10 12 1 9 12 1 1 100 1 10 10 12 1 1 10 12 1 1 10 12 1 10 12 10 12 1 1 10 12 1 1 10 12 1 1 10 12 1 10 12 1 1 10 12 1 1 10 12 1 10 12 1 1 10 12 1 7 1 10 12 10 7 12 1 1 1 10 12 1 11 12 1 7 1 10 12 1 7 1 100 1 10 12 1 10 12 1 11 12 1 1 10 12 1 1 10 12 1 1 10 12 1 1 10 12 1 1 10 12 1 10 12 1 10 12 1 10 12 1 8 1 10 12 1 1 10 7 12 1 1 10 12 1 100 1 8 1 8 1 10 10 12 1 8 1 8 1 10 7 12 1 1 1 11 7 12 1 1 1 9 7 12 1 1 1 10 7 12 1 1 1 9 12 1 9 12 1 9 12 1 9 12 1 9 12 1 9 12 1 10 7 12 1 1 1 8 1 10 12 1 7 1 10 11 12 1 1 10 12 10 12 1 10 12 1 100 1 10 12 1 10 12 1 11 11 12 1 10 7 12 1 1 10 7 12 1 1 8 1 10 7 12 1 1 10 12 1 1 1 1 1 1 1 1 1 1 1 1 1 1 1 1 1 1 1 1 1 1 1 1 1 1 1 1 1 1 1 1 1 1 1 1 1 1 1 1 1 1 1 1 1 1 1 1 1 1 1 1 1 1 1 100 1 1 1 1 1 1 1 1 1 1 1 1 1 100 1 100 1 1 1 1 1 1 1 1 1 1 1 1 1 1 1 1 1 1 1 1 1 1 1 1 1 1 1 1 1 1 1 1 1 1 1 1 1 1 1 1 1 1 1 1 1 1 1 100 1 1 1 100 1 1 1 1 1
staticfield jdk/internal/loader/BuiltinClassLoader packageToModule Ljava/util/Map; java/util/concurrent/ConcurrentHashMap
staticfield jdk/internal/loader/BuiltinClassLoader $assertionsDisabled Z 1
ciInstanceKlass jdk/internal/loader/ClassLoaders$AppClassLoader 1 1 57 8 1 10 7 12 1 1 1 10 100 12 1 1 1 10 12 1 1 10 7 12 1 1 1 100 1 10 12 1 1 1 1 1 1 1 1 1 1 1 1 1 1 1 1 1 1 1 1 1 1 1 1 100 1 1 1
ciInstanceKlass jdk/internal/loader/ClassLoaders$PlatformClassLoader 1 1 42 8 1 10 7 12 1 1 1 10 7 12 1 1 1 100 1 10 12 1 100 1 1 1 1 1 1 1 1 1 1 1 1 1 1 100 1 1 1 100 1 1
ciInstanceKlass java/lang/ArithmeticException 1 1 26 10 100 12 1 1 1 10 12 1 100 1 1 1 1 5 0 1 1 1 1 1 1 1 1 1
instanceKlass org/springframework/validation/BindException
instanceKlass java/beans/PropertyVetoException
instanceKlass java/sql/SQLException
instanceKlass sun/security/pkcs11/wrapper/PKCS11Exception
instanceKlass java/security/GeneralSecurityException
instanceKlass org/apache/catalina/LifecycleException
instanceKlass java/beans/IntrospectionException
instanceKlass java/util/concurrent/ExecutionException
instanceKlass org/springframework/expression/AccessException
instanceKlass jakarta/xml/bind/JAXBException
instanceKlass javax/xml/parsers/ParserConfigurationException
instanceKlass java/lang/CloneNotSupportedException
instanceKlass jakarta/servlet/ServletException
instanceKlass org/xml/sax/SAXException
instanceKlass javax/xml/stream/XMLStreamException
instanceKlass ch/qos/logback/core/spi/ScanException
instanceKlass java/text/ParseException
instanceKlass sun/nio/fs/WindowsException
instanceKlass javax/naming/NamingException
instanceKlass java/net/URISyntaxException
instanceKlass java/util/concurrent/TimeoutException
instanceKlass java/lang/InterruptedException
instanceKlass ch/qos/logback/core/boolex/EvaluationException
instanceKlass ch/qos/logback/core/util/DynamicClassLoadingException
instanceKlass ch/qos/logback/core/util/IncompatibleClassException
instanceKlass ch/qos/logback/core/joran/spi/JoranException
instanceKlass java/io/IOException
instanceKlass java/lang/ReflectiveOperationException
instanceKlass java/lang/RuntimeException
ciInstanceKlass java/lang/Exception 1 1 40 10 7 12 1 1 1 10 12 1 10 12 1 10 12 1 10 12 1 100 1 1 1 1 5 0 1 1 1 1 1 1 1 1 1 1 1 1 1 1
instanceKlass org/springframework/boot/web/server/WebServerException
instanceKlass org/springframework/context/NoSuchMessageException
instanceKlass org/springframework/transaction/interceptor/TransactionAspectSupport$ThrowableHolderException
instanceKlass org/springframework/validation/method/MethodValidationException
instanceKlass org/springframework/cglib/core/ClassNameReader$EarlyExitException
instanceKlass java/lang/reflect/InaccessibleObjectException
instanceKlass org/springframework/objenesis/ObjenesisException
instanceKlass org/springframework/cglib/core/CodeGenerationException
instanceKlass org/springframework/expression/spel/InternalParseException
instanceKlass org/springframework/boot/autoconfigure/condition/OnBeanCondition$BeanTypeDeductionException
instanceKlass java/security/ProviderException
instanceKlass org/apache/juli/logging/LogConfigurationException
instanceKlass java/lang/reflect/MalformedParametersException
instanceKlass org/springframework/expression/ExpressionException
instanceKlass java/lang/reflect/MalformedParameterizedTypeException
instanceKlass java/util/concurrent/CompletionException
instanceKlass jakarta/el/ELException
instanceKlass java/nio/file/FileSystemNotFoundException
instanceKlass jakarta/persistence/PersistenceException
instanceKlass jakarta/validation/ValidationException
instanceKlass org/springframework/boot/context/properties/bind/UnboundConfigurationPropertiesException
instanceKlass org/springframework/boot/context/config/ConfigDataException
instanceKlass org/springframework/boot/context/properties/bind/BindException
instanceKlass java/util/ConcurrentModificationException
instanceKlass java/time/DateTimeException
instanceKlass org/springframework/boot/context/properties/source/InvalidConfigurationPropertyValueException
instanceKlass java/util/MissingResourceException
instanceKlass java/util/concurrent/RejectedExecutionException
instanceKlass org/springframework/core/NestedRuntimeException
instanceKlass java/lang/TypeNotPresentException
instanceKlass org/springframework/boot/context/properties/source/InvalidConfigurationPropertyNameException
instanceKlass java/util/NoSuchElementException
instanceKlass java/lang/reflect/UndeclaredThrowableException
instanceKlass ch/qos/logback/core/LogbackException
instanceKlass java/lang/SecurityException
instanceKlass java/lang/UnsupportedOperationException
instanceKlass org/springframework/boot/SpringApplication$AbandonedRunException
instanceKlass org/springframework/boot/AotInitializerNotFoundException
instanceKlass java/lang/IllegalStateException
instanceKlass java/io/UncheckedIOException
instanceKlass java/lang/IllegalArgumentException
instanceKlass java/lang/IndexOutOfBoundsException
instanceKlass java/lang/ArithmeticException
instanceKlass java/lang/NullPointerException
instanceKlass java/lang/IllegalCallerException
instanceKlass java/lang/IllegalMonitorStateException
instanceKlass java/lang/ArrayStoreException
instanceKlass java/lang/ClassCastException
ciInstanceKlass java/lang/RuntimeException 1 1 40 10 7 12 1 1 1 10 12 1 10 12 1 10 12 1 10 12 1 100 1 1 1 1 5 0 1 1 1 1 1 1 1 1 1 1 1 1 1 1
ciInstanceKlass java/lang/ArrayIndexOutOfBoundsException 1 1 45 10 100 12 1 1 1 10 12 1 100 1 10 8 1 10 12 1 1 10 12 1 10 12 1 1 100 1 1 1 1 5 0 1 1 1 1 1 1 1 1 1 1 1 1
ciInstanceKlass java/lang/ArrayStoreException 1 1 26 10 100 12 1 1 1 10 12 1 100 1 1 1 1 5 0 1 1 1 1 1 1 1 1 1
ciInstanceKlass java/lang/ClassCastException 1 1 26 10 100 12 1 1 1 10 12 1 100 1 1 1 1 5 0 1 1 1 1 1 1 1 1 1
ciInstanceKlass java/lang/ClassNotFoundException 1 1 96 7 1 10 7 12 1 1 1 10 12 1 10 12 1 1 10 100 12 1 1 1 8 1 10 100 12 1 1 1 10 7 12 1 1 10 100 12 1 1 1 10 100 12 1 1 1 10 12 1 1 7 1 10 12 1 9 12 1 1 1 1 1 5 0 1 1 1 1 1 1 1 1 1 1 1 1 1 1 1 1 1 1 100 1 1 1 1 1 1 1 1 1 1 1 1
staticfield java/lang/ClassNotFoundException serialPersistentFields [Ljava/io/ObjectStreamField; 1 [Ljava/io/ObjectStreamField;
instanceKlass java/lang/reflect/InvocationTargetException
instanceKlass java/lang/IllegalAccessException
instanceKlass java/lang/InstantiationException
instanceKlass java/lang/NoSuchFieldException
instanceKlass java/lang/NoSuchMethodException
instanceKlass java/lang/ClassNotFoundException
ciInstanceKlass java/lang/ReflectiveOperationException 1 1 34 10 7 12 1 1 1 10 12 1 10 12 1 10 12 1 100 1 1 1 1 5 0 1 1 1 1 1 1 1 1 1 1 1
instanceKlass java/nio/file/InvalidPathException
instanceKlass org/springframework/aop/framework/adapter/UnknownAdviceTypeException
instanceKlass java/security/InvalidParameterException
instanceKlass org/springframework/http/InvalidMediaTypeException
instanceKlass org/springframework/util/InvalidMimeTypeException
instanceKlass java/util/regex/PatternSyntaxException
instanceKlass org/springframework/util/PlaceholderResolutionException
instanceKlass java/lang/NumberFormatException
ciInstanceKlass java/lang/IllegalArgumentException 1 1 35 10 7 12 1 1 1 10 12 1 10 12 1 10 12 1 100 1 1 1 1 5 0 1 1 1 1 1 1 1 1 1 1 1 1
ciInstanceKlass java/lang/IllegalCallerException 0 0 35 10 100 12 1 1 1 10 12 1 10 12 1 10 12 1 100 1 1 1 1 5 0 1 1 1 1 1 1 1 1 1 1 1 1
ciInstanceKlass java/lang/IllegalMonitorStateException 1 1 26 10 100 12 1 1 1 10 12 1 100 1 1 1 1 5 0 1 1 1 1 1 1 1 1 1
ciInstanceKlass java/lang/BootstrapMethodError 0 0 45 10 100 12 1 1 1 10 12 1 10 12 1 10 100 12 1 1 1 10 100 12 1 1 1 1 1 1 5 0 1 1 1 1 1 1 1 1 1 1 1 100 1 1 1
instanceKlass java/lang/ThreadDeath
instanceKlass java/util/ServiceConfigurationError
instanceKlass java/lang/AssertionError
instanceKlass java/lang/VirtualMachineError
instanceKlass java/lang/LinkageError
ciInstanceKlass java/lang/Error 1 1 58 10 7 12 1 1 1 9 12 1 1 10 100 12 1 1 1 10 100 12 1 1 1 10 12 1 10 12 1 10 12 1 10 12 1 100 1 1 1 1 5 0 1 1 1 1 1 1 1 1 100 1 1 1 1 1 1 1
instanceKlass java/lang/UnsatisfiedLinkError
instanceKlass java/lang/ClassFormatError
instanceKlass java/lang/IncompatibleClassChangeError
instanceKlass java/lang/BootstrapMethodError
instanceKlass java/lang/NoClassDefFoundError
ciInstanceKlass java/lang/LinkageError 1 1 31 10 7 12 1 1 1 10 12 1 10 12 1 100 1 1 1 1 5 0 1 1 1 1 1 1 1 1 1 1 1
ciInstanceKlass java/lang/NullPointerException 1 1 52 10 100 12 1 1 1 10 12 1 9 100 12 1 1 1 10 12 1 1 9 12 1 1 10 12 1 1 10 12 1 1 1 1 5 0 1 1 1 1 1 1 1 1 100 1 100 1 100 1 1 1
ciInstanceKlass java/lang/InternalError 1 1 34 10 100 12 1 1 1 10 12 1 10 12 1 10 12 1 100 1 1 1 1 5 0 1 1 1 1 1 1 1 1 1 1 1
instanceKlass java/lang/StackOverflowError
instanceKlass java/lang/OutOfMemoryError
instanceKlass java/lang/InternalError
ciInstanceKlass java/lang/VirtualMachineError 1 1 34 10 100 12 1 1 1 10 12 1 10 12 1 10 12 1 100 1 1 1 1 5 0 1 1 1 1 1 1 1 1 1 1 1
ciInstanceKlass java/lang/NoClassDefFoundError 1 1 26 10 7 12 1 1 1 10 12 1 100 1 1 1 1 5 0 1 1 1 1 1 1 1 1 1
ciInstanceKlass java/lang/OutOfMemoryError 1 1 26 10 100 12 1 1 1 10 12 1 100 1 1 1 1 5 0 1 1 1 1 1 1 1 1 1
ciInstanceKlass java/lang/StackOverflowError 1 1 26 10 100 12 1 1 1 10 12 1 100 1 1 1 1 5 0 1 1 1 1 1 1 1 1 1
ciInstanceKlass java/lang/StackTraceElement 1 1 235 10 7 12 1 1 1 10 7 12 1 1 9 12 1 1 9 12 1 1 9 12 1 9 12 1 8 1 10 100 12 1 1 1 100 1 9 12 1 8 1 9 12 1 9 12 1 9 12 1 1 10 12 1 1 10 12 1 8 1 10 100 12 1 1 1 100 1 10 12 1 10 12 1 1 10 12 1 10 12 1 1 10 12 1 10 12 1 10 10 12 1 8 1 10 12 1 10 12 1 1 10 12 1 1 10 12 1 10 12 1 10 12 1 9 12 1 1 10 7 12 1 1 1 10 12 1 1 7 1 10 12 1 1 10 7 12 1 1 10 7 12 1 1 1 10 7 12 1 1 10 7 12 1 1 10 10 12 1 1 10 12 1 1 10 12 1 1 10 12 1 100 1 1 1 1 1 1 1 3 1 3 1 1 5 0 1 1 1 1 1 1 1 1 1 1 1 1 1 1 1 1 1 1 1 1 1 1 1 1 1 1 1 1 1 100 1 100 1 1 1 1 1 1 1 100 1 1 1 1 1 1 1 1 1
instanceKlass java/util/concurrent/locks/AbstractQueuedLongSynchronizer
instanceKlass java/util/concurrent/locks/AbstractQueuedSynchronizer
ciInstanceKlass java/util/concurrent/locks/AbstractOwnableSynchronizer 1 1 32 10 7 12 1 1 1 9 7 12 1 1 1 100 1 1 1 1 5 0 1 1 1 1 1 1 1 1 1 1 1 1
ciInstanceKlass jdk/internal/vm/Continuation 1 1 551 9 7 12 1 1 1 9 12 1 9 12 1 9 12 1 100 1 100 1 10 12 1 1 8 1 10 12 1 1 10 12 1 10 12 1 1 10 12 1 9 7 12 1 1 1 11 100 12 1 1 1 10 100 1 9 12 1 1 9 12 1 1 10 8 1 10 12 1 9 12 1 1 10 11 12 1 1 100 1 10 100 12 1 1 1 10 12 1 1 10 12 1 10 12 1 1 11 12 1 1 9 12 1 1 10 12 1 1 18 12 1 1 10 100 12 1 1 1 100 1 10 12 1 11 100 12 1 1 1 10 12 1 9 12 1 10 12 1 1 100 1 8 1 10 12 1 10 12 1 1 9 12 1 1 11 12 1 1 9 12 1 1 8 1 10 11 12 1 1 11 12 1 1 10 12 1 1 10 12 1 1 9 12 1 10 12 1 10 10 12 1 8 1 10 12 1 8 1 8 1 10 7 12 1 1 1 10 100 12 1 1 1 10 12 1 9 12 1 11 12 1 100 1 10 12 1 10 12 1 1 9 12 1 1 100 1 10 12 1 1 9 12 1 1 10 12 1 10 12 1 11 100 12 1 1 10 7 1 10 12 1 8 1 10 12 1 1 9 12 1 1 10 7 12 1 1 8 1 8 1 8 1 8 1 10 12 1 1 10 12 1 10 12 1 10 12 1 10 12 1 1 10 12 1 1 8 1 9 12 1 10 12 1 1 9 12 1 1 10 12 1 1 9 12 1 8 1 10 100 12 1 1 1 10 12 1 8 1 100 1 8 1 10 9 12 1 1 8 1 10 100 12 1 1 10 100 12 1 1 8 1 8 1 10 12 10 12 1 1 10 100 1 10 100 12 1 1 1 18 11 100 12 1 1 1 18 12 1 11 12 1 1 100 1 10 7 12 1 1 10 12 1 1 8 10 12 1 1 10 7 12 1 1 1 10 7 12 1 1 10 12 1 8 1 10 12 1 100 1 100 1 10 12 1 1 1 1 1 1 1 1 1 1 1 1 1 1 1 1 1 1 1 1 1 1 1 1 1 1 1 1 1 1 1 1 1 1 1 1 1 1 1 1 1 1 1 1 1 1 1 1 1 1 1 1 1 1 1 1 1 1 1 1 1 1 1 1 1 1 1 1 1 1 1 1 1 1 1 1 100 1 1 16 1 15 10 12 16 15 11 100 12 1 1 1 16 1 16 1 15 10 12 16 15 10 100 12 1 1 1 1 1 1 1 1 100 1 100 1 1
staticfield jdk/internal/vm/Continuation U Ljdk/internal/misc/Unsafe; jdk/internal/misc/Unsafe
staticfield jdk/internal/vm/Continuation MOUNTED_OFFSET J 13
staticfield jdk/internal/vm/Continuation PRESERVE_SCOPED_VALUE_CACHE Z 1
staticfield jdk/internal/vm/Continuation JLA Ljdk/internal/access/JavaLangAccess; java/lang/System$1
staticfield jdk/internal/vm/Continuation $assertionsDisabled Z 1
ciInstanceKlass jdk/internal/misc/UnsafeConstants 1 1 34 10 100 12 1 1 1 9 7 12 1 1 1 9 12 1 9 12 1 1 9 12 1 9 12 1 1 1 1 1 1 1 1 1
staticfield jdk/internal/misc/UnsafeConstants ADDRESS_SIZE0 I 8
staticfield jdk/internal/misc/UnsafeConstants PAGE_SIZE I 4096
staticfield jdk/internal/misc/UnsafeConstants BIG_ENDIAN Z 0
staticfield jdk/internal/misc/UnsafeConstants UNALIGNED_ACCESS Z 1
staticfield jdk/internal/misc/UnsafeConstants DATA_CACHE_LINE_FLUSH_SIZE I 0
ciInstanceKlass java/lang/invoke/MethodHandleImpl 1 1 1424 10 7 12 1 1 1 7 1 10 100 12 1 1 1 10 7 12 1 1 1 100 1 10 8 1 10 12 1 1 10 12 1 10 12 1 1 10 7 12 1 1 1 9 100 12 1 1 1 10 100 12 1 1 1 100 1 10 12 1 1 10 12 1 1 10 12 1 1 10 7 12 1 1 1 9 7 12 1 1 1 10 7 12 1 1 1 100 1 10 9 12 1 1 9 12 1 10 12 1 1 10 12 1 10 12 1 1 10 12 1 1 10 12 1 1 8 1 8 1 10 12 1 1 10 12 1 1 10 12 1 1 10 12 1 1 10 12 1 10 12 1 1 10 7 12 1 1 1 10 12 1 7 1 10 7 12 1 1 1 10 12 1 1 10 12 1 1 11 7 12 1 1 1 11 7 12 1 1 11 12 1 1 7 1 11 12 1 10 12 1 1 10 12 1 1 11 12 1 10 7 12 1 1 10 12 1 1 10 7 12 1 1 10 12 1 10 12 1 1 10 7 12 1 1 1 10 7 12 1 1 1 10 12 1 1 10 12 1 1 9 7 12 1 1 1 10 10 12 1 1 10 12 1 1 10 10 12 1 1 10 12 1 1 10 7 12 1 1 1 10 12 1 1 10 12 1 10 12 1 10 7 12 1 1 1 10 7 12 1 1 1 10 12 1 1 10 12 1 10 12 1 10 12 1 10 12 1 1 10 12 1 10 12 1 1 10 12 1 10 12 1 8 1 100 1 10 12 1 10 12 1 1 10 12 1 10 12 1 1 10 12 1 1 7 1 10 12 1 100 1 8 1 10 12 1 10 100 12 1 1 1 8 1 10 12 1 10 7 12 1 1 1 100 1 9 7 1 10 12 1 1 10 12 1 1 9 12 1 10 12 1 1 10 7 12 1 1 10 12 1 1 10 12 1 1 10 12 1 10 12 1 7 1 10 12 1 1 9 12 1 1 10 12 1 9 7 12 1 1 1 11 7 12 1 1 7 1 9 12 1 7 1 10 12 1 10 12 1 1 7 1 10 12 1 1 10 12 1 1 10 7 12 1 1 1 10 12 1 1 10 12 1 10 12 1 1 10 12 1 10 12 1 1 10 12 1 7 1 9 7 12 1 1 1 10 12 1 10 12 1 9 7 12 1 1 1 10 12 1 1 10 12 1 1 10 12 1 10 100 12 1 1 10 100 12 1 1 1 9 12 1 10 12 1 9 12 10 12 1 10 12 1 10 12 1 10 12 1 1 10 12 1 10 12 1 1 10 12 1 10 12 1 1 10 12 1 1 10 12 1 1 10 12 1 10 12 1 10 12 1 1 10 12 1 10 100 12 1 1 10 12 1 10 100 12 1 1 8 1 10 8 1 100 1 10 9 12 1 100 1 10 12 1 8 1 10 10 12 1 10 10 12 1 1 10 12 1 1 10 12 1 10 12 1 100 1 8 1 10 12 1 10 100 12 1 1 1 10 12 1 1 10 12 1 10 12 1 100 1 10 12 1 10 12 1 10 12 1 1 7 1 10 12 1 10 7 12 1 1 10 12 1 9 12 1 10 12 1 1 10 12 1 1 100 1 10 10 12 1 8 1 8 1 9 12 1 8 1 8 1 8 1 9 12 1 10 12 1 1 9 12 1 1 10 12 1 8 1 9 7 1 10 12 1 1 10 12 1 8 1 8 1 8 1 100 1 100 1 8 8 1 8 1 100 1 8 1 100 1 10 12 1 7 1 10 10 7 12 1 1 1 10 12 1 10 12 10 12 1 10 12 1 11 100 12 1 1 1 18 12 1 11 100 12 1 1 1 18 18 12 1 11 12 1 1 10 12 1 1 10 12 1 10 12 1 11 12 1 9 12 1 9 12 10 10 12 1 1 9 12 1 1 11 12 1 1 18 12 1 1 11 12 1 1 11 12 1 1 10 12 1 11 100 1 10 12 1 10 12 1 10 12 1 9 12 1 9 12 10 12 1 10 100 12 1 1 1 10 12 1 10 12 1 1 10 12 1 10 12 9 12 1 1 10 12 1 10 12 1 1 9 12 1 9 12 1 10 12 1 10 12 1 1 10 12 1 100 1 10 12 1 9 12 1 1 11 100 1 9 12 1 9 12 11 12 1 9 12 1 10 12 10 12 1 1 10 12 1 1 9 7 12 1 1 10 12 1 10 12 1 10 12 1 1 100 1 10 12 1 10 12 1 1 100 1 10 12 1 1 10 12 1 1 100 1 10 12 1 1 10 12 1 1 10 12 1 10 12 1 10 12 1 9 12 1 10 12 1 10 12 1 1 9 7 12 1 1 1 8 10 12 1 1 8 1 10 12 1 8 1 8 1 8 1 8 1 8 1 8 1 100 1 8 1 8 1 10 12 1 9 12 1 10 12 1 1 1 1 1 3 1 1 3 1 3 1 3 1 3 1 3 1 3 1 3 1 3 1 1 1 1 1 1 1 1 1 3 1 3 1 1 1 1 1 1 1 1 1 1 1 1 1 1 1 1 1 1 1 1 1 1 1 1 1 1 1 1 1 1 1 1 1 1 1 1 1 1 1 1 1 1 1 1 1 1 1 1 1 1 1 1 1 1 1 1 1 1 1 1 1 1 1 1 1 1 1 1 1 1 1 1 1 1 1 1 1 1 1 1 1 1 1 1 1 1 1 1 1 1 1 1 1 1 1 1 1 1 1 1 1 1 1 100 1 1 1 1 1 1 1 1 1 1 1 1 1 1 1 1 1 1 1 1 1 1 1 1 1 1 1 1 1 1 1 1 1 1 1 1 1 1 1 1 1 1 1 1 1 1 1 1 1 1 1 1 1 1 1 1 1 1 1 1 1 1 1 1 1 1 1 1 1 1 1 1 1 1 1 1 1 1 1 1 1 1 1 1 1 1 1 1 1 1 1 1 1 1 1 1 1 1 1 1 1 1 1 1 1 1 1 1 1 1 1 1 1 1 1 1 1 1 1 1 1 1 1 1 1 1 1 1 1 1 1 1 1 1 1 1 1 1 1 1 1 1 1 1 1 1 1 1 1 1 1 1 1 1 1 1 1 1 1 1 1 1 1 1 1 1 1 1 1 100 1 100 1 100 1 100 1 100 1 100 1 100 1 1 16 15 10 12 16 15 16 16 1 15 10 12 16 16 15 10 12 16 15 10 100 12 1 1 1 1 1 1 1 1 1 1 1 1 1 1 1 1 1 1 1 1 1 1 1 1
staticfield java/lang/invoke/MethodHandleImpl ARRAYS [Ljava/lang/invoke/MethodHandle; 256 [Ljava/lang/invoke/MethodHandle;
staticfield java/lang/invoke/MethodHandleImpl NFS [Ljava/lang/invoke/LambdaForm$NamedFunction; 7 [Ljava/lang/invoke/LambdaForm$NamedFunction;
staticfield java/lang/invoke/MethodHandleImpl HANDLES [Ljava/lang/invoke/MethodHandle; 9 [Ljava/lang/invoke/MethodHandle;
staticfield java/lang/invoke/MethodHandleImpl $assertionsDisabled Z 1
instanceKlass java/lang/invoke/DelegatingMethodHandle
instanceKlass java/lang/invoke/BoundMethodHandle
instanceKlass java/lang/invoke/DirectMethodHandle
ciInstanceKlass java/lang/invoke/MethodHandle 1 1 734 100 1 9 7 12 1 1 1 10 7 12 1 1 1 10 7 12 1 1 1 7 1 7 1 10 12 1 1 9 12 1 1 10 12 1 10 12 1 1 10 12 1 1 10 100 12 1 1 1 10 12 1 1 10 12 1 1 11 100 12 1 1 1 10 12 1 1 10 12 1 10 12 1 9 12 1 1 9 12 1 1 10 7 12 1 1 1 10 12 1 10 12 1 1 10 12 1 10 12 1 100 1 100 1 10 8 1 10 12 1 1 10 12 1 8 1 10 12 1 1 10 12 1 10 7 12 1 1 1 10 12 1 1 10 12 1 1 10 12 1 1 10 7 12 1 1 1 10 12 1 1 10 12 1 1 10 12 1 10 12 1 1 10 100 12 1 1 10 7 12 1 1 10 12 1 10 12 1 10 12 1 1 10 12 1 1 10 12 1 1 10 12 1 1 10 7 12 1 1 1 10 100 12 1 1 1 10 12 1 1 10 12 1 1 10 12 1 1 8 1 10 7 12 1 1 1 8 1 10 12 1 10 12 1 1 10 12 1 1 10 12 1 8 1 10 12 1 1 8 1 10 12 1 8 1 10 100 12 1 1 1 9 12 1 1 100 1 10 9 100 12 1 1 1 9 100 1 8 1 10 12 1 1 10 12 1 10 12 1 1 10 12 1 10 12 1 1 10 12 1 10 12 1 1 10 12 1 10 12 1 1 10 12 1 1 8 1 10 12 1 1 8 1 10 12 1 10 12 1 1 10 12 1 10 12 1 10 12 1 1 9 100 12 1 1 1 10 12 1 1 11 12 1 10 12 1 10 12 1 1 10 100 12 1 1 100 1 11 12 1 10 100 1 11 12 1 100 1 10 12 1 11 12 1 9 100 12 1 1 1 11 12 1 1 11 100 12 1 1 1 10 12 1 1 9 12 1 11 12 1 9 12 1 9 12 1 9 12 1 11 12 1 1 9 12 1 9 12 1 9 12 1 9 12 1 9 12 1 9 12 1 9 12 1 8 1 10 12 1 10 12 1 8 1 10 12 1 10 12 1 10 12 1 1 10 10 10 7 12 1 1 10 12 1 1 100 1 100 1 8 1 8 1 10 10 12 1 1 10 12 1 10 12 1 100 1 10 100 12 1 1 1 10 9 7 12 1 1 1 10 12 1 1 10 12 1 1 8 1 8 1 10 100 12 1 1 9 12 1 9 12 1 1 9 12 1 1 10 12 1 7 1 10 12 1 10 12 1 1 9 12 1 1 9 12 1 1 10 7 12 1 1 1 11 7 12 1 1 9 12 1 10 12 1 1 9 12 1 10 12 1 8 10 12 1 1 8 1 1 1 1 1 1 1 1 100 1 1 1 1 1 1 1 1 1 1 1 1 1 1 1 1 1 1 1 1 1 1 1 1 1 1 1 1 1 1 1 1 100 1 1 1 1 1 1 1 1 1 1 1 1 1 1 1 1 1 1 1 1 1 1 1 1 1 1 1 1 1 1 1 1 1 1 1 1 1 1 1 1 1 1 1 1 1 1 1 1 1 1 1 1 1 1 1 1 1 1 1 1 1 1 1 1 1 1 1 1 1 1 1 1 1 1 1 1 1 1 1 1 1 1 1 1 1 1 100 1 1 100 1 100 1 100 1 1 100 1 1 100 1 1 1 1
staticfield java/lang/invoke/MethodHandle FORM_OFFSET J 20
staticfield java/lang/invoke/MethodHandle UPDATE_OFFSET J 13
staticfield java/lang/invoke/MethodHandle $assertionsDisabled Z 1
ciInstanceKlass java/lang/invoke/MethodType 1 1 724 7 1 10 7 12 1 1 1 9 12 1 1 9 12 1 1 9 12 1 1 10 7 12 1 1 1 9 7 12 1 1 8 1 10 100 12 1 1 1 9 7 1 9 7 1 10 12 1 1 100 1 10 8 1 10 12 1 1 10 12 1 10 12 1 1 100 1 8 1 10 12 1 100 1 10 10 12 1 10 12 1 1 10 12 1 1 11 7 12 1 1 1 9 12 1 11 12 1 1 7 10 12 1 1 10 12 1 1 7 1 7 1 10 7 12 1 1 1 10 12 1 10 12 1 9 12 1 1 10 7 12 1 1 10 12 1 1 10 7 12 1 1 1 10 7 12 1 1 1 10 12 1 9 12 1 1 10 12 1 1 10 12 1 1 10 12 1 1 10 12 1 1 10 12 1 1 10 12 1 10 12 1 10 12 1 1 10 12 1 8 1 8 1 10 12 1 1 9 12 1 1 100 1 10 10 12 1 1 10 12 1 10 12 1 1 10 12 1 1 10 12 1 10 12 1 10 12 1 8 1 10 12 1 1 10 100 12 1 1 1 10 12 1 10 12 1 1 10 12 1 10 12 1 10 12 1 1 10 12 1 10 12 1 9 12 1 10 12 1 10 10 12 1 1 10 12 1 9 12 1 1 10 12 1 1 11 12 1 1 10 12 1 1 10 12 1 10 12 1 100 1 8 1 8 1 8 1 10 12 1 10 12 1 10 12 1 1 10 10 12 1 11 12 1 1 11 12 1 10 100 12 1 1 1 9 12 1 10 12 1 10 12 1 1 10 12 1 1 10 12 1 10 12 1 10 100 12 1 1 1 10 12 1 1 10 12 1 10 12 1 10 12 1 10 9 12 1 1 7 1 10 12 1 10 100 12 1 1 1 10 12 1 1 10 100 12 1 1 1 10 12 1 1 8 1 10 7 12 1 1 1 11 12 1 1 9 12 1 1 10 12 1 1 10 12 1 10 12 1 1 10 12 1 1 10 100 12 1 1 10 12 1 10 12 100 1 11 100 12 1 1 10 12 1 11 12 1 10 100 12 1 1 10 12 1 1 10 12 1 1 9 12 1 1 9 100 12 1 1 1 10 100 12 1 1 1 9 12 1 10 100 12 1 1 10 12 1 100 10 12 1 10 12 1 1 10 12 1 7 1 10 10 12 1 1 7 1 7 1 9 12 1 1 100 1 100 1 100 1 1 1 5 0 1 1 1 1 1 1 1 3 1 3 1 3 1 1 1 1 1 1 1 1 1 1 1 1 1 1 1 1 1 1 1 1 1 1 1 1 1 1 1 1 1 1 1 1 1 1 1 1 1 1 1 1 1 1 1 1 1 1 1 1 1 1 1 1 1 1 1 1 1 1 1 1 1 1 1 1 1 1 1 1 1 1 1 1 1 1 1 1 1 1 1 1 1 1 1 1 1 1 1 1 1 1 1 1 1 1 1 1 1 1 1 1 1 1 1 1 1 1 1 1 1 1 1 1 1 1 1 1 1 1 1 1 1 1 1 1 1 1 1 1 100 1 100 1 1 1 1 1 1 1 1 1 1 1 1 1 100 1 1 1 1 100 1 1 1 100 1 1 1 1 1 1 1 1 1 1 1 1 1 1 1 1 1 1 100 1 1 100 1 1
staticfield java/lang/invoke/MethodType internTable Ljdk/internal/util/ReferencedKeySet; jdk/internal/util/ReferencedKeySet
staticfield java/lang/invoke/MethodType NO_PTYPES [Ljava/lang/Class; 0 [Ljava/lang/Class;
staticfield java/lang/invoke/MethodType objectOnlyTypes [Ljava/lang/invoke/MethodType; 20 [Ljava/lang/invoke/MethodType;
staticfield java/lang/invoke/MethodType METHOD_HANDLE_ARRAY [Ljava/lang/Class; 1 [Ljava/lang/Class;
staticfield java/lang/invoke/MethodType serialPersistentFields [Ljava/io/ObjectStreamField; 0 [Ljava/io/ObjectStreamField;
staticfield java/lang/invoke/MethodType $assertionsDisabled Z 1
ciInstanceKlass java/lang/invoke/TypeDescriptor$OfMethod 1 0 43 100 1 100 1 100 1 1 1 1 1 1 1 1 1 1 1 1 1 1 1 1 1 1 1 1 1 1 1 1 1 1 1 1 1 1 1 1 1 1 100 1 1
instanceKlass org/springframework/data/projection/ProxyProjectionFactory$PropertyAccessingMethodInvokerFactory
instanceKlass org/springframework/data/projection/ProxyProjectionFactory$MapAccessingMethodInterceptorFactory
instanceKlass org/springframework/data/util/NullableWrapperConverters$Jdk8OptionalUnwrapper
instanceKlass org/springframework/data/util/NullableWrapperConverters$WrapperType$Cardinality
instanceKlass org/springframework/data/convert/Jsr310Converters$StringToInstantConverter
instanceKlass org/springframework/data/convert/Jsr310Converters$StringToLocalDateTimeConverter
instanceKlass org/springframework/data/convert/Jsr310Converters$StringToLocalDateConverter
instanceKlass org/springframework/data/convert/Jsr310Converters$StringToPeriodConverter
instanceKlass org/springframework/data/convert/Jsr310Converters$PeriodToStringConverter
instanceKlass org/springframework/data/convert/Jsr310Converters$StringToDurationConverter
instanceKlass org/springframework/data/convert/Jsr310Converters$DurationToStringConverter
instanceKlass org/springframework/data/convert/Jsr310Converters$StringToZoneIdConverter
instanceKlass org/springframework/data/convert/Jsr310Converters$ZoneIdToStringConverter
instanceKlass org/springframework/data/convert/Jsr310Converters$InstantToLocalDateTimeConverter
instanceKlass org/springframework/data/convert/Jsr310Converters$LocalDateTimeToInstantConverter
instanceKlass org/springframework/data/convert/Jsr310Converters$InstantToDateConverter
instanceKlass org/springframework/data/convert/Jsr310Converters$DateToInstantConverter
instanceKlass org/springframework/data/convert/Jsr310Converters$LocalTimeToDateConverter
instanceKlass org/springframework/data/convert/Jsr310Converters$DateToLocalTimeConverter
instanceKlass org/springframework/data/convert/Jsr310Converters$LocalDateToDateConverter
instanceKlass org/springframework/data/convert/Jsr310Converters$DateToLocalDateConverter
instanceKlass org/springframework/data/convert/Jsr310Converters$LocalDateTimeToDateConverter
instanceKlass org/springframework/data/convert/Jsr310Converters$DateToLocalDateTimeConverter
instanceKlass jakarta/persistence/SynchronizationType
instanceKlass jakarta/persistence/PersistenceContextType
instanceKlass org/springframework/boot/sql/init/DatabaseInitializationMode
instanceKlass org/springframework/boot/http/client/ClientHttpRequestFactorySettings$Redirects
instanceKlass org/springframework/boot/autoconfigure/http/client/HttpClientProperties$Factory
instanceKlass org/springframework/data/util/ReactiveWrappers$ReactiveLibrary
instanceKlass org/springframework/util/ConcurrentLruCache$CacheEntryState
instanceKlass org/springframework/util/ConcurrentLruCache$DrainStatus
instanceKlass org/springframework/data/repository/query/QueryLookupStrategy$Key
instanceKlass org/springframework/data/repository/config/BootstrapMode
instanceKlass org/springframework/boot/autoconfigure/jackson/JacksonProperties$ConstructorDetectorStrategy
instanceKlass org/springframework/orm/jpa/vendor/Database
instanceKlass org/springframework/boot/jdbc/EmbeddedDatabaseConnection
instanceKlass org/springframework/expression/spel/standard/TokenKind
instanceKlass org/springframework/boot/autoconfigure/web/WebProperties$LocaleResolver
instanceKlass org/springframework/validation/DefaultMessageCodesResolver$Format
instanceKlass org/springframework/boot/web/server/Shutdown
instanceKlass org/springframework/boot/autoconfigure/web/ServerProperties$ForwardHeadersStrategy
instanceKlass org/springframework/transaction/annotation/RollbackOn
instanceKlass org/springframework/context/annotation/AdviceMode
instanceKlass org/springframework/data/web/config/EnableSpringDataWebSupport$PageSerializationMode
instanceKlass org/springframework/boot/autoconfigure/cache/CacheType
instanceKlass org/springframework/boot/jdbc/DataSourceBuilder$DataSourceProperty
instanceKlass org/springdoc/core/properties/SpringDocConfigProperties$ApiDocs$OpenApiVersion
instanceKlass io/swagger/v3/oas/models/SpecVersion
instanceKlass org/springframework/http/HttpStatus$Series
instanceKlass org/springframework/http/HttpStatus
instanceKlass org/springframework/boot/autoconfigure/thread/Threading
instanceKlass org/apache/catalina/authenticator/AuthenticatorBase$AllowCorsPreflight
instanceKlass org/springframework/boot/autoconfigure/condition/SearchStrategy
instanceKlass sun/security/util/KnownOIDs
instanceKlass java/security/Security$SecPropLoader$LoadingMode
instanceKlass org/apache/catalina/LifecycleState
instanceKlass org/springframework/boot/autoconfigure/condition/ConditionalOnWebApplication$Type
instanceKlass org/apache/tomcat/util/http/CookiesWithoutEquals
instanceKlass org/springframework/jdbc/datasource/embedded/EmbeddedDatabaseType
instanceKlass org/apache/tomcat/util/http/SameSiteCookies
instanceKlass com/fasterxml/jackson/dataformat/yaml/YAMLGenerator$Feature
instanceKlass com/fasterxml/jackson/dataformat/yaml/YAMLParser$Feature
instanceKlass com/fasterxml/jackson/annotation/PropertyAccessor
instanceKlass org/springframework/boot/autoconfigure/condition/ConditionMessage$Style
instanceKlass org/springframework/boot/autoconfigure/condition/FilteringSpringBootCondition$ClassNameFilter
instanceKlass com/fasterxml/jackson/datatype/jsr310/JavaTimeFeature
instanceKlass com/fasterxml/jackson/annotation/JsonCreator$Mode
instanceKlass com/fasterxml/jackson/core/JsonParser$NumberType
instanceKlass org/springframework/transaction/annotation/Isolation
instanceKlass org/springframework/transaction/annotation/Propagation
instanceKlass com/fasterxml/jackson/databind/DeserializationFeature
instanceKlass com/fasterxml/jackson/databind/cfg/JsonNodeFeature
instanceKlass com/fasterxml/jackson/databind/cfg/EnumFeature
instanceKlass com/fasterxml/jackson/databind/SerializationFeature
instanceKlass com/fasterxml/jackson/core/util/Separators$Spacing
instanceKlass com/fasterxml/jackson/databind/MapperFeature
instanceKlass com/fasterxml/jackson/annotation/JsonFormat$Shape
instanceKlass com/fasterxml/jackson/databind/cfg/CoercionInputShape
instanceKlass com/fasterxml/jackson/databind/cfg/CoercionAction
instanceKlass com/fasterxml/jackson/databind/type/LogicalType
instanceKlass com/fasterxml/jackson/annotation/JsonAutoDetect$Visibility
instanceKlass com/fasterxml/jackson/annotation/Nulls
instanceKlass com/fasterxml/jackson/annotation/JsonInclude$Include
instanceKlass io/swagger/v3/oas/annotations/media/Schema$SchemaResolution
instanceKlass io/swagger/v3/oas/annotations/media/Schema$RequiredMode
instanceKlass io/swagger/v3/oas/annotations/media/Schema$AdditionalPropertiesValue
instanceKlass io/swagger/v3/oas/annotations/media/Schema$AccessMode
instanceKlass io/swagger/v3/oas/annotations/enums/Explode
instanceKlass io/swagger/v3/oas/annotations/enums/ParameterStyle
instanceKlass io/swagger/v3/oas/annotations/enums/ParameterIn
instanceKlass com/fasterxml/jackson/core/JsonGenerator$Feature
instanceKlass com/fasterxml/jackson/core/JsonParser$Feature
instanceKlass com/fasterxml/jackson/core/JsonFactory$Feature
instanceKlass org/springframework/web/bind/annotation/RequestMethod
instanceKlass com/fasterxml/jackson/core/Base64Variant$PaddingReadBehaviour
instanceKlass java/math/RoundingMode
instanceKlass org/springframework/context/annotation/Bean$Bootstrap
instanceKlass sun/util/locale/provider/LocaleProviderAdapter$Type
instanceKlass com/fasterxml/jackson/databind/util/internal/PrivateMaxEntriesMap$DrainStatus
instanceKlass java/util/Comparators$NaturalOrderComparator
instanceKlass org/springframework/context/annotation/ConfigurationCondition$ConfigurationPhase
instanceKlass com/fasterxml/jackson/core/JsonEncoding
instanceKlass jdk/xml/internal/JdkProperty$ImplPropMap
instanceKlass jdk/xml/internal/JdkXmlFeatures$XmlFeature
instanceKlass jdk/xml/internal/XMLSecurityPropertyManager$Property
instanceKlass jdk/xml/internal/FeaturePropertyBase$State
instanceKlass jdk/xml/internal/JdkProperty$State
instanceKlass jdk/xml/internal/XMLSecurityManager$Processor
instanceKlass jdk/xml/internal/XMLSecurityManager$Limit
instanceKlass org/springframework/beans/factory/support/DefaultListableBeanFactory$PreInstantiation
instanceKlass org/springframework/expression/spel/SpelCompilerMode
instanceKlass org/hibernate/validator/internal/metadata/raw/ConfigurationSource
instanceKlass sun/reflect/annotation/TypeAnnotation$TypeAnnotationTarget
instanceKlass org/hibernate/validator/internal/metadata/descriptor/ConstraintDescriptorImpl$ConstraintType
instanceKlass org/hibernate/validator/internal/metadata/location/ConstraintLocation$ConstraintLocationKind
instanceKlass org/hibernate/validator/internal/metadata/raw/ConstrainedElement$ConstrainedElementKind
instanceKlass org/springframework/context/annotation/FilterType
instanceKlass jakarta/validation/constraintvalidation/ValidationTarget
instanceKlass org/hibernate/validator/internal/metadata/core/BuiltinConstraint
instanceKlass org/springframework/context/annotation/ScopedProxyMode
instanceKlass org/hibernate/validator/messageinterpolation/ExpressionLanguageFeatureLevel
instanceKlass org/springframework/core/annotation/MergedAnnotation$Adapt
instanceKlass org/hibernate/validator/internal/util/ConcurrentReferenceHashMap$Option
instanceKlass org/hibernate/validator/internal/util/ConcurrentReferenceHashMap$ReferenceType
instanceKlass jakarta/validation/executable/ExecutableType
instanceKlass org/jboss/logging/Logger$Level
instanceKlass org/springframework/boot/Banner$Mode
instanceKlass ch/qos/logback/core/pattern/parser/TokenStream$TokenizerState
instanceKlass ch/qos/logback/core/subst/Node$Type
instanceKlass ch/qos/logback/core/subst/Token$Type
instanceKlass ch/qos/logback/core/subst/Tokenizer$TokenizerState
instanceKlass org/springframework/boot/ansi/AnsiStyle
instanceKlass org/springframework/boot/logging/logback/RollingPolicySystemProperty
instanceKlass org/springframework/boot/logging/LoggingSystemProperty
instanceKlass org/springframework/boot/ansi/AnsiColor
instanceKlass org/springframework/boot/ansi/AnsiOutput$Enabled
instanceKlass org/springframework/boot/context/config/Profiles$Type
instanceKlass org/springframework/boot/context/config/LocationResourceLoader$ResourceType
instanceKlass org/springframework/boot/BootstrapRegistry$Scope
instanceKlass org/springframework/boot/context/config/ConfigDataEnvironmentContributor$ImportPhase
instanceKlass org/springframework/boot/context/config/ConfigDataEnvironmentContributor$Kind
instanceKlass org/springframework/boot/context/config/ConfigData$Option
instanceKlass org/springframework/boot/context/properties/source/ConfigurationPropertyState
instanceKlass org/springframework/boot/context/config/ConfigDataNotFoundAction
instanceKlass org/springframework/boot/context/properties/bind/BindMethod
instanceKlass org/springframework/boot/context/config/ConfigDataEnvironmentContributors$BinderOption
instanceKlass org/springframework/boot/context/properties/source/ConfigurationPropertyName$Form
instanceKlass org/springframework/boot/cloud/CloudPlatform
instanceKlass org/springframework/core/NativeDetector$Context
instanceKlass org/springframework/format/annotation/DurationFormat$Style
instanceKlass java/time/format/FormatStyle
instanceKlass org/springframework/format/datetime/standard/DateTimeFormatterRegistrar$Type
instanceKlass sun/util/logging/PlatformLogger$Level
instanceKlass java/lang/System$Logger$Level
instanceKlass jdk/internal/logger/BootstrapLogger$LoggingBackend
instanceKlass java/lang/annotation/ElementType
instanceKlass org/springframework/core/annotation/IntrospectionFailureLogger
instanceKlass java/lang/StackStreamFactory$WalkerState
instanceKlass java/lang/StackWalker$ExtendedOption
instanceKlass java/lang/StackWalker$Option
instanceKlass org/springframework/boot/context/properties/bind/Bindable$BindRestriction
instanceKlass org/springframework/boot/context/properties/source/ConfigurationPropertyName$ElementType
instanceKlass java/lang/classfile/attribute/StackMapFrameInfo$SimpleVerificationTypeInfo
instanceKlass java/lang/reflect/ProxyGenerator$PrimitiveTypeInfo
instanceKlass java/lang/classfile/ClassFile$StackMapsOption
instanceKlass java/lang/reflect/AccessFlag$Location
instanceKlass java/lang/reflect/AccessFlag
instanceKlass java/lang/module/ModuleDescriptor$Modifier
instanceKlass java/lang/annotation/RetentionPolicy
instanceKlass org/springframework/core/annotation/MergedAnnotations$SearchStrategy
instanceKlass org/springframework/boot/logging/LogLevel
instanceKlass ch/qos/logback/core/spi/FilterReply
instanceKlass org/springframework/util/ConcurrentReferenceHashMap$TaskOption
instanceKlass org/springframework/util/ConcurrentReferenceHashMap$Restructure
instanceKlass org/springframework/util/ConcurrentReferenceHashMap$ReferenceType
instanceKlass org/springframework/boot/WebApplicationType
instanceKlass org/slf4j/helpers/Reporter$Level
instanceKlass org/slf4j/helpers/Reporter$TargetChoice
instanceKlass java/time/zone/ZoneOffsetTransitionRule$TimeDefinition
instanceKlass java/time/DayOfWeek
instanceKlass java/time/Month
instanceKlass ch/qos/logback/core/joran/spi/ConsoleTarget
instanceKlass ch/qos/logback/classic/spi/Configurator$ExecutionStatus
instanceKlass java/lang/invoke/MethodHandleImpl$ArrayAccess
instanceKlass org/springframework/boot/loader/zip/ZipString$CompareType
instanceKlass org/springframework/boot/loader/zip/ZipContent$Kind
instanceKlass java/time/format/TextStyle
instanceKlass java/time/format/DateTimeFormatterBuilder$SettingsParser
instanceKlass java/util/Locale$Category
instanceKlass java/time/format/ResolverStyle
instanceKlass java/time/format/SignStyle
instanceKlass java/time/temporal/JulianFields$Field
instanceKlass java/time/temporal/IsoFields$Unit
instanceKlass java/time/temporal/IsoFields$Field
instanceKlass java/time/temporal/ChronoUnit
instanceKlass java/time/temporal/ChronoField
instanceKlass java/util/regex/Pattern$Qtype
instanceKlass java/util/stream/MatchOps$MatchKind
instanceKlass java/util/stream/Collector$Characteristics
instanceKlass java/util/stream/StreamShape
instanceKlass java/util/stream/StreamOpFlag$Type
instanceKlass java/util/stream/StreamOpFlag
instanceKlass java/nio/file/attribute/PosixFilePermission
instanceKlass java/lang/invoke/VarHandle$AccessType
instanceKlass java/lang/invoke/VarHandle$AccessMode
instanceKlass java/lang/classfile/Opcode$Kind
instanceKlass java/lang/classfile/Opcode
instanceKlass java/lang/invoke/MethodHandleImpl$Intrinsic
instanceKlass java/lang/classfile/AttributeMapper$AttributeStability
instanceKlass jdk/internal/classfile/impl/AbstractPoolEntry$Utf8EntryImpl$State
instanceKlass java/lang/classfile/TypeKind
instanceKlass java/lang/invoke/LambdaForm$BasicType
instanceKlass java/lang/invoke/LambdaForm$Kind
instanceKlass java/lang/constant/DirectMethodHandleDesc$Kind
instanceKlass sun/invoke/util/Wrapper
instanceKlass java/util/concurrent/TimeUnit
instanceKlass java/nio/file/LinkOption
instanceKlass sun/nio/fs/WindowsPathType
instanceKlass java/nio/file/StandardOpenOption
instanceKlass jdk/internal/vm/Continuation$Pinned
instanceKlass java/io/File$PathStatus
instanceKlass jdk/internal/module/ModuleBootstrap$IllegalNativeAccess
instanceKlass java/lang/reflect/ClassFileFormatVersion
instanceKlass java/lang/Thread$State
instanceKlass java/lang/module/ModuleDescriptor$Requires$Modifier
ciInstanceKlass java/lang/Enum 1 1 204 9 7 12 1 1 1 9 12 1 1 10 7 12 1 1 1 9 12 1 10 7 12 1 1 1 100 1 10 10 12 1 1 10 12 1 100 1 10 10 7 12 1 1 10 12 1 1 18 12 1 1 10 100 12 1 1 1 10 12 1 1 11 7 12 1 1 1 100 1 8 1 10 12 1 100 1 100 1 10 8 1 10 12 1 1 10 12 1 1 8 1 10 12 1 10 100 1 8 1 10 10 12 1 1 10 100 12 1 1 1 100 1 100 1 100 1 1 1 1 1 1 1 1 1 1 1 1 1 1 1 1 1 1 1 1 1 1 1 1 1 1 1 1 1 1 1 1 1 1 1 1 1 1 1 1 1 1 1 1 1 1 1 3 1 1 1 1 100 1 100 1 1 100 1 1 1 1 1 1 1 1 1 1 1 16 15 10 12 16 15 10 100 12 1 1 1 1 1 100 1 100 1 1
ciInstanceKlass java/lang/invoke/LambdaForm 1 1 1030 7 1 100 1 10 7 12 1 1 1 9 12 1 1 9 12 1 9 12 1 9 12 1 1 9 12 1 1 9 12 1 1 9 12 1 1 9 12 1 1 9 12 1 10 7 12 1 1 9 12 1 10 12 1 1 100 1 10 10 12 1 1 10 12 1 10 12 1 10 12 1 1 10 12 1 9 12 1 9 12 1 10 12 1 1 9 7 12 1 1 1 9 7 12 1 1 9 12 1 1 10 12 1 9 12 1 10 100 12 1 1 1 10 12 1 1 100 1 10 12 1 1 9 7 12 1 1 1 10 100 12 1 1 1 10 12 1 10 12 1 1 7 1 10 12 1 10 12 1 10 12 1 1 10 12 1 1 10 12 1 10 12 1 10 12 1 10 12 1 10 12 1 1 8 1 10 12 1 10 12 1 10 10 12 1 8 1 8 1 9 12 1 9 12 1 1 10 12 1 1 9 12 1 1 10 7 12 1 1 1 10 12 1 1 10 12 1 10 12 1 1 10 12 1 7 1 10 12 1 10 100 12 1 1 1 9 12 1 10 12 1 8 1 8 1 8 1 8 1 8 1 8 1 8 1 8 1 10 12 1 9 12 1 7 1 10 12 1 1 9 12 1 1 10 12 1 1 10 12 1 1 10 12 10 12 1 10 12 1 1 10 12 1 1 10 12 1 1 10 10 12 1 1 10 12 1 1 7 1 8 1 10 12 1 1 10 12 1 10 12 1 1 10 8 1 10 12 1 1 8 1 8 1 8 1 10 12 1 10 12 1 10 12 1 1 10 100 12 1 1 1 10 7 12 1 1 1 10 12 1 1 9 12 1 1 8 1 10 100 12 1 1 1 10 7 12 1 1 10 12 1 10 12 1 1 10 12 1 1 9 12 1 8 10 12 1 1 100 1 10 12 1 1 10 12 1 9 7 12 1 1 9 100 12 1 1 1 8 1 10 100 12 1 1 10 12 1 1 100 1 100 1 10 10 12 1 1 10 12 1 1 8 1 8 1 100 1 8 1 10 12 10 12 1 10 12 1 10 12 1 10 12 1 1 9 100 12 1 1 10 12 1 8 1 8 1 10 12 1 10 12 1 1 8 1 8 1 8 1 100 1 8 1 100 1 8 1 100 1 8 1 10 12 1 8 1 9 10 100 12 1 1 1 10 12 1 9 12 1 1 10 12 1 10 10 12 1 10 12 1 10 12 1 10 12 1 1 10 12 1 10 12 1 1 10 12 1 1 10 12 1 1 10 12 1 1 8 1 100 10 12 1 10 12 1 9 12 1 1 10 7 12 1 1 8 1 8 1 100 1 8 1 8 1 8 1 8 1 8 1 8 1 8 1 8 1 10 12 1 1 10 12 1 1 10 12 1 10 12 1 10 12 1 10 12 1 8 1 8 1 8 1 10 12 1 8 1 10 12 1 8 1 8 1 8 1 8 1 8 1 10 12 1 10 12 1 10 12 1 1 10 7 12 1 1 1 10 12 1 10 12 1 10 12 1 10 12 1 10 12 1 9 12 1 1 8 1 10 12 1 1 9 12 1 9 12 1 1 10 12 1 1 9 12 1 1 9 12 1 10 12 1 1 9 12 1 1 7 1 10 7 12 1 1 1 9 7 12 1 1 1 10 7 12 1 1 1 10 12 1 1 10 12 1 1 10 12 1 9 12 1 10 12 1 9 12 1 10 12 1 10 12 1 8 1 10 12 1 9 12 1 1 7 1 10 7 12 1 1 1 100 1 10 12 1 9 12 1 10 12 1 10 12 1 10 12 1 1 10 12 1 9 7 12 1 1 10 12 1 1 10 12 1 10 12 1 9 12 1 9 9 12 1 7 9 12 1 1 10 12 1 1 9 12 1 10 12 1 10 7 1 9 1 1 1 1 3 1 3 1 1 3 1 3 1 1 1 1 1 1 1 1 1 1 1 1 1 1 1 1 1 1 1 1 1 1 1 1 1 1 1 1 1 1 1 1 1 1 1 1 1 1 1 1 1 1 1 1 1 100 1 1 1 1 1 1 1 1 1 1 1 1 1 1 1 1 1 1 1 1 1 1 1 1 1 1 1 1 1 1 1 1 1 1 1 1 1 1 1 1 1 1 1 1 1 1 1 1 1 1 1 1 1 1 1 1 1 1 1 1 1 1 1 1 1 1 1 100 1 1 1 1 1 1 1 1 1 1 1 1 1 1 1 1 1 1 1 1 1 1 1 1 1 1 1 1 1 1 1 1 1 1 1 1 100 1 1 1 1 1 1 1 1 1 1 1 1 1 1 100 1 1 1 100 1 1 100 1 1 1 1 1 1 1 1 1 1 1 1
staticfield java/lang/invoke/LambdaForm DEFAULT_CUSTOMIZED Ljava/lang/invoke/MethodHandle; 
staticfield java/lang/invoke/LambdaForm DEFAULT_KIND Ljava/lang/invoke/LambdaForm$Kind; java/lang/invoke/LambdaForm$Kind
staticfield java/lang/invoke/LambdaForm COMPILE_THRESHOLD I 0
staticfield java/lang/invoke/LambdaForm INTERNED_ARGUMENTS [[Ljava/lang/invoke/LambdaForm$Name; 5 [[Ljava/lang/invoke/LambdaForm$Name;
staticfield java/lang/invoke/LambdaForm IMPL_NAMES Ljava/lang/invoke/MemberName$Factory; java/lang/invoke/MemberName$Factory
staticfield java/lang/invoke/LambdaForm LF_identity [Ljava/lang/invoke/LambdaForm; 6 [Ljava/lang/invoke/LambdaForm;
staticfield java/lang/invoke/LambdaForm NF_identity [Ljava/lang/invoke/LambdaForm$NamedFunction; 6 [Ljava/lang/invoke/LambdaForm$NamedFunction;
staticfield java/lang/invoke/LambdaForm LF_constant [Ljava/lang/invoke/LambdaForm; 5 [Ljava/lang/invoke/LambdaForm;
staticfield java/lang/invoke/LambdaForm createIdentityFormLock Ljava/lang/Object; java/lang/Object
staticfield java/lang/invoke/LambdaForm DEBUG_NAME_COUNTERS Ljava/util/HashMap; 
staticfield java/lang/invoke/LambdaForm DEBUG_NAMES Ljava/util/HashMap; 
staticfield java/lang/invoke/LambdaForm TRACE_INTERPRETER Z 0
staticfield java/lang/invoke/LambdaForm $assertionsDisabled Z 1
instanceKlass jdk/internal/reflect/DirectMethodHandleAccessor
ciInstanceKlass jdk/internal/reflect/MethodAccessorImpl 1 1 38 10 7 12 1 1 1 10 100 12 1 1 1 100 1 1 1 1 1 1 1 100 1 100 1 1 1 1 1 1 1 1 1 1 1 1 1 1
ciInstanceKlass jdk/internal/reflect/MethodAccessor 1 0 17 100 1 100 1 1 1 1 100 1 100 1 1 1 1 1 1
ciInstanceKlass java/util/Objects 1 1 184 10 7 12 1 1 1 100 1 8 1 10 12 1 10 12 1 1 10 7 12 1 1 1 10 12 1 1 10 12 1 10 100 12 1 1 1 10 12 1 1 10 7 12 1 1 1 7 1 10 10 12 1 1 10 7 12 1 1 10 12 1 1 8 1 10 7 12 1 1 1 10 7 12 1 1 1 10 11 100 12 1 1 1 100 1 10 10 12 1 8 1 10 12 1 8 1 100 1 11 12 1 1 8 1 10 7 12 1 1 1 10 12 1 1 10 12 1 10 12 1 10 12 1 10 12 1 1 1 1 1 1 1 1 1 1 1 1 1 1 1 1 1 1 1 1 1 1 1 1 1 1 1 1 1 1 1 1 1 1 1 1 1 1 1 1 1 1 1 1 1 1 1 1 1 1 1 1 1 1 1 1 1 1
ciInstanceKlass java/lang/reflect/Modifier 1 1 133 100 1 10 100 12 1 1 1 100 1 10 100 1 8 1 10 12 1 8 1 10 12 1 1 8 1 8 1 8 1 8 1 8 1 8 1 8 1 8 1 8 1 8 1 8 1 10 12 1 1 3 1 1 1 3 1 3 1 3 1 3 1 3 1 3 1 3 1 3 1 3 1 3 1 3 1 3 1 1 1 3 1 3 1 3 1 1 3 1 3 1 3 1 3 1 3 1 1 1 1 1 1 1 1 1 1 1 1 1 1 1 1 1 1 1 1 1 1 1 1 1 1 1 1 1 1 1 1 1 1 1 1
ciInstanceKlass jdk/internal/reflect/CallerSensitive 0 0 17 100 1 100 1 100 1 1 1 1 1 1 1 1 1 1 1
ciInstanceKlass jdk/internal/reflect/DirectConstructorHandleAccessor$NativeAccessor 1 1 44 10 7 12 1 1 1 9 7 12 1 1 1 10 12 1 1 1 1 1 1 1 1 1 1 1 1 1 1 1 1 1 100 1 100 1 1 1 1 1 100 1 1 1
ciInstanceKlass jdk/internal/reflect/ConstructorAccessor 1 0 16 100 1 100 1 1 1 1 100 1 100 1 100 1 1 1
instanceKlass jdk/internal/reflect/DirectConstructorHandleAccessor
instanceKlass jdk/internal/reflect/DirectConstructorHandleAccessor$NativeAccessor
ciInstanceKlass jdk/internal/reflect/ConstructorAccessorImpl 1 1 27 10 7 12 1 1 1 100 1 100 1 1 1 1 1 1 1 1 1 100 1 100 1 100 1 1 1
ciInstanceKlass jdk/internal/reflect/ConstantPool 1 1 142 10 100 12 1 1 1 9 7 12 1 1 1 10 12 1 1 10 12 1 1 10 12 1 10 12 1 1 10 12 1 1 10 12 1 10 12 1 1 10 12 1 10 12 1 1 10 12 1 10 12 1 10 12 1 10 12 1 1 10 12 1 1 10 12 1 1 10 12 1 1 10 12 1 10 12 1 1 10 100 12 1 1 1 8 11 7 12 1 1 1 10 7 12 1 1 1 1 1 1 1 1 1 1 1 1 1 1 1 1 1 1 1 1 1 1 1 1 1 1 1 1 1 1 1 1 1 1 1 1 1 1 1 1 1 1 1 1 1 1 1 1
instanceKlass java/lang/invoke/VolatileCallSite
instanceKlass java/lang/invoke/MutableCallSite
instanceKlass java/lang/invoke/ConstantCallSite
ciInstanceKlass java/lang/invoke/CallSite 1 1 297 10 7 12 1 1 1 10 7 12 1 1 1 9 12 1 1 10 7 12 1 1 1 10 12 1 100 1 10 12 1 1 10 12 1 1 9 100 12 1 1 1 10 100 12 1 1 10 12 1 1 100 1 100 1 10 10 100 12 1 1 1 10 12 1 1 8 1 10 12 1 10 12 1 1 10 12 1 10 12 1 1 10 12 1 1 10 10 100 12 1 1 10 12 1 1 9 12 1 9 100 12 1 1 1 8 1 10 7 12 1 1 1 10 12 1 1 100 1 10 12 1 1 9 12 1 8 1 100 1 10 12 1 10 12 1 100 1 8 1 10 10 12 1 10 12 1 1 100 1 10 12 1 1 10 12 1 10 12 1 10 12 1 1 10 12 1 1 9 12 1 1 8 10 12 1 1 9 12 1 1 100 1 10 10 12 1 10 100 12 1 1 1 10 12 1 1 10 12 1 1 10 12 1 10 7 12 1 1 1 100 1 8 1 10 10 12 10 12 1 1 100 1 100 1 100 1 8 1 10 12 1 10 7 12 1 1 1 1 1 1 1 1 1 1 1 1 1 1 1 1 1 1 1 1 1 1 1 1 1 1 1 1 1 1 1 1 1 1 1 1 1 1 1 1 1 1 1 1 1 1 1 1 1 1 1 1 1 1 1 1 100 1 100 1 1 1
staticfield java/lang/invoke/CallSite $assertionsDisabled Z 1
ciInstanceKlass java/lang/invoke/ConstantCallSite 1 1 65 10 7 12 1 1 1 9 7 12 1 1 1 9 12 1 1 10 7 12 1 1 1 10 12 1 100 1 10 12 9 12 1 1 100 1 10 10 12 1 1 10 12 1 1 1 1 1 1 1 1 1 1 1 1 1 100 1 1 1 1 1 1 1 1
staticfield java/lang/invoke/ConstantCallSite UNSAFE Ljdk/internal/misc/Unsafe; jdk/internal/misc/Unsafe
instanceKlass java/lang/invoke/DirectMethodHandle$Special
instanceKlass java/lang/invoke/DirectMethodHandle$StaticAccessor
instanceKlass java/lang/invoke/DirectMethodHandle$Interface
instanceKlass java/lang/invoke/DirectMethodHandle$Accessor
instanceKlass java/lang/invoke/DirectMethodHandle$Constructor
ciInstanceKlass java/lang/invoke/DirectMethodHandle 1 1 929 7 1 100 1 7 1 7 1 10 7 12 1 1 1 10 7 12 1 1 1 100 1 10 12 1 10 12 1 1 10 7 12 1 1 10 12 1 1 10 12 1 10 12 1 7 1 10 12 1 1 10 12 1 1 10 12 1 10 12 1 1 10 7 12 1 1 1 10 12 1 9 7 12 1 1 1 100 1 10 9 12 1 1 9 12 1 10 12 1 10 12 1 10 12 1 1 10 12 1 10 12 1 10 12 1 10 7 12 1 1 1 10 12 1 10 12 1 1 8 1 10 12 1 1 7 1 10 12 1 7 1 10 10 12 1 10 12 1 10 12 1 10 7 12 1 1 1 10 12 1 1 7 1 10 12 1 10 12 1 7 1 10 12 1 10 12 1 1 10 12 1 1 10 12 8 10 7 12 1 1 1 10 12 1 10 12 1 10 12 1 1 10 12 1 9 7 12 1 1 1 7 1 10 12 1 10 7 12 1 1 1 10 12 1 10 12 1 1 9 12 1 1 7 1 10 8 1 10 12 1 1 10 12 1 1 8 1 10 12 1 10 12 1 10 10 12 1 10 12 1 10 12 1 10 12 1 10 12 1 1 10 12 1 10 12 1 10 12 1 1 10 10 7 12 1 1 1 10 12 1 10 12 1 1 10 12 1 10 12 1 1 8 1 9 7 12 1 1 1 8 1 9 12 1 9 12 1 8 1 9 12 1 9 12 1 8 1 9 12 1 9 12 1 8 1 10 12 1 10 12 1 1 10 7 12 1 1 1 10 12 1 10 12 1 1 9 12 1 1 7 1 10 12 1 1 100 1 10 7 12 1 1 1 10 12 1 1 10 12 1 1 7 1 10 12 1 1 10 12 1 10 12 1 1 7 1 10 12 1 1 10 12 1 10 12 1 10 12 1 1 10 12 1 9 12 1 1 10 7 1 9 12 1 10 12 1 7 1 7 1 7 1 10 7 12 1 1 1 9 12 1 1 10 7 12 1 1 1 10 7 12 1 1 10 12 10 12 1 7 1 10 12 1 10 12 1 1 8 1 9 12 1 9 12 1 10 12 1 1 9 12 1 1 10 7 12 1 1 1 9 12 1 1 9 12 1 1 10 12 1 10 12 1 10 12 1 10 12 1 1 10 12 1 9 12 1 9 12 1 10 12 1 10 12 1 10 12 1 10 12 1 1 10 12 1 1 9 12 1 1 10 12 1 1 9 7 12 1 1 1 9 12 1 9 12 1 9 12 1 9 12 1 9 12 1 9 12 1 9 12 1 9 12 1 9 12 1 9 12 1 9 12 1 9 12 1 9 12 1 9 12 1 9 12 1 9 12 1 9 12 1 9 12 1 9 12 1 9 12 1 9 12 1 9 12 1 9 12 1 9 12 1 100 1 10 12 1 8 1 8 1 8 1 8 1 8 1 8 1 8 1 8 1 8 1 10 12 1 10 12 1 8 1 8 1 8 1 9 12 1 1 9 12 1 1 10 12 1 10 12 1 1 10 12 1 1 9 7 1 10 12 1 10 12 10 12 1 10 12 1 10 12 1 10 8 1 8 1 8 1 8 1 10 12 1 1 9 12 1 1 10 12 1 10 100 12 1 1 1 8 9 12 1 1 10 12 1 1 8 1 8 8 9 12 1 8 1 8 8 8 8 8 1 8 10 12 1 7 1 10 12 1 8 1 8 1 10 12 1 10 12 1 10 12 1 9 12 1 10 12 1 1 7 1 1 1 1 3 1 3 1 3 1 3 1 3 1 3 1 3 1 3 1 1 1 1 1 1 1 1 1 1 3 1 3 1 3 1 1 3 1 3 1 1 1 1 1 1 1 1 1 1 1 1 1 1 1 1 1 1 1 1 1 1 1 1 1 1 1 1 1 1 1 1 1 1 1 1 1 1 1 1 1 1 1 1 1 1 1 1 1 1 1 1 1 1 1 1 1 1 1 1 1 1 100 1 1 1 1 1 1 1 1 1 100 1 1 1 1 1 1 1 1 1 1 1 1 1 1 1 1 1 1 1 1 1 1 1 1 1 1 1 1 1 1 1 1 1 1 1 1 1 1 1 1 1 1 1 1 1 1 1 1 1 1 1 1 1
staticfield java/lang/invoke/DirectMethodHandle IMPL_NAMES Ljava/lang/invoke/MemberName$Factory; java/lang/invoke/MemberName$Factory
staticfield java/lang/invoke/DirectMethodHandle FT_UNCHECKED_REF I 8
staticfield java/lang/invoke/DirectMethodHandle FT_CHECKED_REF I 9
staticfield java/lang/invoke/DirectMethodHandle ACCESSOR_FORMS [Ljava/lang/invoke/LambdaForm; 120 [Ljava/lang/invoke/LambdaForm;
staticfield java/lang/invoke/DirectMethodHandle ALL_WRAPPERS [Lsun/invoke/util/Wrapper; 10 [Lsun/invoke/util/Wrapper;
staticfield java/lang/invoke/DirectMethodHandle NFS [Ljava/lang/invoke/LambdaForm$NamedFunction; 12 [Ljava/lang/invoke/LambdaForm$NamedFunction;
staticfield java/lang/invoke/DirectMethodHandle OBJ_OBJ_TYPE Ljava/lang/invoke/MethodType; java/lang/invoke/MethodType
staticfield java/lang/invoke/DirectMethodHandle LONG_OBJ_TYPE Ljava/lang/invoke/MethodType; java/lang/invoke/MethodType
staticfield java/lang/invoke/DirectMethodHandle $assertionsDisabled Z 1
ciInstanceKlass java/lang/invoke/MutableCallSite 0 0 61 10 100 12 1 1 1 10 12 1 9 100 12 1 1 1 10 12 1 10 12 1 1 9 100 12 1 1 1 10 100 12 1 1 1 10 100 12 1 1 1 1 1 1 1 1 1 1 1 1 1 1 1 1 1 1 1 1 100 1 1
ciInstanceKlass java/lang/invoke/VolatileCallSite 0 0 37 10 100 12 1 1 1 10 12 1 10 100 12 1 1 1 10 12 1 10 12 1 1 1 1 1 1 1 1 1 1 1 1 1 1 1 1
instanceKlass java/lang/invoke/VarHandleLongs$Array
instanceKlass java/lang/invoke/VarHandleLongs$FieldInstanceReadOnly
instanceKlass java/lang/invoke/VarHandleBooleans$FieldInstanceReadOnly
instanceKlass java/lang/invoke/VarHandleReferences$FieldInstanceReadOnly
instanceKlass java/lang/invoke/VarHandleByteArrayAsDoubles$ByteArrayViewVarHandle
instanceKlass java/lang/invoke/VarHandleByteArrayAsLongs$ByteArrayViewVarHandle
instanceKlass java/lang/invoke/VarHandleByteArrayAsFloats$ByteArrayViewVarHandle
instanceKlass java/lang/invoke/VarHandleByteArrayAsInts$ByteArrayViewVarHandle
instanceKlass java/lang/invoke/VarHandleByteArrayAsChars$ByteArrayViewVarHandle
instanceKlass java/lang/invoke/VarHandleByteArrayAsShorts$ByteArrayViewVarHandle
instanceKlass java/lang/invoke/VarHandleInts$FieldInstanceReadOnly
instanceKlass java/lang/invoke/VarHandleReferences$Array
ciInstanceKlass java/lang/invoke/VarHandle 1 1 474 10 7 12 1 1 1 10 7 12 1 1 9 12 1 1 9 12 1 1 10 12 1 1 8 1 10 12 1 1 10 7 12 1 1 1 10 12 1 1 10 100 12 1 1 1 9 100 12 1 1 1 10 12 1 1 10 100 12 1 1 1 10 12 1 1 9 12 1 10 12 1 9 12 1 1 10 100 12 1 1 10 12 1 9 100 12 1 1 1 9 12 1 1 10 12 1 1 100 1 100 1 10 8 1 10 12 1 1 10 12 1 8 1 10 12 1 10 12 1 9 12 1 1 9 12 1 10 12 1 10 12 1 1 10 12 1 10 10 100 12 1 1 1 10 12 1 1 10 12 1 1 10 100 12 1 1 1 10 100 12 1 1 1 10 100 12 1 1 1 9 12 1 1 9 10 12 1 10 12 1 1 10 12 1 1 10 12 1 10 100 12 1 1 1 9 12 1 1 10 12 1 1 9 12 1 10 12 1 10 12 1 10 100 12 1 1 100 1 10 9 7 12 1 1 1 9 12 1 1 10 7 12 1 1 1 10 12 1 10 12 1 10 12 1 10 12 1 10 12 1 10 12 1 1 8 10 12 1 1 7 1 10 12 1 1 100 1 1 1 1 1 1 1 1 1 1 1 1 1 1 1 1 1 1 1 1 1 1 1 1 1 1 1 1 1 1 1 1 1 1 1 1 1 1 1 1 1 1 1 1 1 1 1 1 1 1 1 1 1 1 1 1 1 1 1 1 1 1 1 1 1 100 1 1 1 1 1 1 1 1 100 1 1 1 1 1 1 1 1 1 1 1 1 100 1 100 1 1 100 1 100 1 100 1 100 1 100 1 100 1 100 1 100 1 100 1 100 1 100 1 100 1 100 1 100 1 100 1 100 1 100 1 100 1 100 1 100 1 100 1 100 1 100 1 100 1 100 1 100 1 100 1 100 1 100 1 100 1 100 1 100 1 100 1 100 1 100 1 100 1 1 1 1 1 1 100 1 1 1 100 1 1 100 1 100 1 100 1 100 1 100 1 100 1 1 1 1 100 1 100 1 100 1 100 1 100 1 100 1 100 1 100 1
staticfield java/lang/invoke/VarHandle VFORM_OFFSET J 16
staticfield java/lang/invoke/VarHandle $assertionsDisabled Z 1
ciInstanceKlass java/lang/invoke/MemberName 1 1 730 7 1 7 1 100 1 9 12 1 1 10 7 12 1 1 1 9 12 1 1 10 12 1 1 10 12 1 1 10 12 1 1 10 12 1 10 12 1 1 10 7 12 1 1 1 10 12 1 9 7 12 1 1 10 12 1 100 1 100 1 10 12 1 8 1 10 12 1 1 10 12 1 10 12 1 1 10 12 1 9 12 1 1 8 1 10 100 12 1 1 1 7 1 10 10 12 1 1 7 1 7 1 10 12 1 9 12 1 1 100 1 8 1 10 12 1 10 12 1 10 12 1 10 12 1 10 12 1 1 10 12 1 10 12 1 10 12 1 1 8 1 8 1 10 12 1 8 1 9 12 1 1 3 10 12 1 10 12 1 10 12 1 10 10 7 12 1 1 1 10 12 1 10 12 1 10 12 1 10 12 1 7 1 8 10 12 1 1 10 12 1 1 8 1 9 100 1 8 9 100 1 10 12 1 1 10 12 1 10 12 1 8 1 10 12 1 1 10 12 1 10 12 1 10 12 1 10 12 1 1 100 1 10 12 1 1 10 12 1 8 1 10 12 1 10 12 1 8 1 10 12 1 1 10 12 1 1 100 1 10 12 1 1 10 12 8 1 8 1 100 1 10 12 1 10 100 12 1 1 1 100 1 10 12 10 12 1 10 12 1 10 12 1 10 12 1 10 10 12 1 10 12 1 10 12 1 3 10 12 1 3 10 12 1 3 3 3 3 3 3 10 12 1 3 9 12 1 10 12 1 1 3 10 12 1 10 10 7 12 1 1 1 10 12 1 1 10 7 12 1 1 10 10 12 1 10 12 1 1 10 12 1 10 10 12 1 1 10 12 1 10 12 1 10 12 1 100 1 10 10 10 12 100 1 10 10 10 12 1 1 10 12 1 1 10 10 12 1 8 10 7 1 10 12 1 10 7 1 10 12 1 10 12 1 10 12 1 10 10 12 1 10 12 1 1 10 12 1 1 10 12 1 10 12 1 10 12 1 100 1 10 12 1 1 100 1 8 1 10 7 1 10 12 1 10 12 10 12 1 1 10 12 1 10 12 1 8 1 8 1 8 1 8 1 10 12 1 10 12 1 10 7 12 1 1 1 8 1 8 1 10 12 1 8 1 10 10 10 12 1 10 12 1 8 1 8 1 10 10 12 1 8 1 10 100 12 1 1 1 8 1 100 1 10 12 1 10 12 1 1 10 12 1 8 1 8 1 8 1 8 1 100 1 10 8 1 8 1 8 1 8 1 10 12 1 100 1 100 1 100 1 10 100 1 10 100 1 10 100 12 1 1 1 9 7 12 1 1 1 100 1 100 1 1 1 1 1 1 1 3 1 3 1 3 1 3 1 3 1 3 1 1 1 1 1 1 1 1 3 1 3 1 1 1 1 1 1 1 1 1 1 1 1 1 1 1 1 1 1 1 1 1 1 1 1 100 1 1 1 1 1 1 1 1 1 1 1 1 1 1 1 1 1 1 1 1 1 1 1 1 1 1 1 1 1 1 1 1 1 1 1 1 1 1 1 1 1 1 1 1 1 1 1 1 1 1 1 1 1 1 1 1 1 1 1 1 1 1 1 1 1 1 1 1 1 1 1 1 1 1 1 1 100 1 1 1 1 1 1 1 1 1 1 1 1 1 1 1 1
staticfield java/lang/invoke/MemberName $assertionsDisabled Z 1
ciInstanceKlass java/lang/invoke/ResolvedMethodName 1 1 25 10 100 12 1 1 1 9 7 12 1 1 1 1 1 1 1 1 1 1 1 1 1 1 1
ciInstanceKlass java/lang/invoke/MethodHandleNatives 1 1 689 100 1 10 7 12 1 1 1 9 7 12 1 1 1 10 12 1 1 100 1 10 10 12 1 1 10 12 1 10 12 1 8 1 8 1 8 1 8 1 8 1 8 1 8 1 8 1 8 1 8 1 10 12 1 1 7 1 10 7 12 1 1 1 10 100 12 1 1 1 7 1 10 10 12 1 1 8 1 10 12 1 8 1 10 12 1 1 8 1 10 12 1 1 9 100 12 1 1 1 8 1 10 100 12 1 1 1 100 1 10 12 100 1 100 1 8 1 7 1 10 10 12 1 7 1 9 7 12 1 1 10 12 1 1 10 12 1 10 7 12 1 1 1 10 12 1 1 9 12 1 8 1 10 12 1 1 10 12 1 8 1 10 12 1 1 7 1 10 12 1 10 7 12 1 1 1 10 12 1 10 12 1 1 10 12 1 1 8 1 10 12 1 1 8 1 10 12 1 8 1 8 1 8 1 100 1 10 12 1 8 1 10 100 12 1 1 1 10 12 1 1 10 100 12 1 1 10 10 12 1 1 10 12 1 10 100 12 1 1 1 100 1 8 1 10 100 12 1 1 1 7 1 8 1 10 12 1 8 1 8 1 8 1 8 1 8 1 10 12 1 1 10 12 1 1 10 12 1 10 12 1 1 10 12 1 1 7 1 10 12 1 100 1 100 1 10 12 1 10 12 1 8 1 8 1 10 10 12 1 1 10 12 1 1 8 1 10 100 12 1 1 8 1 8 1 10 12 1 1 10 7 12 1 1 1 100 1 10 12 1 1 7 1 9 12 1 1 10 7 12 1 1 1 10 10 12 1 9 12 1 10 12 1 9 12 1 9 12 1 10 12 1 1 10 12 1 10 12 1 1 7 1 7 1 10 12 1 1 10 12 1 10 12 1 1 10 7 12 1 1 1 10 12 1 8 1 10 12 1 10 12 1 10 12 1 1 10 12 1 10 7 12 1 1 1 10 12 1 1 100 1 8 1 10 9 7 12 1 1 1 10 12 1 1 10 12 1 1 100 1 10 12 1 1 10 12 1 1 100 1 100 1 10 10 100 1 100 1 10 100 1 10 10 12 1 1 10 100 1 10 12 1 10 12 1 1 10 12 1 1 10 12 1 1 10 12 1 10 12 1 1 10 8 1 10 12 1 10 12 1 10 12 1 10 12 1 10 12 1 1 10 12 1 10 12 1 10 12 1 10 10 7 12 1 1 10 12 1 1 1 1 1 1 1 1 1 1 1 1 1 100 1 1 1 1 1 1 1 1 1 1 1 1 1 1 1 1 1 1 1 1 1 1 1 1 1 1 1 1 1 1 1 1 1 1 1 1 1 1 1 1 1 1 1 1 1 1 1 1 1 1 1 1 1 1 1 1 1 1 1 1 1 1 1 100 1 1 1 1 1 1 1 1 1 1 1 1 1 1 1 1 1 1 1 1 1 1 1 1 1 1 1 1 1 1 1 1 1 1 1 100 1 1 1 1 1 1 1 1 1 1 1 1 1 1 1 1 1 1 1 1 1 1 1 1 1 1 1 1 1 1 1 1 1 1 100 1 1
staticfield java/lang/invoke/MethodHandleNatives $assertionsDisabled Z 1
ciInstanceKlass jdk/internal/foreign/abi/NativeEntryPoint 0 0 223 10 100 12 1 1 1 9 100 12 1 1 1 9 12 1 1 100 1 8 1 10 12 1 10 12 1 1 100 1 10 100 12 1 1 1 10 12 1 9 12 1 1 18 12 1 1 10 100 12 1 1 1 9 100 12 1 1 1 8 1 10 12 1 1 8 1 8 1 8 1 8 1 10 100 12 1 1 1 100 1 10 10 12 1 1 8 1 10 12 1 8 1 10 12 1 10 12 1 1 10 12 1 1 100 1 8 1 10 12 1 10 12 1 1 100 1 8 1 10 10 12 1 9 12 1 1 18 12 1 1 10 100 12 1 1 1 10 12 1 1 10 12 1 10 100 12 1 1 1 10 1 1 1 1 1 1 1 1 1 1 1 1 1 1 1 1 1 1 1 1 1 1 1 1 1 1 1 1 1 1 1 1 1 1 1 1 1 1 1 1 1 1 1 1 16 1 15 10 12 16 1 16 15 10 12 15 10 100 12 1 1 1 1 1 100 1 1 100 1 100 1 1
ciInstanceKlass jdk/internal/foreign/abi/ABIDescriptor 0 0 55 10 100 12 1 1 1 9 100 12 1 1 1 9 12 1 1 9 12 1 9 12 1 9 12 1 1 9 12 1 9 12 1 1 9 12 1 9 12 1 9 12 1 9 12 1 1 1 1 1 1 1 1 1 1
ciInstanceKlass jdk/internal/foreign/abi/VMStorage 0 0 111 10 100 12 1 1 1 9 100 12 1 1 1 9 12 1 1 9 12 1 1 9 12 1 1 100 1 10 8 1 10 12 1 1 10 12 1 10 12 1 1 10 12 1 100 1 10 100 12 1 1 1 10 100 12 1 1 10 100 12 1 1 10 100 12 1 1 1 18 12 1 1 1 1 1 1 1 1 1 1 1 1 1 1 1 1 1 1 1 1 1 1 8 1 15 15 15 15 15 10 100 12 1 1 1 1 100 1 100 1 1
ciInstanceKlass jdk/internal/foreign/abi/UpcallLinker$CallRegs 0 0 66 10 100 12 1 1 1 9 100 12 1 1 1 9 12 1 18 12 1 1 18 12 1 1 18 12 1 1 1 1 1 1 1 1 1 1 1 1 1 1 1 1 1 1 100 1 1 1 8 1 15 15 15 10 100 12 1 1 1 1 1 100 1 100 1 1
instanceKlass java/lang/StackFrameInfo
ciInstanceKlass java/lang/ClassFrameInfo 1 1 126 10 7 12 1 1 1 9 7 12 1 1 1 7 1 3 9 12 1 1 9 12 1 1 100 1 9 12 1 1 3 11 100 12 1 1 1 11 12 1 10 12 1 1 10 12 1 1 10 12 1 100 1 10 10 12 1 1 8 1 8 1 10 12 100 1 10 10 12 1 1 8 1 10 12 1 8 1 10 12 8 1 10 12 1 10 7 12 1 1 1 100 1 1 1 1 1 1 1 1 1 1 1 1 1 1 1 1 1 1 1 1 1 1 1 1 1 1 1 100 1 1 1 1 1 1
staticfield java/lang/ClassFrameInfo JLIA Ljdk/internal/access/JavaLangInvokeAccess; java/lang/invoke/MethodHandleImpl$1
ciInstanceKlass java/lang/StackWalker$StackFrame 1 1 41 100 1 10 12 1 1 100 1 100 1 1 1 1 1 1 1 1 1 1 1 1 1 1 1 1 1 1 1 1 1 1 1 1 1 1 1 100 1 1 1
ciInstanceKlass java/lang/StackWalker 1 1 236 9 7 12 1 1 1 10 7 12 1 1 1 7 1 10 7 12 1 1 1 10 12 1 1 11 7 12 1 1 1 10 12 1 1 10 12 1 1 100 1 8 1 10 12 1 10 12 1 10 12 1 10 7 12 1 1 9 12 1 1 9 12 1 1 9 12 1 1 9 12 1 1 10 12 1 1 9 12 1 1 9 12 1 1 9 12 1 1 9 12 1 1 10 12 1 1 10 7 12 1 1 1 10 7 12 1 1 1 18 12 1 1 100 1 8 1 10 8 1 10 12 1 1 10 100 12 1 1 1 10 12 1 1 10 12 1 11 12 1 1 9 7 12 1 1 11 100 12 1 1 1 10 12 1 1 1 1 1 1 1 1 1 1 1 1 1 1 1 1 1 1 1 1 1 1 1 1 1 1 1 1 1 1 1 1 1 1 1 1 1 1 1 1 1 1 1 1 1 1 1 1 1 1 1 1 1 1 1 100 1 1 16 15 10 12 16 1 15 10 100 12 1 1 1 1 1 1 1 1 1 100 1 100 1 1
staticfield java/lang/StackWalker DEFAULT_EMPTY_OPTION Ljava/util/EnumSet; java/util/RegularEnumSet
staticfield java/lang/StackWalker DEFAULT_WALKER Ljava/lang/StackWalker; java/lang/StackWalker
instanceKlass java/lang/LiveStackFrameInfo
ciInstanceKlass java/lang/StackFrameInfo 1 1 150 10 7 12 1 1 1 9 7 12 1 1 1 9 12 1 1 11 7 12 1 1 1 10 12 1 1 10 7 12 1 1 1 9 12 1 1 10 12 1 1 9 12 1 1 100 1 10 12 10 12 1 9 12 1 100 1 100 1 10 12 1 1 11 12 1 1 10 12 1 10 12 1 10 12 1 1 9 12 1 1 10 12 1 1 10 100 12 1 1 10 12 1 1 9 12 1 10 100 12 1 1 1 9 12 1 1 10 100 1 10 12 1 9 12 1 1 10 12 1 1 10 12 1 1 1 1 1 1 1 1 1 1 1 1 1 1 1 1 100 1 100 1 1 1 1 1 1 1 1
staticfield java/lang/StackFrameInfo $assertionsDisabled Z 1
ciInstanceKlass java/lang/LiveStackFrameInfo 0 0 97 10 100 12 1 1 1 9 100 12 1 1 1 9 12 1 9 12 1 9 12 1 9 12 1 1 100 1 10 12 1 1 10 12 1 8 1 10 12 1 1 8 1 8 1 8 1 10 100 1 10 12 1 100 1 10 12 1 100 1 100 1 1 1 3 1 3 1 1 1 1 1 1 1 1 1 1 1 1 1 1 1 1 1 1 1 1 1 1 1 1 1 1 1 100 1 1
ciInstanceKlass java/lang/LiveStackFrame 0 0 112 100 1 10 100 12 1 1 1 11 100 12 1 1 1 11 12 1 9 100 12 1 1 1 10 100 12 1 1 1 10 100 12 1 1 1 11 12 1 10 12 1 100 1 100 1 1 1 1 1 1 1 1 1 1 1 1 1 1 1 1 1 1 1 1 1 1 1 1 1 100 1 1 1 1 1 1 1 100 1 8 1 1 12 10 1 1 1 8 1 1 1 8 1 1 1 8 1 1 1 8 1 1 8 1 1 1 8 1 1 8 1
instanceKlass java/lang/StackStreamFactory$StackFrameTraverser
ciInstanceKlass java/lang/StackStreamFactory$AbstractStackWalker 1 1 364 7 1 100 1 3 10 7 12 1 1 1 10 7 12 1 1 10 7 12 1 1 1 9 12 1 1 9 12 1 1 9 12 1 1 9 12 1 9 12 1 10 7 12 1 1 1 10 12 1 1 10 100 12 1 1 9 12 1 1 9 12 1 1 10 12 1 1 9 12 1 1 10 7 12 1 1 1 10 12 1 1 9 12 1 1 9 100 12 1 1 1 100 1 10 8 1 10 12 1 1 10 12 1 8 1 10 12 1 1 10 100 12 1 1 1 100 1 8 1 10 12 1 8 1 10 12 10 7 12 1 1 9 12 1 1 8 1 5 0 8 1 8 1 9 12 1 1 10 12 1 1 18 12 1 1 10 100 12 1 1 1 10 12 1 1 10 12 1 10 12 1 9 7 12 1 1 1 10 12 1 1 9 12 1 10 12 1 10 12 1 10 12 1 10 12 1 10 12 1 10 12 1 1 8 1 10 12 1 10 12 1 10 12 1 10 12 1 1 8 1 10 12 1 1 10 12 1 1 10 12 1 1 10 12 1 10 12 1 10 12 1 9 12 1 8 1 10 12 1 8 1 10 12 1 10 12 1 1 10 12 1 10 12 1 10 12 1 1 10 12 1 10 12 1 10 12 1 10 12 1 10 12 1 10 12 1 1 10 12 1 10 12 1 10 12 1 10 12 1 8 1 1 1 1 1 1 1 1 1 1 1 1 1 100 1 1 1 1 1 1 100 1 1 1 1 100 1 1 1 1 1 1 1 1 1 1 1 1 1 1 1 1 1 1 16 15 15 10 100 12 1 1 1 1 1 1 1 1 100 1 100 1 1
ciInstanceKlass jdk/internal/module/Modules 1 1 481 10 100 12 1 1 1 9 7 12 1 1 1 11 7 12 1 1 1 11 12 1 1 11 12 1 1 11 12 1 1 11 12 1 11 12 1 11 12 1 11 12 1 11 12 1 11 12 1 1 10 100 12 1 1 1 10 12 1 1 10 100 12 1 1 10 100 12 1 1 1 10 100 12 1 1 10 12 1 1 11 12 1 9 12 1 1 11 100 12 1 1 1 10 12 1 1 10 10 12 1 10 100 1 9 12 1 1 10 7 12 1 1 10 12 1 1 10 100 12 1 1 1 100 1 11 100 12 1 1 1 10 100 12 1 1 1 11 100 12 1 1 10 12 1 1 10 100 12 1 1 10 100 12 1 1 1 10 12 1 1 10 12 1 1 11 12 1 1 18 12 1 1 11 100 12 1 1 10 100 12 1 1 1 11 100 12 1 1 1 100 1 11 12 1 1 11 100 12 1 1 1 11 12 1 1 10 12 1 1 10 100 12 1 1 18 12 1 1 11 12 1 1 18 12 1 1 11 12 1 1 10 12 1 18 18 10 12 1 1 9 12 1 1 11 100 12 1 1 1 100 1 10 11 12 1 11 12 1 1 10 100 1 10 12 1 1 10 100 12 1 1 10 12 1 1 11 12 10 12 1 1 100 1 10 18 12 1 10 12 1 1 100 1 8 1 10 12 1 10 100 12 1 1 18 12 1 11 11 12 10 12 1 10 10 100 1 18 12 1 10 10 10 7 12 1 1 10 7 12 1 1 1 10 12 1 1 1 1 1 1 1 1 1 1 1 1 1 1 1 1 1 1 1 1 1 1 1 1 1 1 1 1 1 1 1 1 1 1 1 1 1 1 1 1 1 1 1 1 1 1 1 1 1 1 1 1 1 1 1 1 1 1 1 1 1 1 1 1 100 1 1 1 1 1 1 1 1 1 1 1 1 1 1 1 1 1 1 1 1 1 1 1 16 15 10 12 1 16 1 16 1 15 10 12 1 16 1 16 1 15 10 12 16 1 15 10 16 1 15 10 12 16 1 16 15 10 12 16 15 10 12 16 15 10 12 15 10 100 12 1 1 1 1 1 1 100 1 100 1 1
staticfield jdk/internal/module/Modules JLA Ljdk/internal/access/JavaLangAccess; java/lang/System$1
staticfield jdk/internal/module/Modules JLMA Ljdk/internal/access/JavaLangModuleAccess; java/lang/module/ModuleDescriptor$1
staticfield jdk/internal/module/Modules $assertionsDisabled Z 1
ciInstanceKlass java/lang/invoke/Invokers$Holder 1 1 139 1 100 1 100 1 1 1 7 1 7 1 7 1 1 12 10 1 1 12 10 1 1 12 10 1 1 1 12 10 1 1 12 10 1 12 10 1 1 1 12 10 1 1 100 1 1 12 10 1 12 10 1 1 12 10 1 12 10 1 1 12 10 1 1 12 10 1 1 12 10 1 12 10 1 1 12 10 1 1 12 10 1 1 12 10 1 12 10 1 1 12 10 12 10 1 12 10 1 12 10 1 12 10 1 12 10 12 10 1 1 12 10 1 1 12 10 1 1 12 10 1 1 12 10 1 1 12 10 1 12 10 1 1 1 1 1 1 1
ciMethod java/lang/invoke/Invokers$Holder linkToTargetMethod (Ljava/lang/Object;)Ljava/lang/Object; 1024 0 33200 0 -1
ciInstanceKlass java/lang/invoke/LambdaForm$Holder 1 1 64 1 100 1 100 1 1 1 1 1 7 1 1 12 9 1 1 1 1 1 100 1 1 12 9 1 1 1 1 1 100 1 1 12 9 1 1 1 1 1 100 1 1 12 9 1 1 1 1 1 100 1 1 12 9 1 1 1 1 1 1 1 1 1
ciMethod java/lang/invoke/LambdaForm$Holder constant_L (Ljava/lang/Object;)Ljava/lang/Object; 1024 0 33343 0 -1
ciInstanceKlass jdk/internal/loader/ClassLoaders 1 1 185 10 100 12 1 1 1 10 7 12 1 1 1 10 12 1 1 10 7 12 1 1 1 9 7 12 1 1 1 9 12 1 1 9 12 1 1 7 1 11 100 12 1 1 1 100 1 11 12 1 1 11 12 1 1 10 100 12 1 1 1 10 100 12 1 1 1 100 1 100 1 10 7 12 1 1 1 9 12 1 1 8 1 10 7 12 1 1 1 10 12 1 1 7 1 10 12 1 10 12 1 1 7 1 10 12 1 1 10 12 1 1 10 12 1 7 1 10 12 10 12 1 8 1 10 7 12 1 1 8 1 8 1 10 12 1 7 1 10 10 12 1 10 12 1 1 1 1 1 1 1 1 1 1 1 1 1 1 1 1 1 1 1 1 100 1 1 1 1 1 1 1 1 1 1 1 1 1 1 1 1 1 1 1 1
staticfield jdk/internal/loader/ClassLoaders JLA Ljdk/internal/access/JavaLangAccess; java/lang/System$1
staticfield jdk/internal/loader/ClassLoaders BOOT_LOADER Ljdk/internal/loader/ClassLoaders$BootClassLoader; jdk/internal/loader/ClassLoaders$BootClassLoader
staticfield jdk/internal/loader/ClassLoaders PLATFORM_LOADER Ljdk/internal/loader/ClassLoaders$PlatformClassLoader; jdk/internal/loader/ClassLoaders$PlatformClassLoader
staticfield jdk/internal/loader/ClassLoaders APP_LOADER Ljdk/internal/loader/ClassLoaders$AppClassLoader; jdk/internal/loader/ClassLoaders$AppClassLoader
instanceKlass org/springframework/beans/factory/support/ManagedList
ciInstanceKlass java/util/ArrayList 1 1 514 10 7 12 1 1 1 7 1 9 7 12 1 1 1 9 12 1 100 1 100 1 10 8 1 10 12 1 1 10 12 1 10 12 1 1 10 12 1 9 12 1 11 7 12 1 1 1 9 12 1 1 11 12 1 1 7 10 7 12 1 1 1 9 12 1 10 12 1 10 12 1 1 10 7 12 1 1 1 10 7 12 1 1 1 10 12 1 1 10 12 1 1 10 12 1 1 10 12 1 10 12 1 1 100 1 100 1 10 12 1 10 10 7 12 1 1 1 10 7 12 1 1 10 12 1 100 1 10 10 12 10 12 1 1 10 12 1 1 10 12 1 10 12 10 12 1 1 100 1 10 12 1 1 10 12 1 1 10 12 1 100 1 10 11 12 1 1 11 100 12 1 1 1 11 12 1 10 12 1 10 12 1 10 12 1 1 100 1 10 12 1 1 10 10 12 1 1 10 12 1 8 1 8 1 8 1 8 1 10 12 1 1 10 12 1 1 11 12 1 100 1 10 100 12 1 1 10 12 1 10 12 1 1 10 100 12 1 1 10 12 1 10 100 12 1 1 1 11 100 12 1 1 1 10 12 1 100 1 8 1 10 100 1 10 12 1 7 1 10 12 1 10 12 1 1 7 1 10 12 1 10 12 1 1 11 7 12 1 1 7 1 10 12 1 10 12 1 1 11 7 12 1 1 10 12 1 1 10 12 1 1 10 12 1 1 10 12 1 1 11 100 12 1 1 10 12 1 1 10 12 1 1 100 1 100 1 100 1 1 1 1 5 0 1 3 1 1 1 1 1 1 1 1 1 1 1 1 1 1 1 1 1 1 1 1 1 1 1 1 1 1 1 1 1 1 1 1 1 1 1 1 1 1 1 1 1 1 1 1 1 1 1 1 1 1 1 1 1 1 1 1 1 1 1 1 1 1 1 1 1 1 1 1 1 1 1 1 1 1 1 1 1 1 1 1 1 1 1 1 1 1 1 1 1 1 1 1 1 1 1 1 1 1 1 1 1 1 1 1 100 1 1 1 1 100 1 1 1 1 1 1 1 1 1 1 1 1 1 1 1 1 1 1 1 1 1 1 1 1 1 1 1 1 1 100 1 1 1 1 1 1 1 1 1 1 1 1 1 1 1 1 1 1 1 100 1 100 1 1 1 1 1 1
staticfield java/util/ArrayList EMPTY_ELEMENTDATA [Ljava/lang/Object; 0 [Ljava/lang/Object;
staticfield java/util/ArrayList DEFAULTCAPACITY_EMPTY_ELEMENTDATA [Ljava/lang/Object; 0 [Ljava/lang/Object;
ciInstanceKlass java/util/List 1 1 251 10 100 12 1 1 1 11 100 12 1 1 1 11 100 12 1 1 1 11 12 1 1 11 100 12 1 1 11 12 1 1 11 12 1 1 10 100 12 1 1 1 7 1 7 1 10 12 1 1 100 1 10 100 12 1 1 1 11 12 1 1 11 12 1 11 12 1 100 1 10 12 1 11 12 1 1 11 12 1 1 11 12 1 10 100 12 1 1 1 9 7 12 1 1 1 7 1 10 12 10 12 1 7 1 10 12 1 1 10 12 1 10 12 1 1 11 12 1 1 100 1 1 1 1 1 1 1 1 1 1 1 1 1 1 1 1 1 1 1 1 1 1 1 1 1 1 1 1 1 1 1 1 1 1 1 1 1 1 1 1 1 1 1 1 100 1 100 1 1 1 1 1 1 1 1 1 1 1 1 1 1 1 1 1 1 1 1 1 1 1 1 1 1 1 1 1 1 1 1 1 1 1 1 1 1 1 1 1 1 1 1 1 1 1 1 1 1 1 1 1 1 1 1 1 1 1 1 1 1 1 1 1 1 1 1 1 1 1 1 1 1 1 1 100 1 1 100 1 1 1
ciInstanceKlass java/util/SequencedCollection 1 1 104 100 1 10 12 1 1 11 100 12 1 1 1 11 100 12 1 1 1 11 12 1 1 11 12 1 100 1 100 1 1 1 1 1 1 1 1 1 1 1 1 1 1 1 1 1 1 1 1 1 1 1 1 1 1 1 1 1 100 1 8 1 12 10 1 1 8 1 1 1 8 1 1 8 1 1 1 8 1 1 8 1 1 1 8 1 1 8 1 8 1 1 8 1 1 1 8 1 1 8 1 1 8 1
ciInstanceKlass java/lang/Iterable 1 1 62 10 7 12 1 1 1 11 7 12 1 1 1 11 7 12 1 1 1 11 12 1 1 11 7 12 1 1 1 10 7 12 1 1 1 100 1 1 1 1 1 1 1 1 1 1 1 1 1 1 1 1 1 1 1 1 1 1 1 1 1 1
ciMethod java/util/List isEmpty ()Z 0 0 1 0 -1
ciMethod java/util/List add (Ljava/lang/Object;)Z 0 0 1 0 -1
ciMethod java/util/List iterator ()Ljava/util/Iterator; 0 0 1 0 -1
ciInstanceKlass java/util/RandomAccess 1 0 7 100 1 100 1 1 1
instanceKlass com/fasterxml/jackson/databind/util/internal/LinkedDeque
instanceKlass java/util/TreeMap$Values
instanceKlass java/util/AbstractMap$2
instanceKlass java/util/concurrent/ConcurrentLinkedDeque
instanceKlass java/util/LinkedHashMap$LinkedValues
instanceKlass java/util/IdentityHashMap$Values
instanceKlass java/util/AbstractQueue
instanceKlass java/util/HashMap$Values
instanceKlass java/util/ArrayDeque
instanceKlass java/util/AbstractSet
instanceKlass java/util/ImmutableCollections$AbstractImmutableCollection
instanceKlass java/util/AbstractList
ciInstanceKlass java/util/AbstractCollection 1 1 160 10 7 12 1 1 1 10 7 12 1 1 1 10 12 1 1 11 7 12 1 1 1 11 12 1 1 10 12 1 1 10 100 12 1 1 1 10 12 1 1 10 12 1 1 10 7 12 1 1 10 7 12 1 1 1 7 1 10 100 12 1 1 1 10 100 12 1 1 1 100 1 10 11 12 1 11 7 1 10 12 1 10 12 1 10 7 12 1 1 1 11 8 1 100 1 10 10 12 1 1 8 1 10 12 1 10 12 1 1 1 1 1 1 1 1 1 1 1 1 1 1 1 1 1 1 1 1 1 1 1 1 1 1 1 1 1 1 1 1 1 1 1 1 1 1 1 1 1 1 1 1 1 1 1 1 1 1 1 1
ciMethod java/util/AbstractCollection <init> ()V 772 0 44910 0 0
instanceKlass sun/security/jca/ProviderList$2
instanceKlass java/util/ArrayList$SubList
instanceKlass java/util/Vector
instanceKlass java/util/AbstractSequentialList
instanceKlass java/util/Collections$SingletonList
instanceKlass java/util/Arrays$ArrayList
instanceKlass java/util/Collections$EmptyList
instanceKlass java/util/ArrayList
ciInstanceKlass java/util/AbstractList 1 1 218 10 7 12 1 1 1 9 7 12 1 1 1 10 12 1 1 10 12 1 1 100 1 10 10 12 1 1 11 7 12 1 1 1 11 12 1 1 11 12 1 10 7 12 1 1 1 10 12 1 11 12 1 11 12 1 11 12 1 10 12 1 1 10 12 1 1 11 100 12 1 1 1 11 7 1 11 7 1 10 12 1 7 1 10 12 1 10 12 1 1 100 1 100 1 10 12 1 100 1 10 100 1 100 1 10 8 1 10 12 1 1 10 12 1 10 12 1 1 10 12 1 8 1 100 1 8 1 8 1 8 1 10 7 1 11 10 10 12 1 11 12 1 10 12 1 1 8 1 8 1 1 1 1 1 1 1 1 1 1 1 1 1 1 1 1 1 1 1 1 1 1 1 1 1 1 1 1 1 1 1 1 1 1 1 1 1 1 1 1 1 1 1 1 1 1 1 1 1 1 1 1 1 1 1 1 1 1 100 1 100 1 1 1 1 1 1 1
ciMethod java/util/AbstractList <init> ()V 512 0 13938 0 80
ciMethod java/util/ArrayList isEmpty ()Z 512 0 5628 0 88
ciMethod java/util/ArrayList add (Ljava/lang/Object;)Z 728 0 14795 0 282
ciMethod java/util/ArrayList iterator ()Ljava/util/Iterator; 772 0 5507 0 200
ciMethod java/util/ArrayList <init> ()V 404 0 6144 0 105
ciMethod java/util/ArrayList add (Ljava/lang/Object;[Ljava/lang/Object;I)V 728 0 14795 0 -1
instanceKlass java/util/LinkedHashSet
ciInstanceKlass java/util/HashSet 1 1 303 10 7 12 1 1 1 7 1 10 9 7 12 1 1 1 11 7 12 1 1 1 10 7 12 1 1 1 10 12 1 1 10 12 1 1 10 12 1 10 12 1 7 1 10 10 12 1 1 11 7 12 1 1 1 10 10 12 1 1 10 12 1 1 9 12 1 1 10 12 1 1 10 12 1 1 10 12 1 10 7 12 1 1 1 10 100 1 100 1 10 12 1 10 100 12 1 1 10 12 1 10 12 1 10 12 1 1 10 12 1 1 11 100 12 1 1 11 12 1 10 12 1 1 10 100 12 1 1 1 10 12 1 100 1 100 1 10 8 1 10 12 1 1 10 12 1 10 12 1 1 10 12 1 10 12 1 10 100 12 1 1 1 8 1 10 12 1 4 4 10 12 1 1 8 1 10 12 1 1 4 10 100 12 1 1 1 100 1 10 12 1 1 11 100 12 1 1 1 100 1 10 12 1 7 1 10 12 1 10 12 1 1 10 12 1 100 1 8 1 10 10 12 1 10 10 100 1 100 1 1 1 1 5 0 1 1 1 1 1 1 1 1 1 1 1 1 1 1 1 1 1 1 1 1 1 1 1 1 1 1 1 1 1 1 1 1 1 1 100 1 1 1 1 100 1 1 1 1 1 1 1 1 1 1 1 1 1 1 1 1 1 1 1 100 1 1 100 1 100 1 1 1
staticfield java/util/HashSet PRESENT Ljava/lang/Object; java/lang/Object
ciInstanceKlass java/lang/annotation/Annotation 1 0 17 100 1 100 1 1 1 1 1 1 1 1 1 1 1 1 1
ciMethod java/util/Map computeIfAbsent (Ljava/lang/Object;Ljava/util/function/Function;)Ljava/lang/Object; 1024 0 1167 0 -1
ciInstanceKlass java/util/IdentityHashMap 1 1 403 9 7 12 1 1 1 10 7 12 1 1 1 10 12 1 1 100 1 100 1 10 8 1 10 12 1 1 10 12 1 10 12 1 1 10 12 1 10 12 1 1 3 3 10 7 12 1 1 7 1 9 12 1 1 11 100 12 1 1 1 6 0 10 12 10 12 1 1 9 12 1 10 7 12 1 1 1 10 12 1 1 10 12 1 1 10 12 1 1 10 12 1 1 9 12 1 3 3 100 1 8 1 10 11 12 1 1 11 100 12 1 1 1 11 100 12 1 1 1 11 12 1 1 100 1 11 12 1 11 12 1 10 12 1 1 10 12 1 10 10 12 1 1 10 11 12 1 1 10 12 1 10 12 1 9 12 1 10 100 100 1 100 1 10 12 1 9 12 1 7 1 10 12 1 9 12 1 1 7 1 10 7 1 10 10 100 12 1 1 10 12 1 10 12 1 1 10 100 12 1 1 1 10 12 1 100 1 8 1 10 10 100 12 1 1 1 11 100 12 1 1 1 10 12 1 10 12 1 1 10 10 100 12 1 1 11 100 12 1 1 100 1 10 11 100 12 1 1 10 12 1 10 100 1 100 1 1 1 3 1 3 1 1 1 1 1 5 0 1 1 1 1 1 1 1 1 1 1 1 1 1 1 1 1 1 1 1 1 1 1 1 1 1 1 1 1 1 1 1 1 1 1 1 1 1 1 1 1 1 1 1 1 1 1 1 1 1 1 1 1 1 1 1 1 1 1 1 1 100 1 1 1 1 1 1 1 100 1 1 1 1 100 1 1 1 1 1 1 1 1 1 1 1 1 1 1 1 1 1 1 1 1 1 1 1 1 1 1 100 1 100 1 100 1 100 1 100 1 100 1 100 1 100 1 100 1 1 1 1 1 1 100 1 1 1 1 1 1 1 1 1 1
staticfield java/util/IdentityHashMap NULL_KEY Ljava/lang/Object; java/lang/Object
ciMethod java/util/IdentityHashMap get (Ljava/lang/Object;)Ljava/lang/Object; 226 202 8528 0 432
ciMethod java/util/IdentityHashMap <init> (I)V 100 0 80 0 -1
ciMethod java/util/IdentityHashMap hash (Ljava/lang/Object;I)I 618 0 8630 0 160
ciMethod java/util/IdentityHashMap maskNull (Ljava/lang/Object;)Ljava/lang/Object; 618 0 8630 0 96
ciMethod java/util/IdentityHashMap nextKeyIndex (II)I 408 0 7407 0 0
ciInstanceKlass java/security/SecureClassLoader$CodeSourceKey 1 1 74 10 7 12 1 1 1 9 7 12 1 1 1 10 7 12 1 1 1 10 7 12 1 1 1 10 12 1 1 10 12 1 1 18 12 1 1 1 1 1 1 1 1 1 1 1 1 1 1 1 1 1 1 1 7 1 1 1 8 15 15 10 100 12 1 1 1 1 1 100 1 100 1 1
ciInstanceKlass java/security/SecureClassLoader$1 1 1 66 10 7 12 1 1 1 9 7 12 1 1 1 10 7 12 1 1 1 9 7 12 1 1 1 10 7 12 1 1 1 7 1 10 12 1 10 12 1 1 100 1 1 1 1 1 1 1 1 1 1 1 1 1 1 1 1 1 1 1 12 1 1 1 1 1
ciInstanceKlass java/util/concurrent/ConcurrentHashMap$KeySetView 1 1 189 10 7 12 1 1 1 9 7 12 1 1 1 9 12 1 1 10 7 12 1 1 1 10 12 1 1 9 12 1 1 7 1 10 12 1 100 1 10 12 1 10 12 1 1 11 100 12 1 1 1 11 100 12 1 1 1 11 12 1 1 10 10 100 12 1 1 1 100 1 10 12 1 1 11 10 12 1 1 7 1 10 12 1 100 1 10 100 1 10 12 1 10 12 1 1 9 100 12 1 1 11 100 12 1 1 1 10 12 1 10 12 1 1 100 1 1 1 1 5 0 1 1 1 1 1 1 1 1 1 1 1 1 1 1 1 1 1 1 1 1 1 1 100 1 1 1 1 1 1 1 1 1 1 1 1 1 1 1 1 1 1 1 1 1 1 1 1 1 1 1 1 1 1 1 1 1 1 1 1 1 1 1 1 1 1 1 1 1
instanceKlass java/util/concurrent/ConcurrentHashMap$EntrySetView
instanceKlass java/util/concurrent/ConcurrentHashMap$ValuesView
instanceKlass java/util/concurrent/ConcurrentHashMap$KeySetView
ciInstanceKlass java/util/concurrent/ConcurrentHashMap$CollectionView 1 1 203 7 1 10 7 12 1 1 1 9 7 12 1 1 1 10 12 1 10 12 1 1 10 12 1 1 10 12 1 1 5 0 100 1 8 1 10 12 1 10 12 1 1 11 7 12 1 1 11 12 1 1 3 3 10 100 12 1 1 1 10 12 1 1 10 100 12 1 1 10 100 12 1 1 1 100 1 100 1 10 10 12 1 1 8 1 10 12 1 10 12 1 1 11 100 1 10 12 1 1 100 1 10 9 12 1 1 100 1 11 11 11 12 1 10 12 100 1 1 1 1 5 0 1 1 1 1 1 1 1 1 1 1 1 1 1 1 1 1 1 1 1 1 1 1 1 1 1 1 1 1 1 1 1 1 1 1 1 1 1 1 1 1 1 1 1 1 1 1 1 1 1 1 100 1 1 1 1 1 1 100 1 100 1 100 1 1 1 100 1 1 1 1 1 1 100 1 8 10 1 1 8 1
ciMethod java/util/concurrent/ConcurrentHashMap$KeySetView contains (Ljava/lang/Object;)Z 512 0 10074 0 712
ciInstanceKlass java/util/function/Supplier 1 0 14 100 1 100 1 1 1 1 1 1 1 1 1 1
instanceKlass java/util/concurrent/ConcurrentHashMap$ForwardingNode
instanceKlass java/util/concurrent/ConcurrentHashMap$ReservationNode
ciInstanceKlass java/util/concurrent/ConcurrentHashMap$Node 1 1 97 10 7 12 1 1 1 9 7 12 1 1 1 9 12 1 1 9 12 1 10 12 1 9 12 1 1 10 12 1 1 10 100 12 1 1 1 100 1 10 100 1 11 12 1 1 11 12 1 10 12 1 1 1 1 1 1 1 1 1 1 1 1 1 1 1 1 1 1 1 1 1 1 1 1 1 1 1 1 1 1 1 1 1 1 1 1 1 1 1 100 1 1 1 100 1 1
ciMethod java/util/concurrent/ConcurrentHashMap$Node find (ILjava/lang/Object;)Ljava/util/concurrent/ConcurrentHashMap$Node; 0 0 1 0 -1
ciMethod java/util/concurrent/ConcurrentHashMap$Node <init> (ILjava/lang/Object;Ljava/lang/Object;)V 778 0 20926 0 -1
ciInstanceKlass java/util/concurrent/ConcurrentHashMap$ReservationNode 1 1 34 100 1 10 7 12 1 1 1 100 1 1 1 1 1 1 1 1 1 1 1 1 1 1 1 1 1 1 1 1 1 1 1 1
ciMethod java/util/concurrent/ConcurrentHashMap$ReservationNode <init> ()V 188 0 215 0 -1
ciInstanceKlass java/util/concurrent/ConcurrentHashMap$ForwardingNode 1 1 71 100 1 10 7 12 1 1 1 9 7 12 1 1 1 10 12 1 1 9 12 1 1 9 12 1 1 10 100 12 1 1 1 10 12 1 1 9 12 1 1 1 1 1 1 1 1 1 1 1 1 1 1 1 1 1 1 1 1 1 1 1 100 1 1 1 1 1 1 1 1
ciInstanceKlass java/util/ArrayList$Itr 1 1 104 10 7 12 1 1 1 9 7 12 1 1 1 10 7 12 1 1 1 9 12 1 1 9 7 12 1 1 9 12 1 9 12 1 9 12 1 10 12 1 100 1 10 9 12 1 1 100 1 10 100 1 10 10 12 1 1 100 1 10 12 1 1 11 7 12 1 1 1 100 1 1 1 1 1 1 1 1 1 1 1 1 1 1 1 1 100 1 1 1 1 1 1 1 1 1 1 1 1 1 1 1 1 1
ciMethod java/util/ArrayList$Itr hasNext ()Z 772 0 5510 0 112
ciMethod java/util/ArrayList$Itr next ()Ljava/lang/Object; 512 0 5415 0 264
ciMethod java/util/ArrayList$Itr <init> (Ljava/util/ArrayList;)V 772 0 5508 0 0
ciMethod java/util/ArrayList$Itr checkForComodification ()V 510 0 5421 0 0
ciInstanceKlass java/util/ListIterator 1 0 27 100 1 100 1 100 1 1 1 1 1 1 1 1 1 1 1 1 1 1 1 1 1 1 1 1 1
instanceKlass org/springframework/beans/factory/support/AbstractBeanFactory$BeanPostProcessorCacheAwareList
instanceKlass ch/qos/logback/classic/spi/TurboFilterList
ciInstanceKlass java/util/concurrent/CopyOnWriteArrayList 1 1 529 9 7 12 1 1 1 10 7 12 1 1 1 9 12 1 1 9 12 1 10 12 1 1 11 7 12 1 1 1 10 12 1 1 11 12 1 1 11 12 1 11 100 1 7 10 7 12 1 1 1 10 12 1 1 10 12 1 1 10 12 1 1 10 12 1 1 10 12 1 10 12 1 1 10 12 1 10 100 12 1 1 100 1 100 1 10 10 10 10 7 12 1 1 1 100 1 10 8 1 10 12 1 1 10 12 1 8 1 10 12 1 1 10 12 1 1 100 1 10 10 12 1 100 1 10 12 1 1 10 12 1 10 12 1 1 10 12 1 1 10 12 1 10 100 12 1 1 1 10 7 12 1 1 10 10 12 1 1 11 12 1 1 11 100 12 1 1 11 12 1 10 12 1 1 18 12 1 1 10 12 1 1 18 11 11 11 11 11 100 12 1 1 1 10 12 1 11 7 12 1 10 12 1 1 10 12 1 1 100 1 10 10 12 1 1 10 12 1 1 11 100 12 1 1 10 12 1 1 10 12 1 1 10 100 12 1 1 10 12 1 1 10 12 1 10 100 12 1 1 10 12 1 10 100 12 1 1 1 11 100 12 1 1 1 10 12 1 10 12 1 100 1 11 10 12 1 10 12 1 1 7 1 10 12 1 100 1 10 7 12 1 1 1 100 1 10 12 1 100 1 10 12 1 10 100 12 1 1 1 8 10 12 1 1 10 12 1 1 10 12 1 1 11 12 1 100 1 100 1 100 1 1 1 1 5 0 1 1 1 1 1 1 1 1 1 1 1 1 1 1 1 1 1 1 1 1 1 1 1 1 1 1 1 1 1 1 1 1 1 1 1 1 1 1 1 1 1 1 1 1 1 100 1 1 1 1 1 1 1 1 1 1 1 1 1 1 1 1 1 1 1 1 1 1 1 1 1 1 1 1 1 1 1 1 1 1 1 1 1 1 1 1 1 1 1 1 1 1 1 1 1 1 1 1 1 1 1 1 1 1 100 1 1 1 1 1 1 1 1 1 1 1 100 1 1 1 1 1 1 1 100 1 1 1 100 1 1 1 1 1 1 1 1 1 1 1 1 1 1 1 1 1 1 1 1 1 1 1 1 1 1 1 1 1 1 100 1 100 1 100 1 1 16 15 10 12 15 10 12 15 10 7 12 1 1 1 1 1 1 1 1 1 1 100 1 100 1 1
staticfield java/util/concurrent/CopyOnWriteArrayList EMPTY_ELEMENTDATA [Ljava/lang/Object; 0 [Ljava/lang/Object;
ciMethod java/util/concurrent/CopyOnWriteArrayList iterator ()Ljava/util/Iterator; 768 0 1127 0 0
ciMethod java/util/concurrent/CopyOnWriteArrayList getArray ()[Ljava/lang/Object; 270 0 135 0 0
ciInstanceKlass java/util/concurrent/CopyOnWriteArrayList$COWIterator 1 1 90 10 7 12 1 1 1 9 7 12 1 1 1 9 12 1 1 10 12 1 1 100 1 10 10 12 1 100 1 10 10 100 12 1 1 1 10 100 12 1 1 1 11 100 12 1 1 1 100 1 1 1 1 1 1 1 1 1 1 1 1 1 1 1 1 1 1 1 1 1 1 1 1 1 1 1 1 1 1 1 1 1 1 1 1 1 1 1 1 1
ciMethod java/util/concurrent/CopyOnWriteArrayList$COWIterator <init> ([Ljava/lang/Object;I)V 772 0 1127 0 0
ciMethod java/util/concurrent/CopyOnWriteArrayList$COWIterator hasNext ()Z 514 0 7900 0 112
ciMethod java/util/concurrent/CopyOnWriteArrayList$COWIterator next ()Ljava/lang/Object; 800 0 3897 0 0
ciInstanceKlass jdk/internal/util/StrongReferenceKey 1 1 82 10 7 12 1 1 1 9 7 12 1 1 1 7 1 11 12 1 1 10 10 7 12 1 1 1 10 12 1 1 100 1 10 10 12 1 1 10 100 12 1 1 1 10 12 1 1 8 1 10 100 12 1 1 1 10 12 1 10 12 1 1 1 1 1 1 1 1 1 1 1 1 1 1 1 1 1 1 1 1 1 1
ciInstanceKlass java/lang/invoke/BoundMethodHandle$Species_L 1 1 126 10 7 12 1 1 1 9 7 12 1 1 1 9 12 1 1 10 12 1 9 7 12 1 1 1 10 7 12 1 1 1 10 12 1 1 10 7 12 1 1 1 100 1 10 100 12 1 1 1 9 12 1 10 12 1 9 12 1 10 12 1 9 12 1 10 12 1 9 12 1 10 12 1 10 12 1 1 10 12 1 1 1 1 1 1 1 1 1 1 1 1 1 1 1 1 1 1 1 1 1 1 1 1 1 1 1 1 1 1 1 1 1 1 1 1 1 1 1 1 1 1 1 100 1 1
ciInstanceKlass java/lang/invoke/ClassSpecializer$1 1 1 29 10 7 12 1 1 1 100 1 100 1 1 1 1 1 1 1 1 1 1 1 1 1 1 1 100 1 1 1
ciMethod java/util/concurrent/ConcurrentMap computeIfAbsent (Ljava/lang/Object;Ljava/util/function/Function;)Ljava/lang/Object; 512 0 10166 0 -1
ciMethod java/util/Objects requireNonNull (Ljava/lang/Object;)Ljava/lang/Object; 556 0 181158 0 -1
ciMethod java/util/Set add (Ljava/lang/Object;)Z 0 0 1 0 -1
ciMethod java/lang/reflect/Modifier isStatic (I)Z 542 0 6629 0 -1
ciMethod java/util/concurrent/locks/Lock tryLock ()Z 0 0 1 0 -1
ciMethod java/util/concurrent/locks/Lock unlock ()V 0 0 1 0 -1
ciMethod java/util/concurrent/ConcurrentHashMap setTabAt ([Ljava/util/concurrent/ConcurrentHashMap$Node;ILjava/util/concurrent/ConcurrentHashMap$Node;)V 526 0 7087 0 -1
ciMethod java/util/concurrent/ConcurrentHashMap addCount (JI)V 512 8 18466 0 -1
ciMethod java/util/concurrent/ConcurrentHashMap treeifyBin ([Ljava/util/concurrent/ConcurrentHashMap$Node;I)V 0 0 1 0 -1
ciMethod java/util/concurrent/ConcurrentHashMap helpTransfer ([Ljava/util/concurrent/ConcurrentHashMap$Node;Ljava/util/concurrent/ConcurrentHashMap$Node;)[Ljava/util/concurrent/ConcurrentHashMap$Node; 0 0 8 0 -1
ciMethod java/util/concurrent/ConcurrentHashMap casTabAt ([Ljava/util/concurrent/ConcurrentHashMap$Node;ILjava/util/concurrent/ConcurrentHashMap$Node;Ljava/util/concurrent/ConcurrentHashMap$Node;)Z 824 0 1437 0 -1
ciMethod java/util/concurrent/ConcurrentHashMap initTable ()[Ljava/util/concurrent/ConcurrentHashMap$Node; 64 0 269 0 -1
ciMethod java/util/concurrent/ConcurrentHashMap tabAt ([Ljava/util/concurrent/ConcurrentHashMap$Node;I)Ljava/util/concurrent/ConcurrentHashMap$Node; 518 0 5412 0 96
ciMethod java/util/concurrent/ConcurrentHashMap spread (I)I 518 0 49618 0 88
ciMethod java/util/function/Function apply (Ljava/lang/Object;)Ljava/lang/Object; 0 0 1 0 -1
ciMethod jdk/internal/misc/Unsafe getReferenceAcquire (Ljava/lang/Object;J)Ljava/lang/Object; 520 0 5412 0 -1
ciMethod jdk/internal/util/ArraysSupport hashCodeOfUnsigned ([BIII)I 66 0 6207 0 0
ciMethod jdk/internal/util/ArraysSupport mismatch ([BI[BII)I 576 100 5437 0 688
ciMethod jdk/internal/util/ArraysSupport vectorizedMismatch (Ljava/lang/Object;JLjava/lang/Object;JII)I 84 306 42 0 -1
ciMethod jdk/internal/util/ArraysSupport vectorizedHashCode (Ljava/lang/Object;IIII)I 516 0 5508 0 -1
ciMethod java/util/Iterator next ()Ljava/lang/Object; 0 0 1 0 -1
ciMethod java/util/Iterator hasNext ()Z 0 0 1 0 -1
ciMethod java/util/Set contains (Ljava/lang/Object;)Z 0 0 1 0 -1
ciMethod java/lang/String startsWith (Ljava/lang/String;I)Z 710 0 15928 0 816
ciMethod java/lang/String startsWith (Ljava/lang/String;)Z 514 0 135207 0 720
ciMethod java/lang/String isLatin1 ()Z 1024 0 942533 0 88
ciMethod java/lang/String coder ()B 1024 0 764429 0 80
ciMethod java/util/Map remove (Ljava/lang/Object;)Ljava/lang/Object; 0 0 1 0 -1
ciMethod java/util/Map get (Ljava/lang/Object;)Ljava/lang/Object; 0 0 1 0 -1
ciMethod java/util/Map put (Ljava/lang/Object;Ljava/lang/Object;)Ljava/lang/Object; 0 0 1 0 -1
ciMethod java/util/Map containsKey (Ljava/lang/Object;)Z 0 0 1 0 -1
ciMethod java/lang/Object getClass ()Ljava/lang/Class; 256 0 128 0 -1
ciMethod java/lang/Object <init> ()V 1024 0 622461 0 80
instanceKlass org/springframework/context/annotation/ConflictingBeanDefinitionException
instanceKlass org/springframework/beans/factory/support/ImplicitlyAppearedSingletonException
instanceKlass org/springframework/core/env/MissingRequiredPropertiesException
ciInstanceKlass java/lang/IllegalStateException 1 1 35 10 7 12 1 1 1 10 12 1 10 12 1 10 12 1 100 1 1 1 1 5 0 1 1 1 1 1 1 1 1 1 1 1 1
ciInstanceKlass java/util/NoSuchElementException 0 0 34 10 100 12 1 1 1 10 12 1 10 12 1 10 12 1 100 1 1 1 1 5 0 1 1 1 1 1 1 1 1 1 1 1
instanceKlass sun/reflect/generics/repository/ConstructorRepository
instanceKlass sun/reflect/generics/repository/ClassRepository
ciInstanceKlass sun/reflect/generics/repository/GenericDeclRepository 1 1 83 10 7 12 1 1 1 9 7 12 1 1 1 10 12 1 1 10 7 12 1 1 10 12 1 1 7 1 11 12 1 1 9 12 1 7 1 10 12 1 1 10 7 12 1 1 1 10 7 12 1 1 1 1 1 1 1 1 1 1 1 1 1 1 1 1 1 1 1 1 1 1 1 1 1 1 1 100 1 1 1 1 1
staticfield sun/reflect/generics/repository/GenericDeclRepository EMPTY_TYPE_VARS [Ljava/lang/reflect/TypeVariable; 0 [Ljava/lang/reflect/TypeVariable;
ciInstanceKlass sun/reflect/generics/repository/ClassRepository 1 1 114 10 7 12 1 1 1 10 7 12 1 1 1 10 12 1 1 7 1 10 9 12 1 1 10 12 1 1 9 12 1 1 10 12 1 1 10 7 12 1 1 10 12 1 1 10 12 1 1 7 1 10 12 1 1 10 7 12 1 1 1 10 7 12 1 1 10 12 1 1 7 1 11 7 1 10 12 1 8 1 10 12 1 9 12 1 1 1 1 1 1 1 1 1 1 1 1 1 1 1 1 1 1 1 1 100 1 1 1 1 1 1 1 1
staticfield sun/reflect/generics/repository/ClassRepository NONE Lsun/reflect/generics/repository/ClassRepository; sun/reflect/generics/repository/ClassRepository
ciInstanceKlass java/lang/reflect/TypeVariable 1 0 39 100 1 100 1 100 1 100 1 1 1 1 1 1 1 1 1 1 1 1 1 1 1 100 1 8 1 1 12 10 1 1 1 8 1 1 1 8 1
ciInstanceKlass sun/reflect/generics/reflectiveObjects/TypeVariableImpl 1 1 265 10 7 12 1 1 1 9 7 12 1 1 1 9 12 1 1 9 12 1 1 7 1 100 1 100 1 100 1 100 1 10 12 1 8 1 10 12 1 1 11 7 12 1 1 1 10 12 1 1 10 10 12 1 10 12 1 7 1 10 12 1 1 10 7 12 1 1 7 1 9 12 1 1 10 12 1 100 1 10 100 1 11 12 1 1 10 100 12 1 1 1 11 11 12 1 1 10 7 1 10 12 1 1 10 12 1 1 10 12 1 1 11 100 12 1 1 100 1 10 12 1 1 10 100 12 1 1 1 10 12 1 1 10 12 1 8 1 10 10 100 12 1 1 1 10 12 1 1 10 12 1 1 11 12 1 1 10 12 1 100 1 10 11 12 1 10 100 12 1 1 1 10 12 1 1 9 100 12 1 1 1 11 12 1 1 100 1 8 1 10 12 1 8 1 10 12 1 10 12 1 1 1 1 1 1 1 1 1 1 1 1 1 1 1 1 1 1 1 1 1 1 1 1 1 1 1 1 1 1 1 1 1 1 1 1 1 1 1 1 1 1 1 1 1 1 1 100 1 1 1 1 1 1 1 1 1 1 1 100 1 1 1 1 1
staticfield sun/reflect/generics/reflectiveObjects/TypeVariableImpl $assertionsDisabled Z 1
ciInstanceKlass java/lang/reflect/ParameterizedType 1 1 14 100 1 100 1 100 1 1 1 1 1 1 1 1
ciInstanceKlass java/lang/reflect/WildcardType 1 1 12 100 1 100 1 100 1 1 1 1 1 1
ciInstanceKlass sun/reflect/generics/reflectiveObjects/ParameterizedTypeImpl 1 1 177 10 7 12 1 1 1 9 7 12 1 1 1 9 12 1 1 10 7 12 1 1 1 9 12 1 1 10 12 1 10 12 1 1 100 1 8 1 10 12 1 1 10 100 12 1 1 1 10 100 12 1 1 1 10 12 1 10 12 1 10 7 12 1 1 7 1 11 12 1 1 10 7 12 1 1 1 11 12 1 11 12 1 1 10 7 12 1 1 10 12 1 1 10 12 1 100 1 10 11 100 12 1 1 10 12 1 1 8 1 10 12 1 8 1 10 12 1 1 10 12 1 100 1 8 1 8 1 8 1 10 12 1 10 12 1 1 10 12 1 10 10 12 1 1 1 1 1 1 1 1 1 1 1 1 1 1 1 100 1 1 1 1 1 1 1 1 1 1 1 1 1 1 1 1 1 1
ciInstanceKlass java/util/ConcurrentModificationException 0 0 34 10 100 12 1 1 1 10 12 1 10 12 1 10 12 1 100 1 1 1 1 5 0 1 1 1 1 1 1 1 1 1 1 1
ciInstanceKlass  @bci org/springframework/boot/loader/zip/ZipContent getInfo (Ljava/lang/Class;Ljava/util/function/Function;)Ljava/lang/Object; 51 <appendix> member <vmtarget> ; 1 1 36 1 7 1 1 1 1 1 1 1 1 1 7 1 12 10 12 9 12 9 12 9 1 1 1 7 1 7 1 1 12 10 1 100 1 1
ciInstanceKlass  @bci org/springframework/boot/loader/net/protocol/jar/JarFileUrlKey get (Ljava/net/URL;)Ljava/lang/String; 45 <appendix> argL0 ; 1 1 23 1 7 1 1 1 7 12 10 1 1 1 7 1 7 1 1 12 10 1 100 1 1
ciInstanceKlass org/springframework/beans/factory/BeanFactory 1 0 55 100 1 100 1 1 1 1 8 1 1 1 1 100 1 1 1 1 1 1 1 1 1 1 1 1 1 1 1 1 1 1 1 1 1 100 1 1 1 1 1 1 1 1 1 1 1 1 1 1 1 1 1 1 1
ciInstanceKlass org/springframework/beans/factory/ListableBeanFactory 1 0 61 100 1 100 1 100 1 1 1 1 1 1 1 1 1 1 1 1 1 1 1 1 1 1 1 1 1 1 1 1 1 1 1 1 1 1 1 100 1 1 1 1 1 1 1 1 1 1 1 100 1 1 1 1 1 1 1 1 1 1 1
ciInstanceKlass org/springframework/beans/factory/HierarchicalBeanFactory 1 0 17 100 1 100 1 100 1 1 1 1 1 1 1 1 1 1 1
ciInstanceKlass org/springframework/beans/factory/config/SingletonBeanRegistry 1 0 33 100 1 100 1 1 1 1 1 1 1 1 1 1 1 1 1 1 1 1 1 1 1 1 1 1 1 1 1 1 1 1 1
ciInstanceKlass org/springframework/beans/factory/config/ConfigurableBeanFactory 1 0 132 100 1 100 1 100 1 100 1 1 1 1 8 1 1 8 1 1 1 1 100 1 1 1 1 1 1 1 1 1 1 1 1 1 1 1 1 1 1 1 1 1 1 1 1 1 1 1 1 1 1 1 1 1 1 1 1 1 1 1 1 1 1 1 1 1 1 1 1 1 1 1 1 1 1 1 1 1 1 1 1 1 1 1 1 1 1 1 1 1 1 1 1 1 1 1 1 1 1 1 1 1 100 1 1 1 1 1 1 100 1 1 1 1 1 1 1 1 1 1 1 1 1 1 1 1 1 1 1 1 1 1
ciInstanceKlass org/apache/commons/logging/Log 1 0 25 100 1 100 1 1 1 1 1 1 1 1 1 1 1 1 1 1 1 1 1 1 1 1 1
ciInstanceKlass org/springframework/util/Assert 1 1 265 10 100 12 1 1 1 100 1 10 12 1 10 7 12 1 1 1 100 1 10 10 7 12 1 1 1 10 12 1 10 100 12 1 1 1 10 7 12 1 1 1 10 7 12 1 1 11 100 12 1 1 1 11 100 12 1 1 1 11 12 1 1 10 12 1 8 1 10 12 1 1 10 7 12 1 1 1 10 12 1 1 8 1 10 12 1 8 1 10 12 1 1 10 12 1 1 10 12 1 10 12 1 1 10 12 1 1 8 1 10 12 1 18 12 1 1 10 12 1 1 18 12 1 18 12 1 8 1 10 12 1 8 1 8 1 8 1 8 1 8 1 18 12 1 11 100 12 1 1 1 1 1 1 1 1 1 1 1 1 1 1 1 1 1 1 1 1 1 1 1 1 1 1 1 1 1 1 1 1 1 1 1 1 1 1 1 1 1 1 1 1 1 1 1 1 1 1 1 1 1 1 100 1 1 1 1 1 1 1 1 1 1 1 1 1 1 1 1 1 1 1 1 1 1 1 1 1 1 1 1 1 1 1 1 1 1 1 1 1 1 1 1 1 1 15 10 100 12 1 1 8 1 8 1 8 1 8 1 1 100 1 100 1 1
ciInstanceKlass org/springframework/util/ClassUtils 1 1 1014 7 1 10 7 12 1 1 1 9 7 12 1 1 1 10 7 12 1 1 1 11 7 12 1 1 1 10 7 12 1 1 1 10 12 1 1 7 1 10 12 1 10 100 12 1 1 10 12 1 1 10 12 1 1 8 1 10 7 12 1 1 1 10 12 1 1 11 12 1 1 8 1 10 7 12 1 1 1 10 12 1 1 10 12 1 1 10 12 1 1 10 12 1 1 8 1 10 12 1 8 1 8 1 10 12 1 10 12 1 10 12 1 7 1 10 12 1 1 10 12 1 10 12 1 1 10 7 12 1 1 1 18 12 1 1 7 1 100 1 10 12 1 18 10 12 1 100 1 100 1 18 12 1 10 18 100 1 10 12 1 1 8 1 10 12 1 10 12 1 9 12 1 9 12 1 11 12 1 10 12 1 1 10 12 1 1 10 12 1 10 12 1 9 7 12 1 1 1 9 12 1 10 12 1 10 12 1 7 1 10 12 1 100 1 7 1 100 1 100 1 100 1 100 1 100 1 100 1 100 1 100 1 100 1 100 1 100 1 100 1 100 1 100 1 8 1 8 1 8 1 10 12 1 10 12 1 1 8 1 10 12 1 1 8 1 8 1 8 1 10 12 1 1 18 18 8 1 10 100 12 1 1 1 10 12 1 1 10 100 12 1 1 1 100 1 8 1 8 1 10 12 1 11 7 12 1 1 1 11 7 12 1 1 11 12 1 1 10 12 1 1 10 12 1 9 12 1 1 11 12 1 1 7 8 1 10 12 1 1 10 12 1 10 12 1 1 10 12 1 1 10 12 1 10 12 1 10 12 1 10 7 12 1 1 1 7 1 10 10 12 1 1 11 7 12 1 10 12 1 8 1 10 12 1 1 10 100 12 1 1 1 9 12 1 1 11 12 1 10 12 1 10 12 1 1 10 12 1 10 12 1 10 12 1 8 1 10 12 1 10 12 1 10 12 1 8 1 10 12 1 1 10 12 1 10 12 1 18 8 1 10 10 12 1 8 1 10 12 1 1 10 12 1 1 10 12 1 10 12 1 10 12 10 100 12 1 1 18 10 12 1 10 12 1 1 8 1 10 7 12 1 1 10 18 10 12 1 1 10 12 1 1 7 1 10 12 1 10 12 1 1 10 12 1 8 1 10 12 1 1 18 12 1 10 12 1 10 12 1 1 11 12 1 11 11 12 18 18 10 12 1 1 10 12 1 1 10 12 1 1 10 12 1 1 10 10 12 1 10 7 12 1 1 10 12 1 1 10 12 1 9 12 1 9 12 1 18 12 1 1 11 12 1 1 10 12 1 1 10 9 12 1 18 12 1 10 12 1 10 12 1 10 10 12 1 1 8 1 10 12 7 1 10 12 1 10 12 1 10 12 1 1 7 1 10 7 1 10 7 1 10 7 1 9 7 1 9 9 7 1 9 7 1 9 7 1 9 7 1 9 7 1 9 11 12 1 1 7 1 11 12 1 11 12 1 10 12 1 1 11 12 1 1 11 12 1 7 1 7 1 7 1 7 1 7 1 7 1 7 1 7 1 10 12 1 7 1 7 1 7 1 7 1 7 1 7 1 7 1 7 1 7 1 7 1 7 1 7 1 7 1 7 1 7 1 7 1 7 1 7 1 7 1 7 1 7 1 7 1 7 1 7 1 7 1 7 1 11 12 1 1 1 1 1 1 1 1 1 1 1 3 1 3 1 3 1 1 8 1 1 1 3 1 3 1 1 1 1 1 1 1 1 1 1 1 1 1 1 1 1 1 1 1 1 1 1 1 1 1 1 1 1 1 1 1 1 1 1 1 1 1 1 1 1 1 1 1 1 1 1 1 1 1 1 1 1 1 1 1 1 1 1 1 1 1 1 1 1 1 1 1 1 1 1 1 1 1 1 1 1 1 1 1 1 1 1 1 1 1 1 1 1 1 1 1 1 1 1 1 1 1 1 1 1 1 1 1 1 1 1 1 1 1 1 1 1 1 1 1 1 1 1 1 1 1 1 1 1 1 1 1 1 1 1 1 1 1 1 1 1 1 1 1 1 1 1 1 1 1 1 1 1 1 1 1 1 1 1 1 1 1 100 1 1 1 1 1 1 1 1 1 1 1 1 1 1 1 1 1 1 1 1 1 1 1 1 1 1 1 1 1 1 1 1 1 1 1 1 1 1 1 15 10 7 12 1 1 8 1 8 1 8 1 8 1 8 1 8 1 8 1 8 1 8 1 8 1 8 1 8 1 15 10 100 12 1 1 1 16 15 10 12 16 15 10 12 1 1 100 1 100 1 1
staticfield org/springframework/util/ClassUtils EMPTY_CLASS_ARRAY [Ljava/lang/Class; 0 [Ljava/lang/Class;
staticfield org/springframework/util/ClassUtils primitiveWrapperTypeMap Ljava/util/Map; java/util/IdentityHashMap
staticfield org/springframework/util/ClassUtils primitiveTypeToWrapperMap Ljava/util/Map; java/util/IdentityHashMap
staticfield org/springframework/util/ClassUtils primitiveTypeNameMap Ljava/util/Map; java/util/HashMap
staticfield org/springframework/util/ClassUtils commonClassCache Ljava/util/Map; java/util/HashMap
staticfield org/springframework/util/ClassUtils javaLanguageInterfaces Ljava/util/Set; java/util/ImmutableCollections$SetN
staticfield org/springframework/util/ClassUtils interfaceMethodCache Ljava/util/Map; org/springframework/util/ConcurrentReferenceHashMap
staticfield org/springframework/util/ClassUtils publicInterfaceMethodCache Ljava/util/Map; org/springframework/util/ConcurrentReferenceHashMap
staticfield org/springframework/util/ClassUtils publiclyAccessibleMethodCache Ljava/util/Map; org/springframework/util/ConcurrentReferenceHashMap
ciInstanceKlass org/springframework/util/StringUtils 1 1 724 10 100 12 1 1 1 8 1 10 7 12 1 1 1 11 7 12 1 1 1 10 11 12 1 1 11 12 1 1 10 7 12 1 1 1 10 12 1 10 7 12 1 1 1 10 12 1 10 12 1 10 12 1 1 7 1 10 12 1 10 12 1 1 10 12 1 1 11 12 1 10 12 1 10 12 1 10 10 10 12 1 1 10 12 1 10 12 1 1 10 12 1 1 10 12 1 10 12 1 10 12 1 10 10 12 1 1 10 12 1 10 12 1 18 12 1 1 10 12 1 10 12 1 1 10 12 1 10 12 1 1 10 12 1 10 12 1 1 10 12 1 10 12 1 1 10 12 1 8 1 10 12 1 18 18 12 1 8 1 8 1 10 12 1 10 12 1 1 7 1 10 8 1 8 1 11 7 12 1 1 1 11 12 1 11 12 1 1 10 12 1 10 12 1 1 10 12 1 8 1 10 100 12 1 1 1 100 1 10 10 12 1 1 100 1 18 10 12 1 10 12 1 10 100 12 1 1 1 8 1 8 1 10 12 1 10 100 12 1 1 1 10 12 1 10 12 1 10 12 1 1 10 10 12 1 10 7 12 1 1 1 5 0 11 100 12 1 1 1 10 100 12 1 1 1 11 12 1 1 10 12 1 18 10 12 1 18 10 100 12 1 1 1 8 1 10 12 1 18 10 7 12 1 1 9 12 1 1 11 7 12 1 1 1 7 10 100 12 1 1 1 10 12 1 1 10 7 12 1 1 10 100 12 1 1 1 10 12 1 1 10 12 1 7 1 10 12 1 1 10 12 1 10 12 1 1 100 1 10 10 12 1 10 12 10 12 1 1 10 12 1 1 7 1 10 7 1 10 10 12 1 10 12 1 11 7 12 1 1 10 12 1 8 1 10 12 1 1 11 11 12 1 1 11 7 12 1 1 11 12 1 10 12 1 1 10 12 1 10 12 1 10 12 1 100 1 10 12 1 10 12 1 10 10 12 1 1 10 12 1 1 18 12 1 1 10 12 1 1 11 12 1 1 18 12 1 18 12 1 1 1 1 1 3 1 1 3 1 1 1 1 3 1 1 3 1 8 1 1 1 1 1 1 1 1 1 1 1 1 1 1 1 1 1 1 1 1 1 1 1 1 1 1 1 1 1 1 1 1 1 1 1 1 1 1 1 1 1 1 1 1 1 1 1 1 1 1 1 1 1 1 1 1 1 1 1 1 1 1 1 1 1 1 100 1 1 1 1 1 1 1 1 1 1 1 1 1 1 1 1 1 1 1 1 1 1 1 1 1 1 1 1 1 1 1 1 1 1 1 1 1 1 1 1 1 1 1 1 1 1 1 1 1 100 1 1 1 1 1 1 1 1 1 1 1 1 1 1 1 1 1 1 1 1 1 1 1 1 1 1 1 1 1 1 1 1 1 1 1 1 1 1 1 1 1 1 1 1 1 1 1 1 1 1 1 1 1 1 1 1 1 1 1 1 1 1 1 1 1 1 1 1 1 1 1 1 1 1 1 1 1 100 1 1 1 1 1 1 1 1 1 15 10 7 12 1 1 8 1 8 1 8 1 8 1 8 1 8 1 8 1 15 10 100 12 1 1 1 16 15 10 12 16 8 1 8 1 1 100 1 100 1 1
staticfield org/springframework/util/StringUtils EMPTY_STRING_ARRAY [Ljava/lang/String; 0 [Ljava/lang/String;
ciInstanceKlass org/springframework/util/CollectionUtils 1 1 351 10 100 12 1 1 1 11 7 12 1 1 1 11 7 1 7 1 10 7 12 1 1 1 4 10 12 1 7 1 10 7 1 10 7 1 10 6 0 10 7 12 1 1 1 10 100 12 1 1 1 10 100 12 1 1 1 10 100 12 1 1 1 10 100 12 1 1 1 11 100 12 1 1 11 12 1 1 100 1 10 12 1 1 10 12 1 1 11 12 1 1 11 100 12 1 1 11 12 1 10 12 1 1 11 12 1 1 10 12 1 1 10 12 1 11 12 1 1 10 100 12 1 1 10 12 1 10 12 1 1 10 12 1 1 100 1 11 12 1 11 100 1 11 7 12 1 1 11 12 1 11 12 1 1 100 1 10 10 12 1 10 12 1 1 11 12 1 10 12 1 100 1 10 12 1 8 1 10 100 12 1 1 1 100 1 10 12 1 100 1 10 12 1 10 12 1 1 1 1 1 1 1 1 1 1 1 1 1 1 1 1 1 1 1 1 1 1 1 1 1 1 1 1 1 1 1 1 1 1 1 1 1 1 1 1 1 1 1 1 1 1 1 1 1 1 1 1 1 1 1 1 1 1 1 1 1 1 1 1 1 1 1 1 1 1 1 1 1 1 1 1 1 1 1 1 1 1 1 1 1 1 1 1 1 1 1 1 1 1 100 1 1 1 1 1 1 1 1 1 1 1 1 1 1 1 1 1 1 1 1 1 1 1 1 1 1 1 1 1 1 1 1 1 1 1 1 1 1 1 1 1 1 1 1 1 1 1 1 1 1 1 1 1 1 1 1 1 1 1 1
ciInstanceKlass org/springframework/util/ObjectUtils 1 1 528 7 1 10 7 12 1 1 1 100 1 100 1 10 12 1 1 10 7 12 1 1 1 10 12 1 1 10 12 1 1 7 1 10 12 1 7 1 11 10 100 12 1 1 1 7 1 11 100 1 11 10 12 1 1 8 1 10 100 12 1 1 1 10 12 1 1 10 12 1 1 10 100 12 1 1 1 10 7 12 1 1 10 12 1 1 100 1 10 12 1 10 12 1 18 12 1 1 10 12 1 10 12 1 1 10 12 1 1 7 1 10 7 12 1 1 1 9 12 1 18 12 1 10 12 1 1 10 10 12 1 10 7 12 1 1 7 1 10 12 1 7 1 10 12 1 7 1 10 12 1 7 1 10 12 1 7 1 10 12 1 7 1 10 12 1 7 1 10 12 1 7 1 10 12 1 10 12 1 10 12 1 1 10 12 1 10 12 1 10 12 1 10 12 1 10 12 1 10 12 1 10 12 1 10 12 1 10 12 1 8 1 10 12 1 18 10 12 1 10 7 12 1 1 1 10 12 1 8 1 10 12 1 10 12 1 10 12 1 10 12 1 10 12 1 10 12 1 10 12 1 10 12 1 10 12 1 10 8 1 100 1 8 1 8 1 8 1 10 12 1 10 12 1 10 12 1 1 10 10 12 1 10 12 10 12 1 18 12 1 10 12 1 10 12 1 10 12 1 8 1 8 1 10 12 1 10 12 1 10 12 1 8 1 8 1 100 1 10 12 1 100 1 10 12 1 100 1 10 12 1 10 100 12 1 1 1 10 100 12 1 1 1 10 12 1 1 1 1 1 1 1 1 1 1 1 1 1 1 1 1 1 1 1 1 1 1 1 1 1 1 1 1 1 1 100 1 1 1 1 1 1 1 1 1 1 1 1 1 1 1 1 1 1 1 1 1 1 1 1 1 1 1 1 1 1 1 1 1 1 1 1 1 1 1 1 1 1 100 1 1 1 1 1 1 1 1 1 1 1 1 1 1 1 1 1 1 1 1 1 1 1 1 1 1 1 1 1 1 1 1 1 1 1 1 1 1 1 1 1 1 1 1 1 1 1 1 1 1 1 1 1 1 1 1 1 1 1 1 1 1 1 1 1 1 1 1 1 1 1 1 1 1 1 1 1 1 1 1 1 1 1 1 1 1 1 1 1 15 10 7 12 1 1 8 1 8 1 8 1 8 1 1 100 1 100 1 1
staticfield org/springframework/util/ObjectUtils EMPTY_OBJECT_ARRAY [Ljava/lang/Object; 0 [Ljava/lang/Object;
ciInstanceKlass org/springframework/core/Ordered 1 0 17 100 1 100 1 100 1 1 1 1 3 1 3 1 1 1 1
ciInstanceKlass org/springframework/core/PriorityOrdered 1 0 9 100 1 100 1 100 1 1 1
ciInstanceKlass org/springframework/beans/factory/Aware 1 0 7 100 1 100 1 1 1
instanceKlass org/springframework/core/ResolvableType$1
ciInstanceKlass org/springframework/core/ResolvableType 1 1 736 10 7 12 1 1 1 9 7 12 1 1 1 9 12 1 1 9 12 1 1 9 12 1 1 10 12 1 1 10 7 12 1 1 1 9 12 1 1 9 12 1 1 10 12 1 1 10 7 12 1 1 1 7 1 11 12 1 1 7 1 11 7 12 1 1 1 10 12 1 1 10 12 1 10 12 1 1 10 7 12 1 1 1 10 12 1 1 10 12 1 8 1 10 7 12 1 1 1 9 12 1 11 7 12 1 1 1 10 10 12 1 1 10 12 1 10 12 1 10 12 1 1 10 7 12 1 1 10 12 1 1 10 12 1 1 10 12 1 10 12 1 10 12 1 7 1 11 7 12 1 1 1 10 12 10 12 1 10 12 1 1 10 12 1 10 12 1 7 1 10 12 1 11 12 1 1 10 12 1 10 7 1 10 12 1 10 12 10 12 1 1 11 12 1 7 1 10 12 1 10 12 1 10 12 1 9 12 1 10 12 1 100 1 9 12 1 1 9 12 1 10 12 1 1 10 12 1 9 12 1 1 10 12 1 10 7 12 1 1 10 12 1 11 7 12 1 1 10 12 1 1 10 12 1 1 10 12 1 7 1 10 11 12 1 7 1 11 12 1 11 12 1 10 12 1 1 10 12 1 10 12 1 10 12 1 1 9 12 1 11 12 1 9 7 12 1 1 10 100 12 1 1 1 10 12 1 1 11 12 10 11 12 1 1 10 7 12 1 1 1 11 12 1 10 12 1 1 11 12 1 11 10 12 1 1 7 1 10 12 1 18 12 1 1 8 1 10 8 1 10 100 12 1 1 1 18 12 1 10 12 1 7 1 10 12 1 8 1 10 12 1 8 1 8 1 10 12 1 1 18 12 1 10 12 1 1 7 1 10 7 1 10 12 1 7 1 10 12 1 7 1 11 12 1 8 1 100 1 10 12 1 10 12 1 10 100 12 1 1 10 12 1 1 10 12 1 8 1 7 1 10 12 1 10 12 1 1 10 12 1 8 1 10 12 1 10 12 1 8 1 10 12 1 10 7 1 10 12 1 10 12 1 9 12 1 1 10 12 1 8 1 10 12 1 10 12 1 10 100 1 10 12 1 1 9 12 1 1 10 7 12 1 1 10 12 1 10 10 12 1 10 10 12 1 9 10 12 1 18 12 1 10 100 1 1 1 1 1 1 1 1 1 1 1 1 1 1 1 1 1 1 1 1 1 1 1 1 1 1 1 1 1 1 1 1 1 1 1 1 1 1 1 1 1 1 1 1 1 1 1 1 1 100 1 1 1 1 1 1 1 1 1 1 1 1 1 100 1 1 1 1 1 1 1 1 1 1 1 1 1 1 1 1 1 1 100 1 1 1 1 1 1 1 100 1 1 1 1 1 1 1 1 1 1 1 1 1 1 1 100 1 1 1 1 1 1 1 1 1 1 1 1 1 1 1 1 1 1 1 1 1 1 1 1 1 1 1 1 1 1 1 1 1 1 1 1 1 1 1 1 1 1 1 1 1 1 1 1 1 1 1 1 1 1 1 1 1 1 1 1 1 1 1 1 1 1 1 1 1 1 1 1 100 1 1 15 10 100 12 1 1 8 1 8 1 15 10 7 12 1 1 1 16 15 10 12 16 8 1 1 1 1 1 1 1 1 1 1 1 1 100 1 100 1 1
staticfield org/springframework/core/ResolvableType NONE Lorg/springframework/core/ResolvableType; org/springframework/core/ResolvableType
staticfield org/springframework/core/ResolvableType EMPTY_TYPES_ARRAY [Lorg/springframework/core/ResolvableType; 0 [Lorg/springframework/core/ResolvableType;
staticfield org/springframework/core/ResolvableType cache Lorg/springframework/util/ConcurrentReferenceHashMap; org/springframework/util/ConcurrentReferenceHashMap
ciInstanceKlass org/springframework/core/SerializableTypeWrapper$TypeProvider 1 1 25 100 1 100 1 100 1 1 1 1 1 1 1 1 1 1 1 1 1 1 1 100 1 1 1
ciInstanceKlass org/springframework/core/ResolvableType$VariableResolver 1 0 24 100 1 100 1 100 1 1 1 1 1 1 1 1 1 1 1 1 1 1 100 1 1 1
ciInstanceKlass org/springframework/core/ResolvableType$1 1 1 58 9 7 12 1 1 1 10 7 12 1 1 1 9 12 1 1 10 7 12 1 1 1 10 12 1 1 1 1 1 1 1 1 1 1 1 1 1 1 1 1 1 1 1 1 1 1 1 100 1 1 1 1 12 1 1 1 1
ciInstanceKlass org/springframework/core/ResolvableType$SyntheticParameterizedType 1 1 119 10 7 12 1 1 1 9 7 12 1 1 1 9 12 1 1 11 100 12 1 1 1 100 1 8 1 8 1 8 1 10 12 1 10 12 1 1 18 12 1 1 7 1 11 12 1 1 11 12 1 10 12 1 1 11 12 1 1 10 7 12 1 1 10 12 1 1 10 12 1 10 100 1 1 1 1 1 1 1 1 1 1 1 1 1 1 100 1 100 1 1 1 1 1 1 1 1 1 1 1 100 1 1 15 10 100 12 1 1 8 1 1 1 100 1 100 1 1
ciInstanceKlass org/springframework/core/ResolvableType$DefaultVariableResolver 1 1 45 10 7 12 1 1 1 9 7 12 1 1 1 10 7 12 1 1 1 100 1 1 1 1 1 1 1 1 1 1 1 1 1 1 1 1 1 1 1 1 1 1 1 1 1
ciInstanceKlass org/springframework/beans/factory/BeanClassLoaderAware 1 0 13 100 1 100 1 100 1 1 1 1 1 1 1
ciInstanceKlass org/springframework/beans/factory/BeanFactoryAware 1 1 16 100 1 100 1 100 1 1 1 1 7 1 1 1 1 1
instanceKlass org/springframework/beans/factory/NoUniqueBeanDefinitionException
instanceKlass org/springframework/boot/web/context/MissingWebServerFactoryBeanException
ciInstanceKlass org/springframework/beans/factory/NoSuchBeanDefinitionException 0 0 100 18 12 1 1 10 100 12 1 1 1 9 100 12 1 1 1 9 12 1 1 18 12 1 10 100 12 1 1 1 10 12 1 10 12 1 18 12 1 18 12 1 10 12 1 1 1 1 1 1 1 1 1 1 1 1 1 1 1 1 1 1 1 1 1 1 1 1 1 1 100 1 1 1 1 1 1 1 1 1 15 10 100 12 1 1 8 1 8 1 8 1 8 1 1 100 1 100 1 1
ciInstanceKlass org/springframework/core/ParameterNameDiscoverer 1 0 17 100 1 100 1 1 1 1 1 1 1 1 1 1 1 1 1
ciInstanceKlass org/springframework/core/$Proxy6 1 1 166 1 7 1 100 1 100 1 1 12 1 7 1 7 1 7 1 1 12 9 1 7 1 1 12 11 1 100 1 12 10 1 1 12 10 1 1 12 10 1 1 12 10 1 1 12 9 1 12 9 1 12 9 1 12 9 1 12 9 1 12 9 1 12 9 1 12 9 1 100 1 100 1 100 1 12 10 1 1 1 7 1 12 10 1 100 1 100 1 1 1 100 1 1 12 10 1 1 100 1 1 1 7 1 1 1 7 1 1 1 1 1 7 1 1 1 1 12 10 8 8 8 1 8 8 8 8 8 1 8 8 1 100 1 100 10 1 100 1 100 10 1 1 1 100 1 100 1 1 12 10 1 12 10 1 100 1 1 12 10 12 10 10 1 1 1
staticfield org/springframework/core/$Proxy6 m0 Ljava/lang/reflect/Method; java/lang/reflect/Method
staticfield org/springframework/core/$Proxy6 m1 Ljava/lang/reflect/Method; java/lang/reflect/Method
staticfield org/springframework/core/$Proxy6 m2 Ljava/lang/reflect/Method; java/lang/reflect/Method
staticfield org/springframework/core/$Proxy6 m3 Ljava/lang/reflect/Method; java/lang/reflect/Method
staticfield org/springframework/core/$Proxy6 m4 Ljava/lang/reflect/Method; java/lang/reflect/Method
staticfield org/springframework/core/$Proxy6 m5 Ljava/lang/reflect/Method; java/lang/reflect/Method
staticfield org/springframework/core/$Proxy6 m6 Ljava/lang/reflect/Method; java/lang/reflect/Method
staticfield org/springframework/core/$Proxy6 m7 Ljava/lang/reflect/Method; java/lang/reflect/Method
ciInstanceKlass org/springframework/core/AliasRegistry 1 0 18 100 1 100 1 1 1 1 1 1 1 1 1 1 1 1 1 1
ciInstanceKlass org/springframework/beans/factory/support/BeanDefinitionRegistry 1 1 56 100 1 100 1 100 1 1 1 1 100 1 1 1 1 1 1 100 1 1 1 1 1 1 1 1 1 1 1 1 1 1 1 1 1 1 1 1 100 1 8 1 12 10 1 1 1 8 1 1 8 1 1 1 8 1
ciInstanceKlass org/springframework/beans/factory/config/AutowireCapableBeanFactory 1 0 75 100 1 100 1 100 1 1 1 1 3 1 3 1 3 1 3 1 3 1 1 1 1 1 8 1 1 1 1 100 1 1 1 1 1 1 1 1 1 1 1 1 1 1 1 1 1 1 1 1 1 1 1 1 1 1 1 1 1 1 1 1 1 1 1 1 1 1 1 1 1 1 1 1 1
ciInstanceKlass org/springframework/beans/factory/config/BeanPostProcessor 1 1 25 100 1 100 1 1 1 1 1 1 1 1 1 1 1 1 1 7 1 1 1 1 1 1 1
ciInstanceKlass org/springframework/beans/factory/config/ConfigurableListableBeanFactory 1 0 48 100 1 100 1 100 1 100 1 100 1 1 1 1 1 1 1 1 1 1 1 1 1 1 1 1 1 1 1 100 1 1 1 1 1 1 1 1 1 1 1 1 1 1 100 1 1 1
ciInstanceKlass org/springframework/core/AttributeAccessor 1 1 97 8 1 10 100 12 1 1 1 8 1 11 100 12 1 1 1 11 100 12 1 1 1 18 12 1 1 10 12 1 1 11 12 1 1 8 1 100 1 10 100 12 1 1 1 1 1 1 1 1 1 1 1 1 1 1 1 1 1 1 1 1 1 1 1 1 1 1 1 1 1 1 1 1 1 1 1 15 10 100 12 1 1 1 16 1 15 11 12 16 1 1 100 1 100 1 1
ciInstanceKlass org/springframework/beans/BeanMetadataElement 1 1 16 100 1 100 1 1 1 1 1 1 1 1 1 1 1 1
ciInstanceKlass org/springframework/beans/factory/config/BeanDefinition 1 1 137 100 1 11 100 12 1 1 1 10 100 12 1 1 1 11 12 1 1 10 100 1 100 1 100 1 100 1 1 1 1 8 1 1 8 1 1 1 3 1 3 1 3 1 1 1 1 1 1 1 1 1 1 1 1 1 1 1 1 1 1 1 1 1 1 1 1 1 1 1 1 1 1 1 1 1 1 1 1 1 1 1 1 1 1 1 1 1 1 1 1 1 1 1 1 1 1 1 1 1 1 1 1 1 1 1 1 1 1 1 1 1 1 1 1 100 1 8 1 12 10 1 1 1 8 1 1 1 8 1 1 8 1 1 8 1 1
instanceKlass org/springframework/beans/factory/support/DefaultSingletonBeanRegistry
ciInstanceKlass org/springframework/core/SimpleAliasRegistry 1 1 257 10 7 12 1 1 1 10 12 1 1 10 7 12 1 1 1 9 7 12 1 1 1 7 1 10 12 1 9 12 1 1 7 1 10 9 12 1 1 8 1 10 7 12 1 1 1 8 1 10 7 12 1 1 1 11 7 12 1 1 1 11 7 12 1 11 7 12 1 1 1 18 12 1 1 11 12 1 1 11 12 1 10 12 1 100 1 18 12 1 10 12 1 18 10 12 1 11 12 1 1 11 12 1 11 12 1 18 12 1 11 12 1 10 7 12 1 1 1 10 12 1 1 18 11 12 1 10 10 12 1 1 10 7 12 1 1 1 18 12 1 1 11 12 1 1 8 1 10 12 1 1 10 12 1 18 12 1 11 12 1 18 12 1 11 7 12 1 1 18 100 1 1 1 1 1 1 1 1 1 1 1 1 1 1 1 100 1 1 1 1 1 1 1 1 1 1 1 1 1 1 1 1 1 1 1 1 1 1 1 1 1 1 15 10 100 12 1 1 8 1 8 1 8 1 8 1 8 1 15 10 7 12 1 1 1 16 1 15 10 12 16 16 15 10 12 16 8 1 8 1 1 100 1 100 1 1
instanceKlass org/springframework/beans/factory/support/FactoryBeanRegistrySupport
ciInstanceKlass org/springframework/beans/factory/support/DefaultSingletonBeanRegistry 1 1 519 10 7 12 1 1 1 7 1 10 9 7 12 1 1 1 7 1 10 12 1 9 12 1 1 9 12 1 9 12 1 9 12 1 7 1 10 10 7 12 1 1 1 9 12 1 1 10 12 1 1 9 12 1 9 12 1 9 12 1 1 7 1 10 9 12 1 9 12 1 9 12 1 9 12 1 8 1 10 7 12 1 1 1 8 1 11 7 12 1 1 10 12 1 1 11 12 1 11 7 12 1 1 1 100 1 18 12 1 1 10 12 1 11 12 1 1 11 7 12 1 1 1 11 12 1 100 1 11 12 1 1 8 1 11 12 1 10 12 1 1 10 12 1 1 11 12 1 1 7 1 11 12 1 1 10 12 1 1 9 7 12 1 1 1 10 12 1 9 12 1 9 12 1 1 11 7 12 1 1 10 100 12 1 1 1 10 12 1 1 18 12 1 11 12 1 100 1 8 1 10 12 1 11 12 1 18 12 1 11 12 1 10 12 1 9 12 1 10 10 12 1 100 1 11 12 1 1 11 100 12 1 1 11 12 1 100 1 10 12 1 1 11 12 1 1 11 12 11 12 1 10 100 12 1 1 1 11 12 1 10 12 1 100 1 10 18 18 12 1 1 11 12 1 1 10 12 1 10 12 1 18 18 10 12 1 1 11 12 1 100 1 10 100 1 11 12 1 18 12 1 11 12 1 11 12 1 1 10 12 1 11 12 1 10 12 1 11 100 1 10 12 1 1 10 12 1 18 12 1 11 12 1 7 1 11 12 1 18 11 12 1 1 11 12 1 100 1 11 12 1 11 12 100 1 10 100 1 1 1 1 3 1 1 1 1 1 1 1 1 1 1 1 1 1 1 1 1 1 1 1 1 1 1 1 1 1 1 1 1 1 1 1 1 1 1 1 1 1 1 1 1 1 1 1 1 1 1 1 1 1 1 1 1 1 1 1 1 1 1 1 1 1 1 1 1 1 1 1 1 1 1 1 1 1 1 1 1 1 1 1 1 1 1 1 1 1 100 1 1 1 1 1 1 1 1 1 1 1 1 1 1 1 1 1 1 1 1 1 1 1 15 10 100 12 1 1 8 1 8 1 8 1 8 1 15 10 7 12 1 1 1 16 15 10 12 16 15 10 12 15 10 12 8 1 8 1 8 1 1 100 1 1 1 100 1 100 1 1
instanceKlass org/springframework/beans/factory/support/AbstractBeanFactory
ciInstanceKlass org/springframework/beans/factory/support/FactoryBeanRegistrySupport 1 1 251 10 7 12 1 1 1 7 1 10 12 1 9 7 12 1 1 1 11 7 12 1 1 1 7 1 9 12 1 1 8 1 11 100 12 1 1 1 8 1 11 7 12 1 1 1 9 7 12 1 1 1 100 1 10 12 1 1 100 1 10 100 12 1 1 10 12 1 1 18 12 1 1 10 12 1 10 12 1 10 12 1 1 11 7 12 1 1 1 11 12 1 1 10 12 1 1 9 12 1 1 11 7 12 1 1 10 12 1 1 10 12 1 11 12 1 10 12 1 10 12 1 1 10 12 1 100 1 8 1 10 12 1 11 12 1 1 8 1 11 12 1 1 100 1 100 1 10 12 1 10 12 1 8 1 8 1 100 1 10 18 12 1 10 10 12 1 11 12 1 10 12 1 11 12 1 1 1 1 1 1 1 1 1 1 1 1 1 1 1 1 1 1 1 1 1 1 1 1 1 1 1 1 1 1 1 1 1 1 1 1 1 1 1 1 1 1 1 1 1 100 1 1 1 1 1 100 1 1 1 1 1 1 1 1 15 10 100 12 1 1 8 1 8 1 1 100 1 100 1 1
instanceKlass org/springframework/beans/factory/support/AbstractAutowireCapableBeanFactory
ciInstanceKlass org/springframework/beans/factory/support/AbstractBeanFactory 1 1 1393 10 7 12 1 1 1 10 7 12 1 1 1 9 7 12 1 1 1 9 12 1 1 7 1 10 12 1 9 12 1 1 7 1 10 9 12 1 1 7 1 10 9 12 1 1 7 1 10 12 1 9 12 1 7 1 10 9 12 1 9 7 12 1 1 1 9 12 1 7 1 10 9 12 1 10 12 1 1 9 12 1 7 1 8 1 10 12 1 9 12 1 1 9 12 1 1 10 12 1 1 10 12 1 1 10 12 1 1 9 12 1 1 11 7 12 1 1 1 10 12 1 1 18 12 1 11 12 1 1 18 10 12 1 1 10 12 1 100 1 10 10 12 1 1 10 12 1 10 12 1 11 100 12 1 1 1 11 12 1 11 12 10 12 1 8 1 11 12 1 1 8 1 11 7 12 1 1 1 8 1 10 7 12 1 1 1 18 12 1 1 11 12 1 10 12 1 1 10 12 1 1 10 7 12 1 1 1 10 12 1 1 100 1 10 12 1 1 18 12 1 10 12 1 10 12 1 1 10 100 1 18 10 12 1 10 12 1 10 7 12 1 1 10 12 1 18 12 1 10 12 1 18 12 1 1 10 12 1 10 12 1 10 12 1 10 12 1 1 10 12 1 10 12 1 10 7 12 1 1 100 1 18 10 11 7 12 1 100 1 18 18 11 12 100 1 10 12 1 11 12 1 10 12 1 10 12 1 100 1 8 1 10 7 12 1 1 1 10 12 1 8 1 10 10 7 12 1 1 1 10 12 1 10 12 1 1 10 12 1 1 10 12 1 1 11 100 12 1 1 1 100 1 10 12 1 100 1 10 12 1 1 18 11 12 1 10 12 1 10 7 12 1 1 10 12 1 11 12 1 10 12 1 7 1 11 11 12 10 12 1 18 11 12 100 1 11 10 12 1 1 7 1 10 12 1 1 10 7 12 1 1 1 10 12 1 9 12 1 1 9 12 1 10 12 1 10 10 12 1 10 12 1 1 10 12 1 10 10 12 1 10 12 1 1 11 12 1 10 12 1 1 10 12 1 10 100 1 10 12 1 1 10 12 1 1 10 12 1 1 10 12 1 10 12 1 1 10 10 12 1 1 11 12 1 7 1 10 8 1 10 12 1 10 12 1 11 7 12 1 1 10 12 1 1 8 1 18 11 10 100 12 1 1 1 11 12 1 1 10 12 1 1 18 12 1 8 1 9 12 1 9 12 1 1 9 12 1 1 8 1 10 7 12 1 1 1 11 7 1 8 1 8 1 11 12 1 1 10 12 1 1 9 12 1 1 10 12 1 7 1 10 10 12 1 1 10 12 1 1 8 1 11 12 1 11 12 1 1 11 7 12 1 1 11 12 1 1 100 1 11 12 1 8 1 11 12 1 11 12 1 11 12 1 1 9 12 1 1 7 1 10 7 1 7 1 9 12 1 7 1 9 12 1 7 1 9 12 1 7 1 9 12 1 10 12 1 1 8 1 8 1 100 1 8 1 8 1 100 1 8 1 10 11 12 1 18 12 1 11 12 1 18 12 1 11 12 1 1 8 1 8 1 11 12 1 10 12 1 1 11 10 12 1 1 11 12 1 1 10 12 1 1 11 10 11 11 12 1 1 11 10 12 1 1 11 12 1 11 12 1 1 11 12 1 11 10 7 12 1 10 11 12 1 10 12 1 10 100 12 1 1 1 10 12 11 11 10 12 1 1 7 1 10 12 1 10 12 1 18 18 11 12 10 10 12 1 11 7 1 7 1 10 12 1 11 7 1 11 10 12 1 1 10 10 12 1 10 12 1 18 12 1 10 12 1 1 11 18 12 1 1 11 12 1 1 9 12 1 10 12 10 12 1 11 7 12 1 1 10 12 1 1 10 12 1 10 18 10 12 100 1 11 18 10 10 12 1 10 12 1 11 11 10 12 1 10 12 1 1 10 12 1 10 7 12 1 1 1 10 12 1 10 12 1 10 9 12 1 9 12 1 1 9 12 1 1 10 12 1 100 1 10 12 1 1 10 12 1 10 12 1 10 12 1 100 1 10 18 12 1 10 12 1 10 12 1 10 12 1 1 10 12 1 100 1 100 1 10 12 1 100 1 10 12 1 100 1 8 1 10 10 12 1 10 12 1 100 1 10 12 1 10 12 1 1 18 12 10 100 12 1 1 18 12 1 10 12 1 1 10 12 1 1 10 7 1 10 12 1 11 7 12 1 1 1 10 12 1 10 7 12 1 1 10 12 1 10 12 1 1 9 12 1 10 10 10 12 1 10 12 8 1 10 100 12 1 1 1 8 1 8 1 10 12 1 100 1 10 12 1 10 12 1 10 12 1 10 12 1 1 10 12 1 10 12 1 10 12 1 10 12 1 1 10 12 1 10 12 1 1 10 12 1 10 12 1 1 11 12 1 1 10 100 12 1 1 1 100 1 11 100 12 1 1 1 10 12 1 1 1 1 1 1 1 1 1 1 1 1 1 1 1 1 1 1 1 1 1 1 1 1 1 1 1 1 1 1 1 1 1 1 1 1 1 1 1 1 1 1 1 1 1 1 1 1 1 1 1 1 1 1 1 100 100 100 1 1 1 1 1 1 1 1 1 1 1 1 1 1 1 1 1 1 1 1 1 1 1 1 1 1 1 1 100 1 1 1 1 1 1 1 1 1 1 1 1 1 1 1 1 1 1 1 1 1 1 1 1 1 1 1 1 1 1 1 1 1 1 1 1 1 1 1 1 1 1 1 1 1 1 1 1 1 1 100 1 1 1 1 1 1 1 1 1 1 1 1 1 1 1 1 1 1 1 1 1 1 1 1 1 1 1 1 1 1 1 1 1 1 1 1 1 1 1 1 1 1 1 1 1 1 1 1 1 1 1 1 1 1 1 1 1 1 1 1 1 1 1 1 1 1 1 1 1 1 1 1 1 1 1 1 1 1 1 1 1 1 1 1 1 1 1 1 1 1 1 1 1 1 15 10 100 12 1 1 8 1 8 1 15 10 7 12 1 1 1 16 15 16 8 1 8 1 8 1 15 10 12 8 1 8 1 15 10 12 8 1 8 1 8 1 8 1 8 1 8 1 8 1 8 1 8 1 16 1 15 10 12 16 8 1 8 1 15 10 12 16 8 1 8 1 1 1 100 1 1 1 100 1 100 1 1
instanceKlass org/springframework/beans/factory/support/DefaultListableBeanFactory
ciInstanceKlass org/springframework/beans/factory/support/AbstractAutowireCapableBeanFactory 1 1 1595 10 7 12 1 1 1 7 1 10 9 7 12 1 1 1 9 12 1 1 9 12 1 7 1 10 9 12 1 1 9 12 1 7 1 8 1 10 12 1 9 12 1 1 7 1 10 9 12 1 1 9 12 1 9 12 1 7 1 10 12 1 1 7 1 7 1 7 1 10 9 12 1 1 10 10 12 1 1 11 7 12 1 1 1 10 12 1 1 11 12 1 1 100 1 10 12 100 1 8 1 10 7 12 1 1 10 12 1 1 10 7 12 1 1 1 9 12 1 10 7 12 1 1 1 10 12 1 1 10 12 1 1 10 10 12 1 1 7 1 10 12 1 10 12 1 1 10 12 1 1 10 12 1 10 12 1 1 10 12 1 1 10 12 1 1 10 12 1 10 12 1 1 10 12 1 10 12 1 1 100 1 10 12 1 1 11 7 12 1 1 1 10 12 1 1 11 7 12 1 1 1 100 1 8 1 10 11 100 12 1 1 1 10 12 1 1 10 12 1 1 11 7 12 1 1 1 11 7 12 1 1 11 12 1 7 1 11 12 1 1 11 12 1 100 1 10 12 1 1 9 7 12 1 1 1 10 12 1 10 12 1 10 7 12 1 1 1 10 100 12 1 1 10 12 1 1 10 12 1 1 9 12 1 1 11 7 12 1 1 18 12 1 1 11 12 1 10 12 1 1 10 12 1 10 12 1 10 12 1 10 12 1 10 12 1 100 1 100 1 10 12 1 8 1 10 12 1 10 12 1 1 7 1 100 1 8 1 10 10 12 1 18 100 1 8 1 10 12 1 11 7 12 1 1 1 10 12 1 1 11 12 1 7 1 9 12 1 1 9 12 1 1 9 12 1 10 12 1 1 8 1 10 12 1 10 12 1 1 18 18 12 1 1 10 12 1 1 10 12 1 10 7 12 1 1 10 12 1 10 12 1 1 10 12 1 10 12 1 1 10 100 12 1 1 1 10 12 1 11 12 1 100 1 10 100 12 1 1 1 18 12 1 10 12 1 10 12 1 1 8 1 10 12 1 1 10 12 1 10 12 1 7 1 9 12 1 7 1 11 12 1 1 10 12 1 1 10 12 1 10 12 1 10 12 1 11 12 1 1 10 7 12 1 1 10 12 1 9 12 1 1 10 7 12 1 1 9 12 1 1 10 12 1 8 1 10 12 1 10 12 1 1 10 12 1 10 12 1 10 12 1 1 10 7 12 1 1 18 12 1 1 11 12 1 1 7 1 10 7 12 1 1 10 7 12 1 1 1 10 12 1 1 10 12 1 10 12 1 1 10 12 1 1 10 12 1 10 12 1 1 11 100 12 1 1 1 10 12 1 1 7 1 10 12 1 1 10 12 1 1 10 100 12 1 1 10 100 12 1 1 1 10 12 1 10 12 1 1 11 12 1 18 12 1 11 12 1 10 12 1 1 10 12 1 1 100 1 18 12 1 11 12 1 10 12 1 1 9 12 1 10 10 12 1 1 10 12 1 1 9 12 1 10 12 1 1 10 12 1 7 1 10 10 10 12 1 10 12 1 1 10 12 1 10 12 1 1 10 12 1 10 12 1 1 10 12 1 7 1 10 9 7 12 1 1 1 10 12 1 1 10 12 1 1 11 12 1 9 12 1 1 11 7 12 1 1 11 12 1 11 12 1 10 12 1 11 12 1 1 10 12 1 100 1 10 12 1 18 12 1 10 12 1 1 10 12 1 1 10 12 1 10 12 1 10 12 1 18 9 12 1 7 1 11 12 1 9 7 12 1 1 1 9 12 1 10 10 12 1 1 10 12 1 10 12 1 9 12 1 7 1 11 12 1 10 10 12 1 10 12 1 18 10 10 12 1 1 10 12 1 9 12 1 9 12 1 1 9 12 1 10 12 1 1 10 12 1 1 10 12 1 1 10 12 10 12 1 10 12 1 1 10 12 100 1 8 1 10 12 1 10 7 1 11 12 1 11 7 1 10 12 1 10 12 1 1 11 12 1 10 12 1 10 10 10 12 1 8 1 10 12 1 8 1 11 12 1 1 10 7 1 10 12 1 10 12 1 1 10 12 1 11 12 1 1 10 12 1 10 12 1 1 10 12 1 1 10 12 1 1 10 12 1 10 12 1 10 12 1 18 12 1 18 10 12 1 1 100 1 10 12 1 11 12 1 1 10 100 12 1 1 10 7 12 1 1 1 100 1 100 1 10 12 1 11 18 11 12 1 10 10 12 1 100 1 10 10 11 12 1 1 10 12 1 1 10 12 1 1 10 11 7 12 1 10 12 1 10 12 1 1 100 1 10 12 1 11 12 1 7 1 10 100 12 1 1 1 10 12 1 18 12 1 1 11 12 1 1 11 12 1 1 10 11 12 10 12 1 1 10 8 1 10 12 1 11 10 12 1 11 12 1 11 8 1 10 12 1 11 12 1 7 1 10 12 1 11 12 1 10 7 1 10 11 10 10 9 7 12 1 1 18 12 1 100 1 10 12 1 10 10 12 1 10 12 1 1 10 12 1 1 10 12 1 7 1 10 12 1 100 1 10 12 1 10 12 1 10 12 1 10 12 1 10 10 7 12 1 1 10 12 1 100 1 10 12 11 100 12 1 1 1 10 12 1 1 10 12 1 10 12 1 7 1 11 12 1 11 12 1 1 11 12 1 7 1 8 1 10 12 1 18 11 12 10 12 1 10 12 1 1 10 12 1 10 12 1 1 10 100 12 1 1 1 10 12 1 10 12 1 10 12 1 1 10 12 1 10 12 1 18 10 18 18 10 12 1 1 10 12 1 1 10 12 1 1 100 1 10 12 1 1 10 12 1 10 12 1 11 10 12 1 1 10 12 1 1 1 1 1 1 1 1 1 1 1 1 1 1 1 1 1 1 1 1 1 1 1 1 1 1 1 1 1 1 1 1 1 1 1 1 1 1 1 1 1 1 1 1 1 1 1 1 1 1 1 1 1 1 1 1 1 1 1 1 1 1 1 1 1 1 1 1 1 1 1 1 1 1 1 1 1 1 1 1 1 100 1 1 1 1 1 1 1 1 1 1 1 1 100 100 1 1 1 1 1 1 1 1 1 1 1 1 1 100 1 1 1 1 1 1 1 1 1 1 1 1 1 1 1 1 1 1 1 1 1 1 1 1 1 1 1 1 1 100 100 1 1 1 1 1 1 1 1 1 1 1 1 1 1 1 1 1 1 1 1 1 1 1 1 1 1 1 1 1 1 100 1 1 1 1 1 1 1 1 100 1 1 1 1 1 1 1 1 1 1 1 1 1 1 1 1 1 1 1 1 1 1 1 1 1 1 1 1 1 1 1 1 1 1 1 1 1 1 1 1 1 1 1 1 1 1 1 1 1 1 1 1 1 1 1 1 1 1 1 1 1 1 1 1 1 1 1 1 1 1 1 1 1 1 1 1 1 1 1 1 1 1 15 10 100 12 1 1 8 1 8 1 8 1 15 10 7 12 1 1 1 16 15 10 12 8 1 16 15 10 12 16 8 1 8 1 8 1 8 1 8 1 8 1 8 1 8 1 16 15 16 8 1 8 1 8 1 8 1 8 1 1 1 1 1 1 100 1 1 100 1 1 1 100 1 100 1 1
ciInstanceKlass org/springframework/beans/factory/support/DefaultListableBeanFactory 1 1 1946 10 7 12 1 1 1 9 7 12 1 1 1 9 7 12 1 1 1 9 12 1 1 7 1 10 12 1 9 12 1 1 9 12 1 9 12 1 10 12 1 1 9 12 1 1 9 12 1 9 12 1 7 1 10 9 12 1 1 7 1 10 9 12 1 7 1 8 1 10 12 1 9 12 1 1 10 12 1 9 12 1 7 1 10 12 1 11 7 12 1 1 1 9 12 1 1 11 12 1 1 10 7 12 1 1 1 9 12 1 1 9 12 1 10 12 1 1 9 12 1 1 9 12 1 1 8 1 10 7 12 1 1 1 7 1 11 12 1 10 12 1 1 10 12 1 1 11 7 12 1 1 10 12 1 1 11 12 1 1 100 1 10 12 1 1 8 1 10 7 12 1 1 1 10 12 1 1 100 1 10 12 1 10 12 1 1 8 1 11 12 1 11 12 1 1 9 12 1 1 10 100 12 1 1 10 7 12 1 1 1 100 1 10 12 1 10 12 1 1 10 100 12 1 1 10 12 1 1 11 100 12 1 1 11 7 12 1 1 1 11 12 1 11 12 1 10 7 12 1 1 1 10 12 1 1 10 12 1 1 10 12 1 1 10 12 1 10 12 1 10 12 1 11 12 1 10 12 1 1 10 7 12 1 1 1 10 11 7 12 1 1 1 11 7 12 1 1 11 12 1 7 1 10 12 1 1 10 12 1 1 10 7 12 1 1 10 12 1 10 12 1 10 12 1 10 12 1 1 10 12 1 10 12 1 1 10 12 1 1 10 12 1 10 12 1 1 10 12 1 1 18 12 1 1 11 12 1 100 1 100 1 8 1 10 100 12 1 1 1 8 1 9 12 1 1 11 100 12 1 1 1 10 12 1 1 11 7 1 10 12 10 12 10 12 1 8 1 10 12 10 12 1 1 10 7 12 1 1 1 10 12 1 7 1 100 1 10 12 1 1 100 1 10 12 1 10 12 1 11 12 1 10 12 1 18 12 1 11 12 7 1 11 10 12 1 1 11 12 1 10 12 1 1 10 12 1 10 12 1 1 9 7 12 1 1 1 11 7 12 1 1 1 11 12 1 11 7 12 1 1 11 12 1 1 10 12 1 10 12 1 10 12 1 10 12 1 1 10 11 12 1 1 18 12 1 1 11 7 12 1 1 1 18 12 1 1 11 12 1 1 18 18 8 1 7 1 10 7 12 1 1 100 1 10 12 1 18 12 1 10 10 12 1 1 10 12 1 10 12 1 10 12 1 10 100 1 11 12 1 10 12 1 1 9 12 1 9 12 1 1 7 1 10 12 1 10 12 1 1 10 18 12 1 1 11 12 1 1 7 1 10 12 1 1 10 12 1 11 12 1 18 12 1 10 100 1 10 10 12 1 10 12 1 10 12 1 11 12 1 10 12 1 10 9 12 1 10 12 1 7 1 10 100 12 1 1 1 11 12 1 10 12 1 1 10 12 1 1 10 12 1 10 12 9 7 12 1 1 1 10 12 1 1 8 1 10 12 1 9 12 1 18 9 12 1 18 12 1 10 12 1 10 12 1 10 12 1 1 10 12 11 12 1 100 1 11 12 1 1 100 1 10 12 1 1 10 12 1 100 1 10 12 1 10 100 12 1 1 1 10 12 1 1 100 1 10 12 1 1 8 1 11 100 12 1 1 1 8 1 11 100 12 1 1 1 11 12 1 11 12 1 10 12 1 1 18 12 1 1 10 12 1 1 18 12 1 10 12 1 1 11 12 1 18 11 12 1 10 12 1 100 1 100 1 11 12 1 18 11 12 1 100 1 11 12 1 8 1 10 12 1 8 1 7 1 10 12 1 100 1 11 12 1 8 1 10 12 1 10 12 1 100 1 10 12 1 10 12 1 10 12 1 10 12 1 1 18 10 12 1 18 12 1 10 12 1 10 12 1 11 11 12 1 1 10 12 1 10 12 1 11 12 1 11 11 12 1 18 12 1 10 100 1 18 11 12 1 11 12 1 18 8 1 11 12 10 10 12 1 11 10 12 1 1 9 100 12 1 1 100 1 11 11 12 1 10 12 1 10 12 1 100 1 18 12 1 10 10 12 1 1 18 12 1 18 12 1 10 12 1 1 10 12 1 18 12 1 18 10 18 18 12 1 11 7 12 1 10 11 7 12 1 100 1 11 12 1 10 12 1 11 12 10 12 1 10 12 1 10 12 1 1 10 12 1 10 12 100 1 11 12 1 1 10 12 1 10 12 1 10 12 1 1 10 12 1 1 10 7 12 1 1 1 7 1 10 12 1 10 12 1 1 7 1 10 12 1 9 12 1 1 100 1 10 12 1 10 12 1 1 10 12 1 11 12 1 10 12 1 1 10 12 1 1 10 12 1 1 11 12 1 1 10 12 1 10 12 1 10 12 1 10 12 1 1 10 12 1 1 10 12 1 1 11 100 12 1 1 1 100 1 10 12 1 1 11 12 1 10 12 1 1 11 12 1 10 12 1 10 12 1 11 12 1 1 10 12 1 10 10 12 1 10 12 1 10 12 1 1 10 12 1 1 10 12 1 10 12 1 1 11 10 12 1 10 12 1 1 10 12 1 1 10 12 1 1 10 12 1 1 10 12 1 1 10 12 1 1 11 12 1 7 1 11 12 1 11 12 1 10 12 1 1 10 12 1 1 100 1 10 12 1 10 12 1 7 1 11 11 12 1 18 12 1 11 12 1 1 18 10 12 1 10 12 1 1 11 12 1 1 10 12 1 10 12 1 10 12 1 10 12 1 7 1 10 12 1 11 12 1 1 11 12 1 10 12 1 10 100 12 1 1 1 7 1 10 12 1 10 12 1 10 12 1 10 12 1 10 12 1 10 12 1 1 11 12 1 10 12 1 11 10 12 1 1 7 1 10 12 1 1 10 12 1 1 9 12 1 7 1 10 18 12 1 11 12 1 7 1 10 12 1 10 12 1 10 12 1 10 100 12 1 1 10 100 12 1 1 1 10 12 1 1 10 12 1 1 11 12 1 10 12 1 11 12 1 10 12 1 18 12 1 10 12 1 10 12 1 1 10 100 1 10 12 1 18 12 1 10 10 10 12 10 10 12 1 1 10 12 1 1 10 12 1 1 10 12 1 1 18 10 12 1 10 12 1 10 12 1 1 100 1 10 12 1 10 12 1 1 100 1 10 8 1 10 12 1 1 10 12 1 1 8 1 8 1 8 1 10 12 1 100 1 8 1 10 100 1 10 8 1 10 11 11 10 12 1 8 1 10 12 1 10 12 1 1 100 1 100 1 100 1 1 1 1 1 1 1 1 1 1 1 1 1 1 1 1 1 1 1 1 1 1 1 1 1 1 1 1 1 1 1 1 1 1 1 1 1 1 1 1 1 1 1 1 100 1 1 1 1 1 1 1 1 1 1 1 1 1 1 1 1 1 1 1 1 1 1 1 1 1 1 1 1 1 1 1 1 1 1 1 1 1 1 1 1 1 1 1 1 1 1 1 1 100 1 1 1 1 1 1 1 1 1 1 1 1 1 100 1 1 1 1 1 1 1 1 1 1 1 1 1 1 1 1 1 1 1 1 1 1 1 1 1 1 1 1 1 1 1 1 1 1 1 1 1 1 1 1 1 1 1 1 1 1 1 100 1 1 1 1 1 1 1 1 1 1 1 1 1 1 1 1 1 1 1 100 1 1 1 1 1 1 1 1 1 1 1 1 1 1 1 1 1 1 1 1 1 1 1 1 1 1 1 1 1 1 1 1 1 1 1 1 1 1 1 1 1 1 1 1 1 1 1 1 1 1 1 1 1 1 1 1 1 1 1 1 1 1 1 1 100 1 1 1 1 1 1 1 1 1 1 1 1 1 1 1 1 1 1 1 1 100 1 1 1 1 1 1 1 1 1 1 1 1 1 1 1 1 1 1 1 1 1 1 1 1 1 1 1 1 1 1 1 1 1 1 1 1 1 1 1 1 1 1 1 1 1 1 1 100 1 1 100 1 1 1 1 1 1 1 1 1 1 1 1 1 1 1 1 1 1 1 1 1 1 1 1 1 1 1 1 1 1 1 100 1 100 1 100 1 100 1 100 1 100 1 1 15 10 7 12 1 1 8 1 8 1 15 10 7 12 1 1 1 16 15 16 1 16 15 10 12 16 1 15 10 12 15 10 12 8 1 16 15 10 12 16 1 8 1 8 1 8 1 16 15 10 12 16 15 10 12 8 1 8 1 8 1 8 1 8 1 8 1 8 1 8 1 15 10 12 16 1 15 10 12 16 15 11 15 10 12 15 10 12 15 10 12 15 10 12 16 15 10 12 16 1 15 10 12 16 8 1 8 1 8 1 1 100 1 1 1 1 100 1 1 1 1 1 1 1 100 1 1 1 1 1 1 1 100 1 100 1 1
staticfield org/springframework/beans/factory/support/DefaultListableBeanFactory serializableFactories Ljava/util/Map; java/util/concurrent/ConcurrentHashMap
instanceKlass org/springframework/beans/factory/parsing/BeanDefinitionParsingException
instanceKlass org/springframework/beans/factory/xml/XmlBeanDefinitionStoreException
instanceKlass org/springframework/beans/factory/support/BeanDefinitionOverrideException
ciInstanceKlass org/springframework/beans/factory/BeanDefinitionStoreException 0 0 61 10 100 12 1 1 1 9 100 12 1 1 1 9 12 1 10 12 1 10 12 1 18 12 1 1 1 1 1 1 1 1 1 1 1 1 1 1 1 1 1 1 1 1 1 1 1 15 10 100 12 1 1 8 1 1 100 1 100 1 1
ciInstanceKlass org/springframework/beans/factory/DisposableBean 1 0 12 100 1 100 1 1 1 1 7 1 1 1
ciInstanceKlass org/springframework/beans/factory/support/BeanDefinitionValidationException 0 0 24 10 100 12 1 1 1 10 12 1 100 1 1 1 1 1 1 1 1 1 1 1 1 1
ciInstanceKlass org/springframework/beans/factory/CannotLoadBeanClassException 0 0 75 18 12 1 1 8 1 18 12 1 10 100 12 1 1 1 9 100 12 1 1 1 9 12 1 9 12 1 18 1 1 1 1 1 1 1 1 1 1 1 100 1 100 1 1 1 1 1 100 1 1 1 1 1 1 1 1 15 10 100 12 1 1 8 1 8 1 8 1 1 100 1 100 1 1
ciInstanceKlass org/springframework/beans/factory/support/InstantiationStrategy 1 1 43 10 7 12 1 1 1 100 1 100 1 1 1 1 100 1 1 1 1 1 1 1 1 1 1 1 1 1 1 1 1 1 1 1 1 1 1 1 1 1 1 1 1
instanceKlass org/springframework/beans/BeanMetadataAttributeAccessor
ciInstanceKlass org/springframework/core/AttributeAccessorSupport 1 1 159 10 7 12 1 1 1 7 1 10 9 7 12 1 1 1 8 1 10 7 12 1 1 1 11 7 12 1 1 1 10 12 1 1 11 12 1 1 8 1 11 12 1 1 18 12 1 10 12 1 1 11 12 1 11 12 1 1 11 12 1 1 10 7 12 1 1 1 8 1 11 7 12 1 1 1 11 12 1 10 12 1 1 11 12 1 11 12 1 1 8 1 10 100 12 1 1 1 100 1 1 1 1 1 1 1 1 1 1 1 1 1 1 1 1 1 1 1 1 1 1 1 1 1 1 1 1 1 1 1 1 100 1 1 1 1 1 1 1 15 10 100 12 1 1 1 16 1 15 10 12 16 1 1 100 1 100 1 1
instanceKlass org/springframework/beans/factory/support/AutowireCandidateQualifier
instanceKlass org/springframework/beans/PropertyValue
instanceKlass org/springframework/beans/factory/support/AbstractBeanDefinition
ciInstanceKlass org/springframework/beans/BeanMetadataAttributeAccessor 1 1 64 10 7 12 1 1 1 9 7 12 1 1 1 10 7 12 1 1 1 10 12 1 1 10 12 1 1 10 12 10 12 1 1 10 12 1 100 1 1 1 1 1 1 1 1 1 1 1 1 1 1 1 1 1 1 1 1 1 1 1 100 1 1 1
instanceKlass org/springframework/beans/factory/support/ChildBeanDefinition
instanceKlass org/springframework/beans/factory/support/GenericBeanDefinition
instanceKlass org/springframework/beans/factory/support/RootBeanDefinition
ciInstanceKlass org/springframework/beans/factory/support/AbstractBeanDefinition 1 1 803 100 1 10 7 12 1 1 1 10 7 12 1 1 8 1 9 12 1 1 9 12 1 1 9 12 1 9 12 1 1 9 12 1 9 12 1 9 12 1 9 12 1 9 12 1 7 1 10 9 12 1 1 9 12 1 9 12 1 7 1 10 9 12 1 1 9 12 1 9 12 1 9 12 1 7 1 9 12 1 9 12 1 1 9 12 1 1 11 12 1 1 10 12 1 1 11 12 1 10 12 1 11 12 1 10 12 1 11 12 1 1 10 12 1 1 11 12 1 10 12 1 11 12 1 10 12 1 11 12 1 1 10 12 1 1 11 12 1 1 10 12 1 1 10 12 1 1 10 12 1 10 12 1 1 10 12 1 1 10 12 1 7 1 11 12 1 1 10 12 1 10 12 1 10 12 1 7 1 11 12 1 1 10 12 1 10 12 1 1 10 12 1 10 12 1 1 10 12 1 10 12 1 10 12 1 10 12 1 10 12 1 1 10 7 12 1 1 10 12 1 10 12 1 10 12 1 10 12 1 10 12 1 10 12 1 1 10 12 1 1 10 12 1 10 12 1 10 12 1 10 12 1 10 12 1 10 12 1 10 12 1 10 12 1 10 12 1 1 10 12 1 1 10 12 1 1 10 12 1 10 12 1 10 12 1 10 12 1 10 12 1 10 12 1 10 12 1 10 12 1 10 12 1 10 12 1 10 12 1 10 12 1 10 12 1 10 12 1 10 12 1 1 10 12 1 1 11 12 1 11 12 1 10 12 1 10 100 12 1 1 1 10 10 12 1 10 10 12 1 1 10 12 1 10 7 1 10 10 10 12 1 10 12 1 10 12 1 10 12 1 9 12 1 1 7 1 10 12 1 7 1 100 1 8 1 10 12 18 12 1 1 10 10 7 12 1 1 1 10 100 12 1 1 1 9 12 1 1 8 1 10 12 1 1 8 1 10 12 1 1 9 12 1 1 10 12 1 1 10 100 12 1 1 9 12 1 1 10 7 12 1 1 11 7 12 1 1 1 11 12 1 11 12 1 1 100 1 11 12 1 1 10 12 1 8 1 10 7 12 1 1 1 11 12 1 1 9 12 1 1 9 12 1 9 12 1 10 10 12 1 10 10 10 9 12 1 10 7 12 1 1 9 12 1 9 12 1 9 12 1 1 7 1 10 11 100 12 1 1 7 1 10 12 1 10 12 1 1 10 100 1 8 1 10 10 12 1 10 12 1 1 18 12 1 1 11 100 12 1 1 1 10 100 12 1 1 10 12 1 1 18 12 1 10 12 1 10 12 1 1 10 12 1 1 10 100 12 1 1 10 12 1 1 10 12 1 10 10 12 1 1 10 12 1 100 1 8 1 10 10 12 1 1 8 1 8 1 10 12 1 8 1 10 12 1 8 1 10 12 1 8 1 8 1 8 1 8 1 8 1 8 1 8 1 10 12 1 1 8 1 8 1 10 12 100 1 1 1 1 3 1 3 1 3 1 3 1 3 1 1 1 1 1 1 1 1 8 1 1 8 1 1 8 1 1 1 1 1 1 1 1 1 1 1 1 1 1 1 1 1 1 1 1 1 1 1 1 1 1 1 1 1 1 1 100 1 1 1 1 1 1 1 1 1 1 100 1 1 1 1 1 1 1 1 1 1 1 1 1 100 1 1 1 1 1 1 1 1 1 1 1 1 1 1 1 100 1 1 1 1 1 1 1 1 1 1 1 1 1 1 1 1 1 1 1 1 1 15 10 100 12 1 1 8 1 15 10 100 12 1 1 1 16 15 10 12 16 8 1 1 100 1 100 1 1 1 100 1 8 10 1 8
instanceKlass org/springframework/context/annotation/ConfigurationClassBeanDefinitionReader$ConfigurationClassBeanDefinition
instanceKlass org/springframework/beans/factory/support/AbstractAutowireCapableBeanFactory$CreateFromClassBeanDefinition
ciInstanceKlass org/springframework/beans/factory/support/RootBeanDefinition 1 1 409 10 7 12 1 1 1 9 7 12 1 1 1 7 1 10 9 12 1 1 9 12 1 9 12 1 9 12 1 10 12 1 1 10 12 1 1 10 12 1 1 10 12 1 1 10 12 1 1 10 12 1 1 10 12 1 10 12 1 10 12 1 10 12 1 9 12 1 1 9 12 1 1 9 12 1 9 12 1 1 9 12 1 1 100 1 8 1 10 12 10 7 12 1 1 1 9 12 1 1 10 12 1 1 9 12 1 10 12 1 1 10 12 1 1 10 12 1 1 8 1 10 12 1 1 100 1 100 1 10 12 1 10 100 12 1 1 1 18 12 1 1 8 1 10 7 12 1 1 1 10 12 1 10 7 1 10 12 1 10 7 12 1 1 1 10 12 1 10 12 1 1 7 1 11 12 1 9 12 1 1 7 1 10 12 11 7 12 1 1 11 12 1 10 12 1 10 100 12 1 1 1 10 12 1 1 9 12 1 10 12 1 1 10 12 1 1 10 10 12 1 10 100 12 1 1 1 10 12 1 1 9 12 1 10 12 1 11 12 1 1 11 100 12 1 1 1 11 12 1 1 10 12 1 1 10 12 1 1 10 12 1 10 10 12 1 18 10 12 1 1 1 1 1 1 1 1 1 1 1 1 1 1 1 1 1 1 1 1 1 1 1 1 1 1 1 1 1 1 1 1 1 1 1 1 1 1 1 1 1 1 1 1 1 1 1 1 1 1 1 1 1 1 1 1 1 1 1 1 1 1 1 1 1 1 1 1 1 1 1 1 1 1 1 1 1 1 1 1 1 1 1 1 1 1 1 1 1 1 1 1 1 1 100 1 1 1 1 1 1 1 1 1 1 1 1 1 1 1 1 1 1 1 1 1 1 1 1 1 1 1 1 1 15 10 100 12 1 1 8 1 8 1 1 100 1 100 1 1
ciInstanceKlass org/springframework/beans/factory/ObjectFactory 1 0 17 100 1 100 1 1 1 1 100 1 1 1 1 1 1 1 1
ciInstanceKlass org/springframework/beans/factory/support/AbstractBeanFactory$BeanPostProcessorCacheAwareList 1 1 110 9 7 12 1 1 1 10 7 12 1 1 1 10 12 1 1 7 1 10 7 12 1 1 10 12 1 1 10 12 1 10 12 1 1 10 12 10 12 1 1 10 12 1 10 12 1 10 12 1 10 12 1 1 10 12 1 1 10 12 1 10 12 1 10 12 1 10 12 1 1 1 1 1 1 1 1 1 1 1 1 1 1 1 1 1 1 1 1 1 1 1 1 1 1 1 1 1 1 1 1 1 1 1 1 1 1 1 1 1
instanceKlass org/springframework/beans/factory/support/CglibSubclassingInstantiationStrategy
ciInstanceKlass org/springframework/beans/factory/support/SimpleInstantiationStrategy 1 1 275 10 7 12 1 1 1 9 7 12 1 1 1 10 7 12 1 1 1 7 1 10 12 1 1 10 12 1 11 7 1 10 7 12 1 1 1 9 12 1 1 9 12 1 1 100 1 10 12 1 1 10 7 12 1 1 100 1 8 1 10 12 1 10 12 1 1 7 1 8 1 10 12 1 10 7 12 1 1 1 10 12 1 1 100 1 8 1 10 12 1 10 12 1 18 12 1 10 12 1 1 10 7 12 1 1 1 10 12 1 1 100 1 10 100 1 10 12 1 10 12 1 10 12 1 1 10 12 1 1 10 18 12 1 1 10 12 1 10 100 12 1 1 1 18 100 1 18 12 1 100 1 10 12 1 1 10 12 1 18 10 12 1 100 1 11 12 1 1 18 10 100 1 1 1 1 1 1 1 1 1 1 1 1 1 1 1 1 1 1 1 1 1 1 3 1 1 1 1 1 1 1 1 1 1 1 1 1 1 1 1 1 1 1 1 1 1 100 1 100 1 1 1 1 1 1 1 1 1 1 1 1 1 1 1 1 1 100 1 1 1 1 15 10 7 12 1 1 1 16 15 10 12 15 10 100 12 1 1 8 1 8 1 8 1 8 1 8 1 1 100 1 100 1 1
staticfield org/springframework/beans/factory/support/SimpleInstantiationStrategy currentlyInvokedFactoryMethod Ljava/lang/ThreadLocal; java/lang/ThreadLocal
ciInstanceKlass org/springframework/beans/factory/support/CglibSubclassingInstantiationStrategy 1 1 88 10 7 12 1 1 1 100 1 10 100 12 1 1 1 100 1 10 12 1 10 12 1 1 10 7 12 1 1 1 10 12 1 1 10 12 1 1 1 1 1 3 1 3 1 3 1 1 1 1 1 1 1 1 1 1 1 1 1 1 1 1 1 1 1 1 1 1 1 1 1 1 1 1 100 1 100 1 100 1 100 1 1 1 1 1 1 1
ciInstanceKlass org/springframework/beans/factory/config/InstantiationAwareBeanPostProcessor 1 1 38 100 1 100 1 100 1 1 1 1 1 1 1 1 1 1 1 1 1 1 1 7 1 1 1 1 1 1 1 1 1 1 1 1 1 1 1 1
ciInstanceKlass org/springframework/beans/factory/config/DestructionAwareBeanPostProcessor 1 1 25 100 1 100 1 100 1 1 1 1 100 1 1 1 1 1 1 1 1 1 1 1 1 1 1
ciInstanceKlass org/springframework/beans/factory/support/MergedBeanDefinitionPostProcessor 1 1 25 100 1 100 1 100 1 1 1 1 1 1 1 1 1 1 1 1 1 1 1 1 1 1 1
ciInstanceKlass org/springframework/beans/factory/aot/BeanRegistrationAotProcessor 1 1 26 100 1 100 1 1 1 1 8 1 1 1 1 1 1 1 1 1 1 1 1 1 1 1 1 1
ciInstanceKlass org/springframework/orm/jpa/support/PersistenceAnnotationBeanPostProcessor 1 1 563 10 7 12 1 1 1 9 7 12 1 1 1 8 1 9 12 1 1 100 1 3 9 12 1 1 7 1 10 12 1 9 12 1 1 9 12 1 9 12 1 1 9 12 1 9 12 1 9 12 1 7 1 9 12 1 1 10 12 1 1 11 7 12 1 1 1 10 100 12 1 1 1 10 12 1 1 10 12 1 1 10 100 12 1 1 1 10 7 12 1 1 1 10 100 12 1 1 1 100 1 10 12 1 10 12 1 1 10 12 1 1 10 12 1 10 12 1 1 7 1 100 1 8 1 10 12 1 100 1 10 100 12 1 1 1 11 12 1 1 10 7 12 1 1 1 10 7 12 1 1 11 12 1 10 12 1 1 10 12 1 1 10 12 1 1 11 12 1 1 7 1 7 1 10 7 12 1 1 1 10 7 12 1 1 1 9 12 1 1 7 1 10 18 12 1 1 10 7 12 1 1 1 18 12 1 10 12 1 1 11 7 12 1 1 1 10 12 1 10 12 1 1 10 100 12 1 1 11 12 1 1 11 12 1 1 11 100 12 1 1 1 11 100 12 1 1 1 100 1 10 12 1 1 100 1 100 1 18 12 1 1 10 12 1 18 10 12 1 1 10 12 1 1 8 1 10 100 12 1 1 1 10 12 1 1 100 1 11 12 1 1 100 1 11 12 1 1 10 100 1 11 10 12 1 11 12 1 1 100 1 10 12 1 10 10 7 12 1 1 1 10 12 1 1 10 7 12 1 1 1 10 100 12 1 1 1 10 12 1 10 12 1 10 100 12 1 1 1 8 1 10 12 1 10 12 1 18 12 1 10 100 12 1 1 1 100 1 10 12 1 11 12 1 10 7 1 10 8 1 100 1 100 1 100 1 100 1 100 1 100 1 100 1 1 1 1 1 1 1 1 1 1 1 1 1 1 1 1 1 1 1 1 1 1 1 1 1 1 1 1 1 1 1 1 1 1 1 1 1 1 1 1 1 1 1 1 1 1 1 1 1 1 1 1 1 1 1 1 1 1 1 1 1 1 1 1 100 1 1 1 1 1 1 1 1 1 1 1 1 1 1 1 1 1 1 1 1 1 1 1 1 1 100 1 1 1 1 1 1 1 1 1 1 1 1 1 1 1 1 1 1 1 1 100 1 100 1 1 1 1 1 1 1 1 1 15 10 7 12 1 1 1 16 1 15 10 12 16 1 15 10 12 15 10 100 12 1 1 8 1 8 1 8 1 1 1 100 1 1 100 1 1 1 1 100 1 1 100 1 100 1 1
ciInstanceKlass org/springframework/context/annotation/ConfigurationClassPostProcessor 1 1 822 10 7 12 1 1 1 10 12 1 1 10 7 12 1 1 1 9 7 12 1 1 1 7 1 10 9 12 1 1 7 1 10 9 12 1 1 7 1 10 9 12 1 1 10 7 12 1 1 1 9 12 1 1 7 1 10 9 12 1 1 9 12 1 1 7 1 10 9 12 1 1 9 12 1 9 12 1 9 7 12 1 1 1 9 12 1 1 9 12 1 9 12 1 9 7 12 1 1 1 9 12 1 100 1 3 8 1 10 7 12 1 1 1 8 1 8 1 9 12 1 1 8 1 10 12 1 10 12 1 10 7 12 1 1 1 10 7 12 1 1 1 11 7 12 1 1 1 100 1 18 12 1 1 10 12 1 18 11 12 1 10 12 1 1 18 12 1 7 1 10 12 1 1 7 1 10 12 1 11 7 12 1 1 1 10 100 12 1 1 1 9 7 12 1 1 1 10 100 12 1 1 1 8 1 10 7 12 1 1 18 12 1 1 11 100 12 1 1 1 9 12 1 1 10 7 12 1 1 1 9 12 1 11 12 1 1 18 12 1 1 11 100 12 1 1 1 11 100 12 1 1 1 100 1 7 1 10 11 12 1 1 11 12 1 1 11 7 1 11 7 12 1 1 1 18 12 1 11 12 1 1 10 12 1 1 7 1 10 12 1 11 7 1 11 12 18 12 1 1 11 12 1 1 7 1 100 1 8 1 11 12 1 100 1 100 1 10 7 1 10 12 1 7 1 10 12 1 11 12 1 1 10 12 1 1 8 1 11 12 1 1 10 12 1 1 10 12 1 10 12 1 1 11 12 1 9 12 1 1 7 1 10 12 1 1 10 12 1 10 12 1 11 12 1 8 1 18 12 1 1 11 7 12 1 1 1 11 12 1 11 12 1 11 12 1 11 12 1 1 11 11 12 1 1 11 7 12 1 1 11 12 1 1 7 1 10 12 1 1 11 7 12 1 1 1 11 12 1 11 11 12 1 11 12 1 1 10 12 1 1 10 12 1 8 1 7 1 10 11 11 7 1 11 11 12 1 1 7 1 10 12 1 8 1 10 12 1 1 10 12 1 1 7 1 18 12 10 12 1 100 1 18 10 11 11 12 1 18 11 12 1 11 7 12 1 1 1 11 7 1 10 11 12 1 7 1 11 12 1 9 7 12 1 1 9 7 12 1 1 1 10 12 1 10 12 1 10 12 1 1 11 12 1 8 1 11 12 1 10 7 12 1 1 10 12 1 1 11 12 1 10 12 1 1 18 12 1 11 12 1 10 12 1 10 12 1 10 12 1 1 10 12 1 100 1 18 12 1 10 12 1 10 12 1 100 1 10 12 10 100 1 10 12 1 9 7 12 1 1 18 100 1 100 1 100 1 100 1 100 1 100 1 100 1 100 1 1 1 1 1 1 1 1 1 1 1 1 1 1 100 1 1 1 1 1 100 1 1 1 1 1 1 1 1 1 1 1 1 1 1 1 1 1 1 1 1 1 1 1 1 1 1 1 1 1 1 1 1 1 1 1 1 1 1 1 1 1 1 1 1 1 1 1 1 1 1 1 1 1 1 1 1 1 1 1 1 1 1 1 1 1 1 100 1 1 1 1 1 1 1 1 1 1 1 1 1 1 1 1 1 1 1 1 1 1 1 100 1 1 1 1 1 1 1 1 1 1 1 1 1 1 1 1 1 1 1 1 1 1 1 1 1 1 1 15 10 7 12 1 1 8 1 8 1 15 10 7 12 1 1 1 16 1 15 10 12 16 1 16 15 10 12 8 1 16 1 15 10 12 16 16 15 10 12 16 8 1 8 1 8 1 15 10 12 15 10 12 16 8 1 1 1 1 1 1 1 100 1 100 1 1
staticfield org/springframework/context/annotation/ConfigurationClassPostProcessor IMPORT_BEAN_NAME_GENERATOR Lorg/springframework/context/annotation/AnnotationBeanNameGenerator; org/springframework/context/annotation/FullyQualifiedAnnotationBeanNameGenerator
staticfield org/springframework/context/annotation/ConfigurationClassPostProcessor IMPORT_REGISTRY_BEAN_NAME Ljava/lang/String; "org.springframework.context.annotation.ConfigurationClassPostProcessor.importRegistry"
ciInstanceKlass org/springframework/beans/factory/support/MethodOverrides 1 1 90 10 7 12 1 1 1 7 1 10 9 7 12 1 1 1 10 12 1 1 11 7 12 1 1 1 11 12 1 1 11 12 1 1 11 12 1 1 11 100 12 1 1 11 12 1 1 100 1 10 12 1 1 11 12 1 11 12 1 1 1 1 1 1 1 1 1 1 1 1 1 1 1 1 1 1 1 1 1 1 1 1 1 1 1 1 1 1 1 1
instanceKlass org/springframework/beans/factory/parsing/BeanComponentDefinition
ciInstanceKlass org/springframework/beans/factory/config/BeanDefinitionHolder 1 1 147 10 7 12 1 1 1 10 7 12 1 1 8 1 10 7 12 1 1 1 8 1 9 12 1 1 9 12 1 1 9 12 1 1 8 1 10 12 1 1 10 12 1 1 10 12 1 1 11 100 12 1 1 1 10 100 12 1 1 1 10 100 12 1 1 1 10 7 12 1 1 1 18 12 1 10 100 12 1 1 1 18 12 1 10 12 1 18 12 1 10 12 1 10 10 12 1 1 10 12 1 1 100 1 1 1 1 1 1 1 1 1 1 1 1 1 1 1 1 1 1 1 1 1 1 1 1 1 1 15 10 100 12 1 1 8 1 8 1 8 1 1 100 1 100 1 1
ciInstanceKlass org/springframework/beans/factory/config/SmartInstantiationAwareBeanPostProcessor 1 1 38 100 1 100 1 100 1 1 1 1 1 1 1 1 1 1 1 1 1 1 1 7 1 1 1 1 1 1 1 1 1 1 1 1 1 1 1 1
ciInstanceKlass org/springframework/beans/factory/annotation/AutowiredAnnotationBeanPostProcessor 1 1 891 10 7 12 1 1 1 10 12 1 1 10 7 12 1 1 1 9 7 12 1 1 1 10 7 12 1 1 1 9 12 1 1 8 1 9 12 1 1 9 12 1 1 100 1 3 9 12 1 1 10 7 12 1 1 1 9 12 1 10 12 1 9 12 1 1 9 12 1 7 1 11 7 12 1 1 1 7 1 10 7 12 1 1 1 8 1 10 7 12 1 1 1 8 1 11 7 12 1 1 1 7 1 8 1 8 1 8 1 10 100 12 1 1 1 11 12 1 8 1 10 12 1 1 11 12 1 1 7 1 100 1 18 12 1 1 10 12 1 9 12 1 1 7 1 11 12 1 10 12 1 9 12 1 1 10 12 1 1 10 7 12 1 1 1 11 7 12 1 1 1 10 12 1 11 12 10 100 12 1 1 10 12 1 1 10 12 1 1 10 12 1 1 10 12 1 1 10 100 12 1 1 100 1 10 12 1 1 10 12 1 10 7 12 1 1 1 100 1 10 10 12 1 1 10 12 1 1 10 12 1 1 100 1 11 12 1 10 12 1 10 12 1 10 12 1 1 11 100 12 1 1 1 11 12 1 100 1 10 12 1 1 7 1 100 1 10 12 1 18 12 1 10 12 1 7 1 10 10 7 12 1 1 1 10 7 12 1 1 10 12 1 1 10 12 1 1 10 12 1 1 10 12 1 1 100 1 18 12 1 10 12 1 10 12 1 1 11 7 12 1 18 12 1 11 10 12 1 1 11 12 1 11 12 1 11 12 1 18 12 1 11 12 1 9 12 1 11 12 1 1 10 12 1 11 12 1 1 11 12 1 7 1 10 7 12 1 1 1 18 12 1 1 10 7 12 1 1 1 10 12 1 100 1 8 1 10 12 1 1 8 1 18 12 1 10 12 1 10 7 12 1 1 1 10 12 1 1 10 12 1 10 12 1 1 10 12 1 9 12 1 1 10 18 12 1 10 12 1 1 18 12 1 10 12 1 1 11 12 1 10 12 1 1 11 7 12 1 1 1 11 12 1 1 11 7 12 1 1 11 12 1 1 11 12 1 11 7 12 1 1 11 12 1 1 10 7 1 11 12 1 11 100 12 1 1 1 11 100 12 1 1 1 11 100 12 1 1 1 11 10 12 1 100 1 11 100 1 10 12 1 1 11 100 1 11 12 1 10 100 1 11 12 100 1 8 1 11 12 1 1 11 12 1 11 12 1 11 12 1 18 12 1 100 1 8 1 10 12 1 1 11 12 1 1 10 7 12 1 1 1 10 12 1 1 10 12 1 1 10 7 1 10 12 1 10 7 12 1 1 1 18 12 1 10 10 12 1 10 12 1 18 10 12 1 1 7 1 10 12 1 10 100 1 18 12 1 100 1 10 12 1 10 12 1 1 100 1 11 12 1 10 12 1 10 12 1 1 10 100 12 1 1 1 100 1 8 1 100 1 100 1 100 1 100 1 100 1 1 1 1 1 1 1 1 1 1 1 1 1 1 1 1 1 100 1 1 1 1 1 1 1 1 1 1 1 1 1 1 1 1 1 1 1 1 1 1 1 1 1 1 1 1 1 1 1 1 1 1 1 1 1 1 1 100 1 1 1 1 1 1 1 1 1 1 1 1 1 1 1 1 1 1 1 1 1 1 1 1 1 1 1 1 1 1 1 1 1 1 1 1 1 1 1 1 1 1 1 1 1 100 1 1 1 1 1 1 1 1 1 1 1 1 1 1 1 1 1 1 1 1 1 1 1 1 1 1 1 1 1 1 1 1 1 1 1 1 1 1 1 1 1 1 1 1 1 1 1 1 1 1 1 100 1 1 1 1 1 1 1 1 1 1 1 1 1 1 1 1 100 1 100 1 1 15 10 100 12 1 1 8 1 8 1 8 1 8 1 8 1 15 10 7 12 1 1 1 16 1 15 10 12 8 1 16 1 15 10 12 15 10 12 8 1 8 1 8 1 8 1 1 100 1 1 1 100 1 1 100 1 1 1 1 1 1 1 100 1 100 1 1
staticfield org/springframework/beans/factory/annotation/AutowiredAnnotationBeanPostProcessor EMPTY_CONSTRUCTOR_ARRAY [Ljava/lang/reflect/Constructor; 0 [Ljava/lang/reflect/Constructor;
ciInstanceKlass org/springframework/beans/factory/SmartInitializingSingleton 1 0 9 100 1 100 1 1 1 1 1
ciInstanceKlass org/springframework/boot/context/ContextIdApplicationContextInitializer$ContextId 1 1 62 10 7 12 1 1 1 7 1 10 9 7 12 1 1 1 9 12 1 1 10 12 1 1 18 12 1 1 10 12 1 1 1 1 1 1 1 1 1 1 1 1 1 1 100 1 1 15 10 100 12 1 1 8 1 1 1 100 1 100 1 1
ciInstanceKlass org/springframework/boot/autoconfigure/condition/ConditionEvaluationReport 1 1 364 10 7 12 1 1 1 7 1 10 9 7 12 1 1 1 7 1 10 9 12 1 1 7 1 10 9 12 1 1 8 1 10 7 12 1 1 1 8 1 8 1 11 7 12 1 1 1 18 12 1 1 11 7 12 1 1 1 7 1 10 12 1 1 9 12 1 1 8 1 11 7 12 1 1 1 8 1 11 18 12 1 1 11 12 1 1 10 100 12 1 1 1 18 12 1 1 18 12 1 10 12 1 1 10 12 1 10 100 12 1 1 1 18 12 1 11 12 1 10 12 1 1 9 12 1 1 7 1 10 12 1 1 8 1 11 12 1 1 11 12 1 1 10 11 12 1 1 11 12 1 1 10 12 1 1 11 100 12 1 1 11 18 12 1 10 10 12 1 1 11 12 1 10 12 1 11 12 10 12 1 1 18 12 1 10 10 100 12 1 1 1 10 12 1 1 10 12 1 1 10 100 12 1 1 18 10 100 12 1 1 1 8 1 10 100 12 1 1 1 10 100 12 1 1 1 9 12 1 1 10 12 1 1 10 7 1 10 1 1 1 1 1 1 1 1 1 1 1 1 1 1 1 1 1 1 1 1 1 1 1 1 1 1 1 1 1 1 1 1 1 1 1 1 1 1 1 1 1 1 1 100 1 1 1 1 1 1 1 1 1 1 1 1 1 1 1 1 1 1 1 1 1 1 1 1 1 1 1 1 1 15 10 7 12 1 1 1 16 15 10 12 16 16 1 15 10 12 16 15 10 100 12 1 1 8 1 15 10 12 16 1 15 16 15 10 12 15 10 12 16 1 8 1 1 1 1 1 1 100 1 100 1 1
staticfield org/springframework/boot/autoconfigure/condition/ConditionEvaluationReport ANCESTOR_CONDITION Lorg/springframework/boot/autoconfigure/condition/ConditionEvaluationReport$AncestorsMatchedCondition; org/springframework/boot/autoconfigure/condition/ConditionEvaluationReport$AncestorsMatchedCondition
ciInstanceKlass org/springframework/beans/factory/annotation/AnnotatedGenericBeanDefinition 1 1 88 10 7 12 1 1 1 10 7 12 1 1 1 11 7 12 1 1 1 9 12 1 1 8 1 10 7 12 1 1 1 7 1 10 12 1 1 11 12 1 1 10 12 1 1 10 12 1 8 1 11 100 12 1 1 10 12 1 9 12 1 1 100 1 1 1 1 1 1 1 1 1 1 1 1 1 1 1 1 1 1 1 1 1 1 1 1 1
ciInstanceKlass org/springframework/beans/factory/BeanFactoryUtils 1 1 327 10 100 12 1 1 1 100 1 8 1 10 7 12 1 1 1 8 1 10 7 12 1 1 1 9 7 12 1 1 1 18 12 1 1 11 7 12 1 1 1 8 1 10 12 1 1 10 12 1 1 10 12 1 1 10 12 1 1 10 12 1 1 8 1 11 7 12 1 1 1 7 1 11 12 1 1 10 12 1 10 12 1 1 11 12 1 10 12 1 11 12 1 11 12 1 10 12 1 11 12 1 10 12 1 100 1 10 12 1 11 12 1 1 11 12 1 1 10 12 1 1 18 12 1 1 11 12 1 1 11 12 1 10 12 1 18 10 12 1 1 100 1 10 10 100 12 1 1 1 11 100 12 1 1 1 11 12 1 11 12 1 11 12 1 10 100 12 1 1 1 11 12 1 1 11 12 1 1 11 100 12 1 1 1 11 100 12 1 1 1 100 1 11 12 1 1 10 12 1 100 1 10 12 1 11 12 1 11 12 1 1 10 12 1 10 12 1 7 1 10 1 1 1 1 1 1 1 1 1 1 1 1 1 1 1 1 1 1 1 1 1 1 1 1 1 1 1 1 1 1 1 1 1 1 100 1 1 1 1 1 1 1 1 1 1 1 1 1 1 100 1 1 1 1 1 1 1 1 1 1 1 1 1 1 1 1 1 1 1 1 1 1 1 1 1 1 1 15 10 7 12 1 1 1 16 1 15 10 12 16 16 1 15 10 12 16 1 15 10 12 1 100 1 100 1 1
staticfield org/springframework/beans/factory/BeanFactoryUtils transformedBeanNameCache Ljava/util/Map; java/util/concurrent/ConcurrentHashMap
ciInstanceKlass org/springframework/context/support/ApplicationContextAwareProcessor 1 1 121 10 7 12 1 1 1 9 7 12 1 1 1 7 1 11 7 12 1 1 1 10 12 1 9 12 1 1 7 1 10 12 1 1 7 1 11 12 1 1 11 12 1 1 7 1 11 12 1 1 7 1 11 12 1 1 7 1 11 12 1 1 7 1 11 12 1 1 7 1 11 12 1 1 11 12 1 1 7 1 11 12 1 1 100 1 1 1 1 1 1 1 1 1 1 1 1 1 1 1 1 100 1 1 1 1 1 1 1 1 1 1 1 1 1 1 1 1 1 1 1
ciInstanceKlass org/springframework/context/support/ApplicationListenerDetector 1 1 184 10 7 12 1 1 1 7 1 10 12 1 9 7 12 1 1 1 9 12 1 1 7 1 10 7 12 1 1 1 10 7 12 1 1 1 10 7 12 1 1 1 11 7 12 1 1 1 11 12 1 1 9 12 1 1 10 12 1 1 10 7 12 1 1 1 9 12 1 9 12 1 1 11 100 12 1 1 10 12 1 1 18 12 1 1 11 12 1 1 11 12 1 10 12 1 1 11 100 12 1 1 11 12 1 1 100 1 10 100 12 1 1 1 10 7 12 1 1 1 100 1 100 1 1 1 1 1 1 1 1 1 1 1 1 1 1 1 1 1 1 1 1 1 1 1 1 1 1 1 1 1 1 1 1 1 1 1 100 1 1 1 1 1 1 1 1 1 1 1 15 10 100 12 1 1 8 1 1 100 1 100 1 1
staticfield org/springframework/context/support/ApplicationListenerDetector logger Lorg/apache/commons/logging/Log; org/apache/commons/logging/LogAdapter$Slf4jLocationAwareLog
ciInstanceKlass org/springframework/beans/factory/FactoryBean 1 1 34 100 1 100 1 1 1 1 8 1 1 1 1 7 1 1 1 1 1 1 1 1 1 1 1 1 1 1 1 1 1 1 1 1
ciInstanceKlass org/springframework/boot/autoconfigure/SharedMetadataReaderFactoryContextInitializer$SharedMetadataReaderFactoryBean 1 1 69 10 7 12 1 1 1 7 1 10 12 1 9 7 12 1 1 1 7 1 10 12 1 10 12 1 1 100 1 10 12 1 1 100 1 100 1 100 1 1 1 1 1 1 1 1 1 1 1 100 1 1 1 1 1 1 1 1 1 1 1 1 1 1 1 100 1 1 1
ciInstanceKlass org/springframework/beans/factory/support/AbstractBeanFactory$BeanPostProcessorCache 1 1 42 10 7 12 1 1 1 7 1 10 9 7 12 1 1 1 9 12 1 9 12 1 9 12 1 1 1 1 1 1 1 1 1 1 1 1 1 1 100 1 1 1
ciInstanceKlass  @bci org/springframework/beans/factory/BeanFactoryUtils transformedBeanName (Ljava/lang/String;)Ljava/lang/String; 21 <appendix> argL0 ; 1 1 23 1 7 1 1 1 7 12 10 1 1 1 7 1 7 1 1 12 10 1 100 1 1
ciInstanceKlass org/springframework/beans/factory/support/NullBean 0 0 32 10 100 12 1 1 1 100 1 10 12 1 1 8 1 1 1 1 1 1 1 1 1 1 1 1 1 1 1 1 1 1
ciInstanceKlass org/springframework/aop/framework/AopInfrastructureBean 1 0 7 100 1 100 1 1 1
ciInstanceKlass org/springframework/context/annotation/ConfigurationClassBeanDefinitionReader$ConfigurationClassBeanDefinition 1 1 99 10 7 12 1 1 1 10 7 12 1 1 1 9 7 12 1 1 1 9 12 1 1 9 12 1 1 10 12 1 1 10 12 1 1 10 12 1 1 10 12 1 10 12 1 1 10 7 12 1 1 10 12 1 1 10 7 12 1 1 1 10 12 1 10 12 1 1 100 1 1 1 1 1 1 1 1 1 1 1 1 1 1 1 1 1 1 1 1 1 1 1 1 1 1 100 1 1 1
ciInstanceKlass org/springframework/beans/factory/config/ConstructorArgumentValues 1 1 349 10 7 12 1 1 1 7 1 10 9 7 12 1 1 1 7 1 10 9 12 1 1 10 12 1 1 18 12 1 1 11 7 12 1 1 1 11 7 12 1 1 1 18 12 1 1 11 7 12 1 1 1 18 12 1 11 12 1 7 1 10 12 1 10 12 1 1 10 12 1 8 1 10 7 12 1 1 1 8 1 10 12 1 10 7 12 1 1 1 10 12 1 1 11 12 1 1 10 12 1 1 100 1 11 12 1 1 11 12 1 10 12 1 11 12 1 1 11 12 1 1 10 12 1 1 10 12 1 1 10 100 12 1 1 1 10 12 1 10 100 12 1 1 10 12 1 10 7 12 1 1 1 11 12 1 11 12 1 10 12 1 1 11 12 1 1 11 7 12 1 1 11 12 1 11 12 1 10 12 1 1 11 100 1 10 12 1 1 10 12 1 1 10 12 1 1 11 12 1 1 11 7 1 11 12 1 1 11 11 11 11 12 1 11 10 12 1 1 11 12 1 1 11 100 1 11 11 12 1 10 12 1 10 12 1 10 12 1 1 1 1 1 1 1 1 1 1 1 1 1 1 1 1 1 1 1 1 1 1 1 1 1 1 1 1 1 1 1 1 1 1 1 1 1 1 1 1 1 1 1 1 1 1 1 1 1 1 1 1 1 1 1 1 1 1 1 1 1 1 1 1 1 1 1 1 1 1 1 1 1 1 1 1 1 1 1 1 15 10 7 12 1 1 1 16 1 15 10 12 16 16 15 10 12 16 16 15 10 12 16 1 1 1 100 1 100 1 1
ciInstanceKlass org/springframework/beans/factory/config/ConstructorArgumentValues$ValueHolder 1 1 88 10 7 12 1 1 1 9 7 12 1 1 1 9 12 1 1 9 12 1 1 9 12 1 9 12 1 9 12 1 10 100 12 1 1 1 10 12 1 1 10 12 1 10 12 1 1 100 1 1 1 1 1 1 1 1 1 1 1 1 1 1 1 1 1 1 1 1 1 1 1 1 1 1 1 1 1 1 1 1 1 1 1 1 100 1 1 1
ciInstanceKlass  @bci org/springframework/beans/factory/support/AbstractAutowireCapableBeanFactory getTypeForFactoryMethod (Ljava/lang/String;Lorg/springframework/beans/factory/support/RootBeanDefinition;[Ljava/lang/Class;)Ljava/lang/Class; 133 <appendix> argL0 ; 1 1 23 1 7 1 1 1 7 12 10 1 1 1 7 1 7 1 1 12 10 1 100 1 1
ciInstanceKlass org/springframework/boot/context/properties/ConfigurationPropertiesBinder$ConfigurationPropertiesBinderFactory 1 1 62 10 7 12 1 1 1 9 7 12 1 1 1 7 1 10 12 1 8 1 10 7 12 1 1 1 10 12 1 1 100 1 100 1 1 1 1 1 1 1 1 1 1 100 1 1 7 1 1 1 1 1 1 7 1 1 1 1 1 1 1 1
ciInstanceKlass org/springframework/core/ResolvableType$WildcardBounds 1 1 125 10 100 12 1 1 1 9 100 12 1 1 1 9 12 1 1 10 12 1 1 9 100 12 1 1 10 7 12 1 1 10 12 1 1 10 12 1 1 7 1 10 12 1 1 9 12 1 1 10 12 1 1 11 12 1 1 9 12 1 11 12 1 100 1 11 12 1 9 12 1 1 10 12 1 1 10 12 1 1 1 1 1 1 1 1 1 1 1 1 1 1 1 1 1 100 1 1 1 1 1 1 1 1 1 1 1 1 1 1 1 1 1 1 100 1 1 1 1 1 1 1 100 1 1
ciInstanceKlass org/springframework/aop/aspectj/annotation/AnnotationAwareAspectJAutoProxyCreator 1 1 151 10 7 12 1 1 1 100 1 11 7 12 1 1 1 10 12 1 9 7 12 1 1 1 11 12 1 1 11 100 12 1 1 1 11 12 1 1 100 1 10 100 12 1 1 1 11 12 1 1 8 1 10 100 12 1 1 1 9 12 1 1 10 12 1 1 7 1 10 12 1 7 1 10 12 1 9 12 1 1 10 12 1 1 10 7 12 1 1 11 12 1 1 10 12 1 1 11 7 12 1 1 10 12 1 1 10 100 12 1 1 1 1 1 1 1 1 1 1 1 1 1 1 1 1 1 1 1 1 1 1 1 1 1 1 1 1 1 1 1 1 1 1 1 1 1 1 1 1 1 1
ciInstanceKlass org/springframework/beans/factory/support/AutowireUtils 1 1 348 10 100 12 1 1 1 9 7 12 1 1 1 10 7 12 1 1 1 10 100 12 1 1 1 10 100 12 1 1 1 10 100 12 1 1 1 8 1 10 100 12 1 1 1 10 12 1 10 100 12 1 1 1 11 100 12 1 1 1 11 100 12 1 1 1 11 12 1 1 10 12 1 1 100 1 10 12 1 1 100 1 10 12 1 10 12 1 1 100 1 10 12 1 10 100 12 1 1 1 11 12 1 8 1 10 100 12 1 1 1 8 1 10 12 1 1 10 12 1 1 10 12 1 1 8 1 10 12 1 1 10 12 1 100 1 10 12 1 10 12 1 10 12 1 1 100 1 100 1 10 12 1 18 12 1 1 10 12 1 100 1 10 12 1 10 12 1 100 1 11 12 1 10 10 12 1 10 12 1 1 18 12 1 10 7 12 1 1 1 10 7 12 1 1 1 10 7 12 1 1 1 10 12 1 10 7 12 1 1 18 12 1 1 1 1 1 1 1 1 1 1 1 1 1 1 1 1 1 1 1 1 1 1 1 1 1 1 1 1 1 1 1 1 1 1 1 1 1 1 1 1 1 1 1 1 1 1 1 1 1 1 1 1 1 1 1 1 1 1 1 1 1 1 1 1 1 1 1 1 1 1 1 1 1 1 1 1 1 1 1 1 1 1 1 1 1 100 100 1 100 100 100 1 1 1 1 1 1 1 1 1 1 1 1 1 1 1 15 10 100 12 1 1 8 1 8 1 15 10 7 12 1 1 1 16 1 15 10 12 16 1 1 100 1 100 1 1
staticfield org/springframework/beans/factory/support/AutowireUtils EXECUTABLE_COMPARATOR Ljava/util/Comparator; org/springframework/beans/factory/support/AutowireUtils$$Lambda+0x0000000013340000
ciInstanceKlass org/springframework/context/annotation/ConfigurationClassPostProcessor$ImportAwareBeanPostProcessor 1 1 92 10 7 12 1 1 1 9 7 12 1 1 1 7 1 11 12 1 1 7 1 9 7 12 1 1 1 7 1 11 7 12 1 1 1 10 7 12 1 1 1 10 7 12 1 1 1 11 12 1 1 11 12 1 1 100 1 1 1 1 1 1 1 1 1 1 1 1 1 1 1 1 1 1 1 1 1 1 1 1 1 1 1 1 1 1 1 1 1 100 1 1
ciInstanceKlass org/springframework/core/$Proxy75 1 1 158 1 7 1 100 1 100 1 1 12 1 7 1 7 1 7 1 1 12 9 1 7 1 1 12 11 1 100 1 12 10 1 1 12 10 1 1 12 10 1 1 12 10 1 1 12 9 1 12 9 1 12 9 1 12 9 1 12 9 1 12 9 1 12 9 1 100 1 100 1 100 1 12 10 1 1 1 7 1 12 10 1 100 1 100 1 1 1 100 1 1 12 10 1 1 100 1 1 1 7 1 1 1 1 1 100 1 1 1 1 12 10 8 8 8 1 8 8 8 8 1 8 8 1 100 1 100 10 1 100 1 100 10 1 1 1 100 1 100 1 1 12 10 1 12 10 1 100 1 1 12 10 12 10 10 1 1 1
staticfield org/springframework/core/$Proxy75 m0 Ljava/lang/reflect/Method; java/lang/reflect/Method
staticfield org/springframework/core/$Proxy75 m1 Ljava/lang/reflect/Method; java/lang/reflect/Method
staticfield org/springframework/core/$Proxy75 m2 Ljava/lang/reflect/Method; java/lang/reflect/Method
staticfield org/springframework/core/$Proxy75 m3 Ljava/lang/reflect/Method; java/lang/reflect/Method
staticfield org/springframework/core/$Proxy75 m4 Ljava/lang/reflect/Method; java/lang/reflect/Method
staticfield org/springframework/core/$Proxy75 m5 Ljava/lang/reflect/Method; java/lang/reflect/Method
staticfield org/springframework/core/$Proxy75 m6 Ljava/lang/reflect/Method; java/lang/reflect/Method
ciMethodData java/lang/Byte toUnsignedInt (B)I 2 55065 orig 80 0 0 0 0 0 0 0 0 0 0 0 0 0 0 0 0 0 0 0 0 0 0 0 0 0 0 0 0 0 0 0 0 0 0 0 0 0 0 0 0 0 0 0 0 0 0 0 0 0 0 0 0 0 0 0 0 0 0 0 0 0 0 0 0 0 0 0 0 0 0 0 0 0 0 0 0 0 0 0 0 data 4 0x0 0x9 0x1 0x0 oops 0 methods 0
ciMethodData java/lang/String isLatin1 ()Z 2 942021 orig 80 0 0 0 0 0 0 0 0 0 0 0 0 0 0 0 0 0 0 0 0 0 0 0 0 0 0 0 0 0 0 0 0 0 0 0 0 0 0 0 0 0 0 0 0 0 0 0 0 0 0 0 0 0 0 0 0 0 0 0 0 0 0 0 0 0 0 0 0 0 0 0 0 0 0 0 0 0 0 0 0 data 18 0x30007 0x0 0x58 0xe5fc9 0xa0007 0x2 0x38 0xe5fd7 0xe0003 0xe5fe2 0x18 0x0 0x0 0x0 0x0 0x9 0x1 0x0 oops 0 methods 0
ciMethodData java/lang/Object <init> ()V 2 621949 orig 80 0 0 0 0 0 0 0 0 0 0 0 0 0 0 0 0 0 0 0 0 0 0 0 0 0 0 0 0 0 0 0 0 0 0 0 0 0 0 0 0 0 0 0 0 0 0 0 0 0 0 0 0 0 0 0 0 0 0 0 0 0 0 0 0 0 0 0 0 0 0 0 0 0 0 0 0 0 0 0 0 data 4 0x0 0x9 0x1 0x0 oops 0 methods 0
ciMethodData java/lang/String coder ()B 2 763932 orig 80 0 0 0 0 0 0 0 0 0 0 0 0 0 0 0 0 0 0 0 0 0 0 0 0 0 0 0 0 0 0 0 0 0 0 0 0 0 0 0 0 0 0 0 0 0 0 0 0 0 0 0 0 0 0 0 0 0 0 0 0 0 0 0 0 0 0 0 0 0 0 0 0 0 0 0 0 0 0 0 0 data 14 0x30007 0x0 0x38 0xbaa76 0xa0003 0xbaa88 0x18 0x0 0x0 0x0 0x0 0x9 0x1 0x0 oops 0 methods 0
ciMethodData java/lang/String hashCode ()I 2 10465 orig 80 1 0 0 0 0 0 0 0 0 0 0 0 0 0 0 0 0 0 0 0 0 0 0 0 0 0 0 0 0 0 0 0 0 0 0 0 0 0 0 0 0 0 0 0 0 0 0 0 0 0 0 0 0 0 0 0 0 0 0 0 0 0 0 0 0 0 0 0 0 0 0 0 0 0 0 0 0 0 0 0 data 41 0x60007 0x11e7 0x100 0x16fa 0xd0007 0x95 0xe0 0x1666 0x110005 0x17 0x1746ac01e08 0x164f 0x0 0x0 0x140007 0x0 0x48 0x1666 0x1b0002 0x1666 0x1e0003 0x1667 0x28 0x250002 0x0 0x2a0007 0x165c 0x38 0xb 0x320003 0xb 0x18 0x0 0x0 0x0 0x0 0x0 0x0 0x9 0x1 0xe oops 1 10 java/lang/String methods 0
ciMethodData java/lang/StringLatin1 hashCode ([B)I 2 5734 orig 80 0 0 0 0 0 0 0 0 0 0 0 0 0 0 0 0 0 0 0 0 0 0 0 0 0 0 0 0 0 0 0 0 0 0 0 0 0 0 0 0 0 0 0 0 0 0 0 0 0 0 0 0 0 0 0 0 0 0 0 0 0 0 0 0 0 0 0 0 0 0 0 0 0 0 0 0 0 0 0 0 data 11 0x50002 0x1666 0x0 0x0 0x0 0x0 0x0 0x0 0x9 0x1 0x0 oops 0 methods 0
ciMethodData jdk/internal/util/ArraysSupport hashCodeOfUnsigned ([BIII)I 2 6174 orig 80 0 0 0 0 0 0 0 0 0 0 0 0 0 0 0 0 0 0 0 0 0 0 0 0 0 0 0 0 0 0 0 0 0 0 0 0 0 0 0 1 0 0 0 0 0 0 0 0 0 0 0 0 0 0 0 0 0 0 0 0 0 0 0 0 0 0 0 0 0 0 0 0 0 0 0 0 0 0 0 0 data 30 0x8000000600010008 0x6 0x1813 0x80 0xb 0x40 0x2 0x58 0x1d0003 0xb 0x50 0x270002 0x2 0x2b0003 0x2 0x28 0x330002 0x1813 0x0 0x0 0x0 0x0 0x0 0x0 0x9 0x4 0x0 0x0 0x0 0x0 oops 0 methods 0
ciMethodData java/util/concurrent/ConcurrentHashMap tabAt ([Ljava/util/concurrent/ConcurrentHashMap$Node;I)Ljava/util/concurrent/ConcurrentHashMap$Node; 2 5153 orig 80 0 0 0 0 0 0 0 0 0 0 0 0 0 0 0 0 0 0 0 0 0 0 0 0 0 0 0 0 0 0 0 0 0 0 0 0 0 0 0 0 0 0 0 0 0 0 0 0 0 0 0 0 0 0 0 0 0 0 0 0 0 0 0 0 0 0 0 0 0 0 0 0 0 0 0 0 0 0 0 0 data 25 0xe000b 0x3 0x1746ac04948 0x141e 0x0 0x0 0x2 0x1 0x17470021d08 0x110104 0x0 0x17470021c60 0x9e9 0x1747164f030 0x260 0x0 0x0 0x0 0x0 0x0 0x0 0x9 0x2 0x0 0x0 oops 4 2 jdk/internal/misc/Unsafe 8 [Ljava/util/concurrent/ConcurrentHashMap$Node; 11 java/util/concurrent/ConcurrentHashMap$Node 13 java/util/concurrent/ConcurrentHashMap$ForwardingNode methods 0
ciMethodData java/lang/String length ()I 2 562940 orig 80 0 0 0 0 0 0 0 0 0 0 0 0 0 0 0 0 0 0 0 0 0 0 0 0 0 0 0 0 0 0 0 0 0 0 0 0 0 0 0 0 0 0 0 0 0 0 0 0 0 0 0 0 0 0 0 0 0 0 0 0 0 0 0 0 0 0 0 0 0 0 0 0 0 0 0 0 0 0 0 0 data 15 0x60005 0x1 0x1746ac01e08 0x89753 0x0 0x0 0x0 0x0 0x0 0x0 0x0 0x0 0x9 0x1 0x0 oops 1 2 java/lang/String methods 0
ciMethodData java/lang/String equals (Ljava/lang/Object;)Z 2 5795 orig 80 1 0 0 0 0 0 0 0 0 0 0 0 0 0 0 0 0 0 0 0 5 0 0 0 0 0 0 0 0 0 0 0 0 0 0 0 0 0 0 0 0 0 0 0 0 0 0 0 0 0 0 0 0 0 0 0 0 0 0 0 0 0 0 0 0 0 0 0 0 0 0 0 0 0 0 0 0 0 0 0 data 47 0x20007 0x14ce 0x20 0x1d5 0x8000000400080104 0x0 0x1746ac01e08 0x137b 0x1746ac01e90 0x6 0xb0007 0x158 0xd8 0x137b 0xf0004 0x0 0x1746ac01e08 0x137b 0x0 0x0 0x160007 0x0 0x40 0x137b 0x210007 0x0 0x68 0x137b 0x2c0002 0x137b 0x2f0007 0xd39 0x38 0x642 0x330003 0x642 0x18 0x0 0x0 0x0 0x0 0x0 0x0 0x9 0x2 0x0 0x0 oops 3 6 java/lang/String 8 java/lang/Class 16 java/lang/String methods 0
ciMethodData java/util/concurrent/ConcurrentHashMap spread (I)I 2 49359 orig 80 0 0 0 0 0 0 0 0 0 0 0 0 0 0 0 0 0 0 0 0 0 0 0 0 0 0 0 0 0 0 0 0 0 0 0 0 0 0 0 0 0 0 0 0 0 0 0 0 0 0 0 0 0 0 0 0 0 0 0 0 0 0 0 0 0 0 0 0 0 0 0 0 0 0 0 0 0 0 0 0 data 5 0x0 0x0 0x9 0x1 0x0 oops 0 methods 0
ciMethodData java/util/Objects requireNonNull (Ljava/lang/Object;)Ljava/lang/Object; 2 180880 orig 80 0 0 0 0 0 0 0 0 0 0 0 0 0 0 0 0 0 0 0 0 0 0 0 0 0 0 0 0 0 0 0 0 0 0 0 0 0 0 0 0 0 0 0 0 0 0 0 0 0 0 0 0 0 0 0 0 0 0 0 0 0 0 0 0 0 0 0 0 0 0 0 0 0 0 0 0 0 0 0 0 data 15 0x10007 0x2c291 0x30 0x0 0x80002 0x0 0x0 0x0 0x0 0x0 0x0 0x0 0x9 0x1 0x0 oops 0 methods 0
ciMethodData java/util/concurrent/ConcurrentHashMap get (Ljava/lang/Object;)Ljava/lang/Object; 2 14722 orig 80 1 0 0 0 0 0 0 0 0 0 0 0 0 0 0 0 0 0 0 0 0 0 0 0 0 0 0 0 0 0 0 0 0 0 0 0 0 0 0 1 0 0 0 0 0 0 0 0 0 0 0 0 0 0 0 0 0 0 0 0 0 0 0 0 0 0 0 0 0 0 0 0 0 0 0 0 0 0 0 0 data 97 0x10005 0xdfc 0x1746ac44d28 0x1164 0x1746ac01e08 0x1a26 0x40002 0x3984 0xf0007 0x621 0x278 0x3363 0x170007 0x0 0x258 0x3362 0x220002 0x3362 0x270007 0xe79 0x228 0x24eb 0x330007 0xe8d 0xb0 0x1661 0x3e0007 0xb05 0x90 0xb5c 0x430007 0x0 0xf8 0xb5c 0x490005 0x156 0x1746ac44d28 0x312 0x1746ac01e08 0x6f4 0x80000006004c0007 0x2 0xa8 0xb5b 0x560007 0xe8c 0x88 0x0 0x5d0005 0x0 0x0 0x0 0x0 0x0 0x630007 0x0 0x38 0x0 0x6b0003 0x0 0x18 0x760007 0x797 0xd0 0xa8f 0x7f0007 0x397 0xffffffffffffffe0 0x6f8 0x8a0007 0x352 0x90 0x3a6 0x8f0007 0x0 0xffffffffffffffa0 0x3a6 0x950005 0x26 0x1746ac01e08 0x2d2 0x1746ac44d28 0xae 0x980007 0x0 0xffffffffffffff50 0x3a6 0x0 0x0 0x0 0x0 0x0 0x0 0x9 0x2 0x0 0x0 oops 6 2 jdk/internal/util/StrongReferenceKey 4 java/lang/String 36 jdk/internal/util/StrongReferenceKey 38 java/lang/String 79 java/lang/String 81 jdk/internal/util/StrongReferenceKey methods 0
ciMethodData jdk/internal/util/ArraysSupport mismatch ([BI[BII)I 2 5149 orig 80 0 0 0 0 0 0 0 0 0 0 0 0 0 0 0 0 0 0 0 0 0 0 0 0 0 0 0 0 0 0 0 0 0 0 0 0 0 0 0 0 0 0 0 0 0 0 0 0 0 0 0 0 0 0 0 0 0 0 0 0 0 0 0 0 0 0 0 0 0 0 0 0 0 0 0 0 0 0 0 0 data 38 0x70007 0x11b2 0x70 0x26b 0x100007 0xcc 0x20 0x19f 0x300002 0xcc 0x370007 0xbb 0x20 0x11 0x4a0007 0x27b 0x58 0x1785 0x590007 0x793 0x20 0xff2 0x620003 0x793 0xffffffffffffffc0 0x0 0x0 0x0 0x0 0x0 0x0 0x9 0x5 0x0 0x0 0x0 0x0 0x0 oops 0 methods 0
ciMethodData java/lang/String startsWith (Ljava/lang/String;I)Z 2 15573 orig 80 1 0 0 0 0 0 0 0 0 0 0 0 0 0 0 0 0 0 0 0 0 0 0 0 0 0 0 0 0 0 0 0 0 0 0 0 0 0 0 1 0 0 0 0 0 0 0 0 0 0 0 0 0 0 0 0 0 0 0 0 0 0 0 0 0 0 0 0 0 0 0 0 0 0 0 0 0 0 0 0 data 74 0x8000000600010007 0x30 0xa0 0x3ca6 0x60005 0x4d 0x1746ac01e08 0x3c59 0x0 0x0 0xa0005 0x4d 0x1746ac01e08 0x3c5c 0x0 0x0 0xe0007 0x3c15 0x20 0x96 0x270005 0x4b 0x1746ac01e08 0x3bca 0x0 0x0 0x2f0005 0x4b 0x1746ac01e08 0x3bc9 0x0 0x0 0x320007 0x0 0x88 0x3c12 0x380007 0x3c12 0x20 0x0 0x460002 0x3c12 0x490007 0x38d8 0x38 0x33b 0x4d0003 0x33b 0x18 0x540007 0x0 0x20 0x0 0x5d0007 0x0 0x50 0x0 0x650002 0x0 0x740007 0x0 0xffffffffffffffd0 0x0 0x0 0x0 0x0 0x0 0x0 0x0 0x9 0x3 0x0 0x0 0x0 oops 4 6 java/lang/String 12 java/lang/String 22 java/lang/String 28 java/lang/String methods 0
ciMethodData java/lang/String startsWith (Ljava/lang/String;)Z 2 134950 orig 80 0 0 0 0 0 0 0 0 0 0 0 0 0 0 0 0 0 0 0 0 0 0 0 0 0 0 0 0 0 0 0 0 0 0 0 0 0 0 0 0 0 0 0 0 0 0 0 0 0 0 0 0 0 0 0 0 0 0 0 0 0 0 0 0 0 0 0 0 0 0 0 0 0 0 0 0 0 0 0 0 data 16 0x30005 0x0 0x1746ac01e08 0x20f26 0x0 0x0 0x0 0x0 0x0 0x0 0x0 0x0 0x9 0x2 0x0 0x0 oops 1 2 java/lang/String methods 0
ciMethodData java/util/concurrent/ConcurrentHashMap computeIfAbsent (Ljava/lang/Object;Ljava/util/function/Function;)Ljava/lang/Object; 2 14009 orig 80 1 0 0 0 0 0 0 0 0 0 0 0 0 0 0 0 0 0 0 0 0 0 0 0 0 0 0 0 0 0 0 0 0 0 0 0 0 0 0 1 0 0 0 0 0 0 0 0 0 0 0 0 0 0 0 0 0 0 0 0 0 0 0 0 0 0 0 0 0 0 0 0 0 0 0 0 0 0 0 0 data 307 0x10007 0x0 0x40 0x36b9 0x50007 0x36ba 0x30 0x0 0xc0002 0x0 0x110005 0x34c6 0x17470430088 0xb9 0x1746ac01e08 0x13c 0x140002 0x36bc 0x260007 0x38 0x40 0x36bf 0x2f0007 0x36bd 0x68 0x0 0x330005 0x38 0x0 0x0 0x0 0x0 0x380003 0x38 0x778 0x460002 0x36be 0x4c0007 0x3649 0x160 0x75 0x530002 0x75 0x650002 0x75 0x680007 0x0 0xb8 0x75 0x730005 0x2a 0x17470430130 0x4 0x174704301d8 0x47 0x7b0007 0x0 0x30 0x75 0x860002 0x75 0x910002 0x75 0x940003 0x75 0x28 0x9f0002 0x0 0xa80003 0x75 0x18 0xb50007 0x0 0x38 0x75 0xb80003 0x75 0x638 0xbb0003 0x0 0x608 0xc70007 0x3646 0x68 0x0 0xcf0005 0x0 0x0 0x0 0x0 0x0 0xd40003 0x0 0x5a0 0xda0007 0x7e0 0xd0 0x2e6b 0xe60007 0x79 0x90 0x2df3 0xeb0007 0x0 0x90 0x2df2 0xf10005 0x2c77 0x17470430088 0x84 0x1746ac01e08 0xf7 0x8000000600f40007 0x1 0x40 0x2df4 0xff0007 0x0 0x20 0x2e6d 0x1120002 0x7e1 0x1170007 0x0 0x400 0x7e1 0x11c0007 0x0 0x1e0 0x7e1 0x12c0007 0x98d 0xc8 0x7c8 0x1380007 0x14 0x90 0x7b4 0x13d0007 0x0 0x88 0x7b4 0x1430005 0x29 0x1746ac01e08 0x3d 0x1746ac04b88 0x74e 0x1460007 0x1 0x38 0x7b3 0x1500003 0x7c7 0xf8 0x15f0007 0x974 0xc8 0x1a 0x1640005 0x1 0x17470430280 0x15 0x17470430328 0x4 0x16c0007 0x0 0x90 0x1a 0x1740007 0x1a 0x30 0x0 0x17d0002 0x0 0x18e0002 0x1a 0x1940003 0x1a 0x30 0x19a0003 0x974 0xfffffffffffffe70 0x19d0003 0x7e1 0x218 0x1a20004 0x0 0x0 0x0 0x0 0x0 0x1a50007 0x0 0x170 0x0 0x1ad0004 0x0 0x0 0x0 0x0 0x0 0x1ba0007 0x0 0x88 0x0 0x1c20005 0x0 0x0 0x0 0x0 0x0 0x1c80007 0x0 0x38 0x0 0x1d20003 0x0 0x98 0x1d70005 0x0 0x0 0x0 0x0 0x0 0x1df0007 0x0 0x50 0x0 0x1eb0005 0x0 0x0 0x0 0x0 0x0 0x1ef0003 0x0 0x78 0x1f40004 0x0 0x0 0x0 0x0 0x0 0x1f70007 0x0 0x30 0x0 0x2000002 0x0 0x2070003 0x7e1 0x18 0x2140007 0x0 0x90 0x7e1 0x21b0007 0x7e1 0x50 0x0 0x2230005 0x0 0x0 0x0 0x0 0x0 0x2280007 0x1a 0x38 0x7c6 0x22e0003 0x38 0xfffffffffffff818 0x2330007 0x0 0x50 0x8f 0x23a0005 0x8f 0x0 0x0 0x0 0x0 0x0 0x0 0x0 0x0 0x0 0x0 0x0 0x0 0x0 0x0 0x0 0x0 0x9 0x3 0x0 0x0 0x0 0x970001 0x970001 0xab0001 0xab0001 0x20a0001 0x20a0001 oops 10 12 java/security/SecureClassLoader$CodeSourceKey 14 java/lang/String 51 java/lang/invoke/ClassSpecializer$1 53  @bci org/springframework/boot/loader/zip/ZipContent getInfo (Ljava/lang/Class;Ljava/util/function/Function;)Ljava/lang/Object; 51 <appendix> member <vmtarget> ; 108 java/security/SecureClassLoader$CodeSourceKey 110 java/lang/String 144 java/lang/String 146 java/net/URL 161  @bci org/springframework/boot/loader/net/protocol/jar/JarFileUrlKey get (Ljava/net/URL;)Ljava/lang/String; 45 <appendix> argL0 ; 163 java/security/SecureClassLoader$1 methods 0
ciMethodData java/lang/invoke/Invokers$Holder linkToTargetMethod (Ljava/lang/Object;)Ljava/lang/Object; 2 32813 orig 80 0 0 0 0 0 0 0 0 0 0 0 0 0 0 0 0 0 0 0 0 0 0 0 0 0 0 0 0 0 0 0 0 0 0 0 0 0 0 0 0 0 0 0 0 0 0 0 0 0 0 0 0 0 0 0 0 0 0 0 0 0 0 0 0 0 0 0 0 0 0 0 0 0 0 0 0 0 0 0 0 data 27 0x10004 0x0 0x1747001bd58 0x26f 0x0 0x0 0x4000b 0x7de0 0x1747001bd58 0x24e 0x0 0x0 0x1 0x2 0x0 0x0 0x0 0x0 0x0 0x0 0x9 0x1 0x0 0xc 0x2 0x0 0x1747001bd58 oops 3 2 java/lang/invoke/BoundMethodHandle$Species_L 8 java/lang/invoke/BoundMethodHandle$Species_L 26 java/lang/invoke/BoundMethodHandle$Species_L methods 0
ciMethodData java/lang/invoke/LambdaForm$Holder constant_L (Ljava/lang/Object;)Ljava/lang/Object; 2 32831 orig 80 0 0 0 0 0 0 0 0 0 0 0 0 0 0 0 0 0 0 0 0 0 0 0 0 0 0 0 0 0 0 0 0 0 0 0 0 0 0 0 0 0 0 0 0 0 0 0 0 0 0 0 0 0 0 0 0 0 0 0 0 0 0 0 0 0 0 0 0 0 0 0 0 0 0 0 0 0 0 0 0 data 19 0x10004 0x0 0x1747001bd58 0x281 0x0 0x0 0x0 0x0 0x0 0x0 0x0 0x0 0x9 0x1 0x0 0xc 0x2 0x0 0x1747001bd58 oops 2 2 java/lang/invoke/BoundMethodHandle$Species_L 18 java/lang/invoke/BoundMethodHandle$Species_L methods 0
ciMethodData java/util/AbstractCollection <init> ()V 2 44524 orig 80 0 0 0 0 0 0 0 0 0 0 0 0 0 0 0 0 0 0 0 0 0 0 0 0 0 0 0 0 0 0 0 0 0 0 0 0 0 0 0 0 0 0 0 0 0 0 0 0 0 0 0 0 0 0 0 0 0 0 0 0 0 0 0 0 0 0 0 0 0 0 0 0 0 0 0 0 0 0 0 0 data 7 0x10002 0xadec 0x0 0x0 0x9 0x1 0x0 oops 0 methods 0
ciMethodData java/util/AbstractList <init> ()V 2 13682 orig 80 0 0 0 0 0 0 0 0 0 0 0 0 0 0 0 0 0 0 0 0 0 0 0 0 0 0 0 0 0 0 0 0 0 0 0 0 0 0 0 0 0 0 0 0 0 0 0 0 0 0 0 0 0 0 0 0 0 0 0 0 0 0 0 0 0 0 0 0 0 0 0 0 0 0 0 0 0 0 0 0 data 9 0x10002 0x3572 0x0 0x0 0x0 0x0 0x9 0x1 0x0 oops 0 methods 0
ciMethodData java/util/ArrayList add (Ljava/lang/Object;)Z 2 14471 orig 80 0 0 0 0 0 0 0 0 0 0 0 0 0 0 0 0 0 0 0 0 0 0 0 0 0 0 0 0 0 0 0 0 0 0 0 0 0 0 0 0 0 0 0 0 0 0 0 0 0 0 0 0 0 0 0 0 0 0 0 0 0 0 0 0 0 0 0 0 0 0 0 0 0 0 0 0 0 0 0 0 data 16 0x140005 0x3887 0x0 0x0 0x0 0x0 0x0 0x0 0x0 0x0 0x0 0x0 0x9 0x2 0xe 0x0 oops 0 methods 0
ciMethodData java/util/ArrayList <init> ()V 2 5942 orig 80 0 0 0 0 0 0 0 0 0 0 0 0 0 0 0 0 0 0 0 0 0 0 0 0 0 0 0 0 0 0 0 0 0 0 0 0 0 0 0 0 0 0 0 0 0 0 0 0 0 0 0 0 0 0 0 0 0 0 0 0 0 0 0 0 0 0 0 0 0 0 0 0 0 0 0 0 0 0 0 0 data 9 0x10002 0x1736 0x0 0x0 0x0 0x0 0x9 0x1 0x0 oops 0 methods 0
ciMethodData java/util/ArrayList isEmpty ()Z 2 5372 orig 80 0 0 0 0 0 0 0 0 0 0 0 0 0 0 0 0 0 0 0 0 0 0 0 0 0 0 0 0 0 0 0 0 0 0 0 0 0 0 0 0 0 0 0 0 0 0 0 0 0 0 0 0 0 0 0 0 0 0 0 0 0 0 0 0 0 0 0 0 0 0 0 0 0 0 0 0 0 0 0 0 data 13 0x40007 0xbc5 0x38 0x937 0x80003 0x937 0x18 0x0 0x0 0x0 0x9 0x1 0x0 oops 0 methods 0
ciMethod sun/reflect/generics/repository/GenericDeclRepository getTypeParameters ()[Ljava/lang/reflect/TypeVariable; 624 0 1037 0 -1
ciMethod java/lang/reflect/TypeVariable getBounds ()[Ljava/lang/reflect/Type; 0 0 1 0 -1
ciMethod java/lang/reflect/ParameterizedType getActualTypeArguments ()[Ljava/lang/reflect/Type; 0 0 1 0 -1
ciMethod java/lang/reflect/ParameterizedType getRawType ()Ljava/lang/reflect/Type; 0 0 1 0 -1
ciMethod java/lang/reflect/WildcardType getUpperBounds ()[Ljava/lang/reflect/Type; 0 0 1 0 -1
ciMethod java/lang/reflect/WildcardType getLowerBounds ()[Ljava/lang/reflect/Type; 0 0 1 0 -1
ciMethodData java/util/ArrayList$Itr hasNext ()Z 2 5124 orig 80 0 0 0 0 0 0 0 0 0 0 0 0 0 0 0 0 0 0 0 0 0 0 0 0 0 0 0 0 0 0 0 0 0 0 0 0 0 0 0 0 0 0 0 0 0 0 0 0 0 0 0 0 0 0 0 0 0 0 0 0 0 0 0 0 0 0 0 0 0 0 0 0 0 0 0 0 0 0 0 0 data 14 0xb0007 0xa50 0x38 0x9b4 0xf0003 0x9b4 0x18 0x0 0x0 0x0 0x0 0x9 0x1 0x0 oops 0 methods 0
ciMethodData java/util/ArrayList$Itr next ()Ljava/lang/Object; 2 5159 orig 80 0 0 0 0 0 0 0 0 0 0 0 0 0 0 0 0 0 0 0 0 0 0 0 0 0 0 0 0 0 0 0 0 0 0 0 0 0 0 0 0 0 0 0 0 0 0 0 0 0 0 0 0 0 0 0 0 0 0 0 0 0 0 0 0 0 0 0 0 0 0 0 0 0 0 0 0 0 0 0 0 data 27 0x10005 0x0 0x17470c59a10 0x1427 0x0 0x0 0x110007 0x1427 0x30 0x0 0x180002 0x0 0x270007 0x1427 0x30 0x0 0x2e0002 0x0 0x0 0x0 0x0 0x0 0x0 0x0 0x9 0x1 0x6 oops 1 2 java/util/ArrayList$Itr methods 0
ciMethodData java/util/ArrayList$Itr checkForComodification ()V 2 5166 orig 80 0 0 0 0 0 0 0 0 0 0 0 0 0 0 0 0 0 0 0 0 0 0 0 0 0 0 0 0 0 0 0 0 0 0 0 0 0 0 0 0 0 0 0 0 0 0 0 0 0 0 0 0 0 0 0 0 0 0 0 0 0 0 0 0 0 0 0 0 0 0 0 0 0 0 0 0 0 0 0 0 data 13 0xb0007 0x142e 0x30 0x0 0x120002 0x0 0x0 0x0 0x0 0x0 0x9 0x1 0x0 oops 0 methods 0
ciMethodData java/util/ArrayList iterator ()Ljava/util/Iterator; 2 5121 orig 80 0 0 0 0 0 0 0 0 0 0 0 0 0 0 0 0 0 0 0 0 0 0 0 0 0 0 0 0 0 0 0 0 0 0 0 0 0 0 0 0 0 0 0 0 0 0 0 0 0 0 0 0 0 0 0 0 0 0 0 0 0 0 0 0 0 0 0 0 0 0 0 0 0 0 0 0 0 0 0 0 data 8 0x50002 0x1402 0x0 0x0 0x0 0x9 0x1 0x0 oops 0 methods 0
ciMethodData java/util/ArrayList$Itr <init> (Ljava/util/ArrayList;)V 2 5122 orig 80 0 0 0 0 0 0 0 0 0 0 0 0 0 0 0 0 0 0 0 0 0 0 0 0 0 0 0 0 0 0 0 0 0 0 0 0 0 0 0 0 0 0 0 0 0 0 0 0 0 0 0 0 0 0 0 0 0 0 0 0 0 0 0 0 0 0 0 0 0 0 0 0 0 0 0 0 0 0 0 0 data 14 0x30002 0x1402 0xb0002 0x1402 0x0 0x0 0x0 0x0 0x0 0x0 0x9 0x2 0xc 0x0 oops 0 methods 0
ciMethodData java/util/concurrent/CopyOnWriteArrayList$COWIterator hasNext ()Z 2 7669 orig 80 0 0 0 0 0 0 0 0 0 0 0 0 0 0 0 0 0 0 0 0 0 0 0 0 0 0 0 0 0 0 0 0 0 0 0 0 0 0 0 0 0 0 0 0 0 0 0 0 0 0 0 0 0 0 0 0 0 0 0 0 0 0 0 0 0 0 0 0 0 0 0 0 0 0 0 0 0 0 0 0 data 14 0x90007 0x22d 0x38 0x1bc8 0xd0003 0x1bc8 0x18 0x0 0x0 0x0 0x0 0x9 0x1 0x0 oops 0 methods 0
ciMethodData java/util/concurrent/CopyOnWriteArrayList$COWIterator next ()Ljava/lang/Object; 2 3523 orig 80 0 0 0 0 0 0 0 0 0 0 0 0 0 0 0 0 0 0 0 0 0 0 0 0 0 0 0 0 0 0 0 0 0 0 0 0 0 0 0 0 0 0 0 0 0 0 0 0 0 0 0 0 0 0 0 0 0 0 0 0 0 0 0 0 0 0 0 0 0 0 0 0 0 0 0 0 0 0 0 0 data 21 0x10005 0x1 0x174720f3008 0xdc2 0x0 0x0 0x40007 0xdc3 0x30 0x0 0xb0002 0x0 0x0 0x0 0x0 0x0 0x0 0x0 0x9 0x1 0x6 oops 1 2 java/util/concurrent/CopyOnWriteArrayList$COWIterator methods 0
ciMethodData java/util/concurrent/ConcurrentHashMap containsKey (Ljava/lang/Object;)Z 2 14009 orig 80 0 0 0 0 0 0 0 0 0 0 0 0 0 0 0 0 0 0 0 0 0 0 0 0 0 0 0 0 0 0 0 0 0 0 0 0 0 0 0 0 0 0 0 0 0 0 0 0 0 0 0 0 0 0 0 0 0 0 0 0 0 0 0 0 0 0 0 0 0 0 0 0 0 0 0 0 0 0 0 0 data 23 0x20005 0x0 0x1746ac04fc8 0x36b9 0x0 0x0 0x50007 0x2efa 0x38 0x7bf 0x90003 0x7bf 0x18 0x0 0x0 0x0 0x0 0x0 0x0 0x9 0x2 0x0 0x0 oops 1 2 java/util/concurrent/ConcurrentHashMap methods 0
ciMethodData java/util/IdentityHashMap maskNull (Ljava/lang/Object;)Ljava/lang/Object; 2 8321 orig 80 0 0 0 0 0 0 0 0 0 0 0 0 0 0 0 0 0 0 0 0 0 0 0 0 0 0 0 0 0 0 0 0 0 0 0 0 0 0 0 0 0 0 0 0 0 0 0 0 0 0 0 0 0 0 0 0 0 0 0 0 0 0 0 0 0 0 0 0 0 0 0 0 0 0 0 0 0 0 0 0 data 16 0x10007 0x2081 0x38 0x0 0x70003 0x0 0x18 0x0 0x0 0x0 0x0 0x0 0x0 0x9 0x1 0x0 oops 0 methods 0
ciMethodData java/util/IdentityHashMap hash (Ljava/lang/Object;I)I 2 8321 orig 80 0 0 0 0 0 0 0 0 0 0 0 0 0 0 0 0 0 0 0 0 0 0 0 0 0 0 0 0 0 0 0 0 0 0 0 0 0 0 0 0 0 0 0 0 0 0 0 0 0 0 0 0 0 0 0 0 0 0 0 0 0 0 0 0 0 0 0 0 0 0 0 0 0 0 0 0 0 0 0 0 data 12 0x10002 0x2081 0x0 0x0 0x0 0x0 0x0 0x0 0x9 0x2 0x0 0x0 oops 0 methods 0
ciMethodData java/util/IdentityHashMap nextKeyIndex (II)I 2 7203 orig 80 0 0 0 0 0 0 0 0 0 0 0 0 0 0 0 0 0 0 0 0 0 0 0 0 0 0 0 0 0 0 0 0 0 0 0 0 0 0 0 0 0 0 0 0 0 0 0 0 0 0 0 0 0 0 0 0 0 0 0 0 0 0 0 0 0 0 0 0 0 0 0 0 0 0 0 0 0 0 0 0 data 12 0x40007 0x476 0x38 0x17ad 0xa0003 0x17ad 0x18 0x0 0x9 0x2 0x0 0x0 oops 0 methods 0
ciMethodData java/lang/Class getTypeParameters ()[Ljava/lang/reflect/TypeVariable; 1 719 orig 80 0 0 0 0 0 0 0 0 0 0 0 0 0 0 0 0 0 0 0 0 0 0 0 0 0 0 0 0 0 0 0 0 0 0 0 0 0 0 0 0 0 0 0 0 0 0 0 0 0 0 0 0 0 0 0 0 0 0 0 0 0 0 0 0 0 0 0 0 0 0 0 0 0 0 0 0 0 0 0 0 data 25 0x10005 0x2cf 0x0 0x0 0x0 0x0 0x60007 0x2a 0x50 0x2a5 0xa0005 0x0 0x17470b41f00 0x2a5 0x0 0x0 0x0 0x0 0x0 0x0 0x0 0x0 0x9 0x1 0xffffffffffffffff oops 1 12 sun/reflect/generics/repository/ClassRepository methods 0
ciMethodData java/util/concurrent/ConcurrentHashMap$KeySetView contains (Ljava/lang/Object;)Z 2 9818 orig 80 0 0 0 0 0 0 0 0 0 0 0 0 0 0 0 0 0 0 0 0 0 0 0 0 0 0 0 0 0 0 0 0 0 0 0 0 0 0 0 0 0 0 0 0 0 0 0 0 0 0 0 0 0 0 0 0 0 0 0 0 0 0 0 0 0 0 0 0 0 0 0 0 0 0 0 0 0 0 0 0 data 16 0x50005 0x0 0x1746ac04fc8 0x265a 0x0 0x0 0x0 0x0 0x0 0x0 0x0 0x0 0x9 0x2 0x0 0x0 oops 1 2 java/util/concurrent/ConcurrentHashMap methods 0
ciMethod org/springframework/beans/factory/BeanFactory isTypeMatch (Ljava/lang/String;Lorg/springframework/core/ResolvableType;)Z 0 0 1 0 -1
ciMethod org/springframework/beans/factory/config/ConfigurableBeanFactory getMergedBeanDefinition (Ljava/lang/String;)Lorg/springframework/beans/factory/config/BeanDefinition; 0 0 1 0 -1
ciMethod org/apache/commons/logging/Log isDebugEnabled ()Z 0 0 1 0 -1
ciMethod org/apache/commons/logging/Log isTraceEnabled ()Z 0 0 1 0 -1
ciMethod org/apache/commons/logging/Log info (Ljava/lang/Object;Ljava/lang/Throwable;)V 0 0 1 0 -1
ciMethod org/springframework/util/Assert notNull (Ljava/lang/Object;Ljava/lang/String;)V 512 0 88885 0 96
ciMethod org/springframework/util/ClassUtils isAssignable (Ljava/lang/Class;Ljava/lang/Class;)Z 558 0 7635 0 808
ciMethod org/springframework/util/ClassUtils determineCommonAncestor (Ljava/lang/Class;Ljava/lang/Class;)Ljava/lang/Class; 230 0 161 0 -1
ciMethod org/springframework/util/ClassUtils getUserClass (Ljava/lang/Object;)Ljava/lang/Class; 0 0 20 0 0
ciMethod org/springframework/util/ClassUtils getUserClass (Ljava/lang/Class;)Ljava/lang/Class; 290 0 1231 0 -1
ciMethod org/springframework/util/StringUtils hasLength (Ljava/lang/String;)Z 546 0 13752 0 -1
ciMethod org/springframework/util/CollectionUtils newHashSet (I)Ljava/util/HashSet; 2 0 2 0 -1
ciMethod org/springframework/util/ObjectUtils isEmpty ([Ljava/lang/Object;)Z 512 0 1211 0 0
ciMethod org/springframework/core/ResolvableType <init> (Ljava/lang/Class;)V 768 0 1802 0 -1
ciMethod org/springframework/core/ResolvableType toClass ()Ljava/lang/Class; 918 0 3404 0 0
ciMethod org/springframework/core/ResolvableType isInstance (Ljava/lang/Object;)Z 234 0 2185 0 0
ciMethod org/springframework/core/ResolvableType isAssignableFrom (Ljava/lang/Class;)Z 524 0 430 0 0
ciMethod org/springframework/core/ResolvableType isAssignableFrom (Lorg/springframework/core/ResolvableType;)Z 560 0 398 0 0
ciMethod org/springframework/core/ResolvableType isAssignableFrom (Lorg/springframework/core/ResolvableType;ZLjava/util/Map;Z)Z 850 0 1492 0 0
ciMethod org/springframework/core/ResolvableType isArray ()Z 1024 0 4472 0 -1
ciMethod org/springframework/core/ResolvableType getComponentType ()Lorg/springframework/core/ResolvableType; 0 0 12 0 -1
ciMethod org/springframework/core/ResolvableType as (Ljava/lang/Class;)Lorg/springframework/core/ResolvableType; 806 0 4291 0 -1
ciMethod org/springframework/core/ResolvableType hasGenerics ()Z 402 0 2431 0 0
ciMethod org/springframework/core/ResolvableType hasUnresolvableGenerics ()Z 0 0 1 0 -1
ciMethod org/springframework/core/ResolvableType isUnresolvableTypeVariable ()Z 1024 0 7310 0 -1
ciMethod org/springframework/core/ResolvableType isWildcardWithoutBounds ()Z 0 0 1 0 -1
ciMethod org/springframework/core/ResolvableType getGeneric ([I)Lorg/springframework/core/ResolvableType; 252 68 668 0 0
ciMethod org/springframework/core/ResolvableType getGenerics ()[Lorg/springframework/core/ResolvableType; 1024 854 1249 0 0
ciMethod org/springframework/core/ResolvableType resolve ()Ljava/lang/Class; 256 0 128 0 0
ciMethod org/springframework/core/ResolvableType resolve (Ljava/lang/Class;)Ljava/lang/Class; 784 0 3515 0 -1
ciMethod org/springframework/core/ResolvableType resolveType ()Lorg/springframework/core/ResolvableType; 150 0 7527 0 0
ciMethod org/springframework/core/ResolvableType resolveBounds ([Ljava/lang/reflect/Type;)Ljava/lang/reflect/Type; 0 0 6 0 -1
ciMethod org/springframework/core/ResolvableType asVariableResolver ()Lorg/springframework/core/ResolvableType$VariableResolver; 768 0 3552 0 -1
ciMethod org/springframework/core/ResolvableType forClass (Ljava/lang/Class;)Lorg/springframework/core/ResolvableType; 768 0 1556 0 0
ciMethod org/springframework/core/ResolvableType forMethodReturnType (Ljava/lang/reflect/Method;)Lorg/springframework/core/ResolvableType; 248 0 241 0 -1
ciMethod org/springframework/core/ResolvableType forType (Ljava/lang/reflect/Type;Lorg/springframework/core/ResolvableType;)Lorg/springframework/core/ResolvableType; 742 0 3212 0 0
ciMethod org/springframework/core/ResolvableType forType (Ljava/lang/reflect/Type;Lorg/springframework/core/ResolvableType$VariableResolver;)Lorg/springframework/core/ResolvableType; 518 0 7326 0 0
ciMethod org/springframework/core/ResolvableType forType (Ljava/lang/reflect/Type;Lorg/springframework/core/SerializableTypeWrapper$TypeProvider;Lorg/springframework/core/ResolvableType$VariableResolver;)Lorg/springframework/core/ResolvableType; 518 0 6127 0 -1
ciMethod org/springframework/core/ResolvableType$VariableResolver resolveVariable (Ljava/lang/reflect/TypeVariable;)Lorg/springframework/core/ResolvableType; 0 0 1 0 -1
ciMethod org/springframework/core/ResolvableType$1 getGenerics ()[Lorg/springframework/core/ResolvableType; 512 0 1280 0 88
ciMethod org/springframework/core/ResolvableType$1 isAssignableFrom (Ljava/lang/Class;)Z 512 0 5506 0 808
ciMethod org/springframework/core/ResolvableType$1 isAssignableFrom (Lorg/springframework/core/ResolvableType;)Z 514 0 5453 0 816
ciMethodData org/springframework/util/Assert notNull (Ljava/lang/Object;Ljava/lang/String;)V 2 88629 orig 80 0 0 0 0 0 0 0 0 0 0 0 0 0 0 0 0 0 0 0 0 0 0 0 0 0 0 0 0 0 0 0 0 0 0 0 0 0 0 0 0 0 0 0 0 0 0 0 0 0 0 0 0 0 0 0 0 0 0 0 0 0 0 0 0 0 0 0 0 0 0 0 0 0 0 0 0 0 0 0 0 data 16 0x10007 0x15a35 0x30 0x0 0x90002 0x0 0x0 0x0 0x0 0x0 0x0 0x0 0x9 0x2 0x0 0x0 oops 0 methods 0
ciMethodData org/springframework/core/ResolvableType forType (Ljava/lang/reflect/Type;Lorg/springframework/core/ResolvableType$VariableResolver;)Lorg/springframework/core/ResolvableType; 2 7115 orig 80 0 0 0 0 0 0 0 0 0 0 0 0 0 0 0 0 0 0 0 0 0 0 0 0 0 0 0 0 0 0 0 0 0 0 0 0 0 0 0 0 0 0 0 0 0 0 0 0 0 0 0 0 0 0 0 0 0 0 0 0 0 0 0 0 0 0 0 0 0 0 0 0 0 0 0 0 0 0 0 0 data 12 0x30002 0x1bcb 0x0 0x0 0x0 0x0 0x0 0x0 0x9 0x2 0x0 0x0 oops 0 methods 0
ciMethodData org/springframework/core/ResolvableType resolveType ()Lorg/springframework/core/ResolvableType; 2 7452 orig 80 1 0 0 0 0 0 0 0 0 0 0 0 0 0 0 0 0 0 0 0 0 0 0 0 0 0 0 0 0 0 0 0 0 0 0 0 0 0 0 1 0 0 0 0 0 0 0 0 0 0 0 0 0 0 0 0 0 0 0 0 0 0 0 0 0 0 0 0 0 0 0 0 0 0 0 0 0 0 0 0 data 124 0x60004 0x1cc8 0x174704a8330 0x36 0x17470432328 0x1e 0x90007 0x1164 0x90 0xbb8 0xd0004 0xc 0x174704a8330 0x36 0x17470c46d70 0xb76 0x120005 0xc 0x174704a8330 0x36 0x17470c46d70 0xb76 0x1b0002 0xbb8 0x250004 0x0 0x17470432328 0x1e 0x1746ac01e90 0x1146 0x8000000600280007 0x1164 0x140 0x1 0x2c0004 0x0 0x174704323d0 0x1 0x0 0x0 0x320005 0x0 0x174704323d0 0x1 0x0 0x0 0x370005 0x1 0x0 0x0 0x0 0x0 0x3c0007 0x1 0x80 0x0 0x410005 0x0 0x0 0x0 0x0 0x0 0x460005 0x0 0x0 0x0 0x0 0x0 0x4f0002 0x1 0x590004 0x0 0x17470432328 0x1e 0x1746ac01e90 0x1146 0x5c0007 0x1146 0x130 0x1e 0x600004 0x0 0x17470432328 0x1e 0x0 0x0 0x680007 0x0 0x70 0x1e 0x700005 0x0 0x17470432478 0x1e 0x0 0x0 0x770007 0x0 0x20 0x1e 0x7e0005 0x0 0x0 0x0 0x0 0x0 0x830005 0x0 0x0 0x0 0x0 0x0 0x8a0002 0x0 0x0 0x0 0x0 0x0 0x0 0x0 0x0 0x9 0x1 0x0 oops 14 2 sun/reflect/generics/reflectiveObjects/ParameterizedTypeImpl 4 sun/reflect/generics/reflectiveObjects/TypeVariableImpl 12 sun/reflect/generics/reflectiveObjects/ParameterizedTypeImpl 14 org/springframework/core/ResolvableType$SyntheticParameterizedType 18 sun/reflect/generics/reflectiveObjects/ParameterizedTypeImpl 20 org/springframework/core/ResolvableType$SyntheticParameterizedType 26 sun/reflect/generics/reflectiveObjects/TypeVariableImpl 28 java/lang/Class 36 org/springframework/core/$Proxy75 42 org/springframework/core/$Proxy75 72 sun/reflect/generics/reflectiveObjects/TypeVariableImpl 74 java/lang/Class 82 sun/reflect/generics/reflectiveObjects/TypeVariableImpl 92 org/springframework/core/ResolvableType$DefaultVariableResolver methods 0
ciMethod org/springframework/core/ParameterNameDiscoverer getParameterNames (Ljava/lang/reflect/Method;)[Ljava/lang/String; 0 0 1 0 -1
ciMethodData org/springframework/core/ResolvableType resolve (Ljava/lang/Class;)Ljava/lang/Class; 2 3131 orig 80 0 0 0 0 0 0 0 0 0 0 0 0 0 0 0 0 0 0 0 0 0 0 0 0 0 0 0 0 0 0 0 0 0 0 0 0 0 0 0 0 0 0 0 0 0 0 0 0 0 0 0 0 0 0 0 0 0 0 0 0 0 0 0 0 0 0 0 0 0 0 0 0 0 0 0 0 0 0 0 0 data 17 0x40007 0x0 0x38 0xc3b 0xb0003 0xc3b 0x18 0x0 0x0 0x0 0x0 0x0 0x0 0x9 0x2 0x0 0x0 oops 0 methods 0
ciMethod org/springframework/beans/factory/config/BeanDefinition getParentName ()Ljava/lang/String; 0 0 1 0 -1
ciMethod org/springframework/beans/factory/config/BeanDefinition getScope ()Ljava/lang/String; 0 0 1 0 -1
ciMethod org/springframework/beans/factory/config/BeanDefinition isSingleton ()Z 0 0 1 0 -1
ciMethod org/springframework/beans/factory/support/DefaultListableBeanFactory containsBeanDefinition (Ljava/lang/String;)Z 60 0 5878 0 0
ciMethod org/springframework/beans/factory/support/DefaultListableBeanFactory getBeanDefinition (Ljava/lang/String;)Lorg/springframework/beans/factory/config/BeanDefinition; 80 0 1650 0 0
ciMethod org/springframework/beans/factory/support/AbstractAutowireCapableBeanFactory predictBeanType (Ljava/lang/String;Lorg/springframework/beans/factory/support/RootBeanDefinition;[Ljava/lang/Class;)Ljava/lang/Class; 386 0 26487 0 0
ciMethod org/springframework/beans/factory/support/AbstractAutowireCapableBeanFactory getInstantiationStrategy ()Lorg/springframework/beans/factory/support/InstantiationStrategy; 126 0 58 0 0
ciMethod org/springframework/beans/factory/support/AbstractAutowireCapableBeanFactory getParameterNameDiscoverer ()Lorg/springframework/core/ParameterNameDiscoverer; 26 0 7 0 -1
ciMethod org/springframework/beans/factory/support/AbstractAutowireCapableBeanFactory determineTargetType (Ljava/lang/String;Lorg/springframework/beans/factory/support/RootBeanDefinition;[Ljava/lang/Class;)Ljava/lang/Class; 786 0 19608 0 508
ciMethod org/springframework/beans/factory/support/AbstractAutowireCapableBeanFactory getTypeForFactoryMethod (Ljava/lang/String;Lorg/springframework/beans/factory/support/RootBeanDefinition;[Ljava/lang/Class;)Ljava/lang/Class; 22 44 152 0 0
ciMethod org/springframework/beans/factory/support/AbstractAutowireCapableBeanFactory getTypeForFactoryBean (Ljava/lang/String;Lorg/springframework/beans/factory/support/RootBeanDefinition;Z)Lorg/springframework/core/ResolvableType; 6 0 567 0 0
ciMethod org/springframework/beans/factory/support/AbstractAutowireCapableBeanFactory getTypeForFactoryBeanFromMethod (Ljava/lang/Class;Ljava/lang/String;)Lorg/springframework/core/ResolvableType; 108 0 89 0 -1
ciMethod org/springframework/beans/factory/support/AbstractAutowireCapableBeanFactory getSingletonFactoryBeanForTypeCheck (Ljava/lang/String;Lorg/springframework/beans/factory/support/RootBeanDefinition;)Lorg/springframework/beans/factory/FactoryBean; 0 0 16 0 -1
ciMethod org/springframework/beans/factory/support/AbstractAutowireCapableBeanFactory getNonSingletonFactoryBeanForTypeCheck (Ljava/lang/String;Lorg/springframework/beans/factory/support/RootBeanDefinition;)Lorg/springframework/beans/factory/FactoryBean; 0 0 1 0 -1
ciMethod org/springframework/beans/factory/support/AbstractBeanFactory isTypeMatch (Ljava/lang/String;Lorg/springframework/core/ResolvableType;Z)Z 548 0 28184 0 -1
ciMethod org/springframework/beans/factory/support/AbstractBeanFactory getType (Ljava/lang/String;)Ljava/lang/Class; 252 0 145 0 -1
ciMethod org/springframework/beans/factory/support/AbstractBeanFactory getParentBeanFactory ()Lorg/springframework/beans/factory/BeanFactory; 264 0 132 0 0
ciMethod org/springframework/beans/factory/support/AbstractBeanFactory getBeanClassLoader ()Ljava/lang/ClassLoader; 256 0 128 0 -1
ciMethod org/springframework/beans/factory/support/AbstractBeanFactory getTempClassLoader ()Ljava/lang/ClassLoader; 256 0 128 0 0
ciMethod org/springframework/beans/factory/support/AbstractBeanFactory isCacheBeanMetadata ()Z 256 0 128 0 -1
ciMethod org/springframework/beans/factory/support/AbstractBeanFactory getBeanPostProcessorCache ()Lorg/springframework/beans/factory/support/AbstractBeanFactory$BeanPostProcessorCache; 636 6 12113 0 0
ciMethod org/springframework/beans/factory/support/AbstractBeanFactory hasInstantiationAwareBeanPostProcessors ()Z 780 0 26297 0 0
ciMethod org/springframework/beans/factory/support/AbstractBeanFactory getMergedBeanDefinition (Ljava/lang/String;)Lorg/springframework/beans/factory/config/BeanDefinition; 0 0 5 0 -1
ciMethod org/springframework/beans/factory/support/AbstractBeanFactory transformedBeanName (Ljava/lang/String;)Ljava/lang/String; 520 0 36718 0 1632
ciMethod org/springframework/beans/factory/support/AbstractBeanFactory originalBeanName (Ljava/lang/String;)Ljava/lang/String; 0 0 1 0 -1
ciMethod org/springframework/beans/factory/support/AbstractBeanFactory getMergedLocalBeanDefinition (Ljava/lang/String;)Lorg/springframework/beans/factory/support/RootBeanDefinition; 278 0 12177 0 1480
ciMethod org/springframework/beans/factory/support/AbstractBeanFactory getMergedBeanDefinition (Ljava/lang/String;Lorg/springframework/beans/factory/config/BeanDefinition;)Lorg/springframework/beans/factory/support/RootBeanDefinition; 46 0 225 0 0
ciMethod org/springframework/beans/factory/support/AbstractBeanFactory getMergedBeanDefinition (Ljava/lang/String;Lorg/springframework/beans/factory/config/BeanDefinition;Lorg/springframework/beans/factory/config/BeanDefinition;)Lorg/springframework/beans/factory/support/RootBeanDefinition; 46 0 683 0 0
ciMethod org/springframework/beans/factory/support/AbstractBeanFactory copyRelevantMergedBeanDefinitionCaches (Lorg/springframework/beans/factory/support/RootBeanDefinition;Lorg/springframework/beans/factory/support/RootBeanDefinition;)V 6 0 310 0 -1
ciMethod org/springframework/beans/factory/support/AbstractBeanFactory resolveBeanClass (Lorg/springframework/beans/factory/support/RootBeanDefinition;Ljava/lang/String;[Ljava/lang/Class;)Ljava/lang/Class; 70 0 218 0 0
ciMethod org/springframework/beans/factory/support/AbstractBeanFactory doResolveBeanClass (Lorg/springframework/beans/factory/support/RootBeanDefinition;[Ljava/lang/Class;)Ljava/lang/Class; 254 0 121 0 -1
ciMethod org/springframework/beans/factory/support/AbstractBeanFactory predictBeanType (Ljava/lang/String;Lorg/springframework/beans/factory/support/RootBeanDefinition;[Ljava/lang/Class;)Ljava/lang/Class; 0 0 1 0 -1
ciMethod org/springframework/beans/factory/support/AbstractBeanFactory isFactoryBean (Ljava/lang/String;Lorg/springframework/beans/factory/support/RootBeanDefinition;)Z 444 0 15113 0 -1
ciMethod org/springframework/beans/factory/support/AbstractBeanFactory getTypeForFactoryBean (Ljava/lang/String;Lorg/springframework/beans/factory/support/RootBeanDefinition;Z)Lorg/springframework/core/ResolvableType; 0 0 1 0 -1
ciMethod org/springframework/beans/factory/support/AbstractBeanFactory isBeanEligibleForMetadataCaching (Ljava/lang/String;)Z 6 0 320 0 -1
ciMethod org/springframework/beans/factory/support/AbstractBeanFactory containsBeanDefinition (Ljava/lang/String;)Z 0 0 1 0 -1
ciMethod org/springframework/beans/factory/support/AbstractBeanFactory getBeanDefinition (Ljava/lang/String;)Lorg/springframework/beans/factory/config/BeanDefinition; 0 0 1 0 -1
ciMethod org/springframework/beans/factory/support/FactoryBeanRegistrySupport getTypeForFactoryBean (Lorg/springframework/beans/factory/FactoryBean;)Ljava/lang/Class; 18 0 165 0 0
ciMethod org/springframework/beans/factory/support/FactoryBeanRegistrySupport getTypeForFactoryBeanFromAttributes (Lorg/springframework/core/AttributeAccessor;)Lorg/springframework/core/ResolvableType; 514 0 567 0 -1
ciMethod org/springframework/beans/factory/support/FactoryBeanRegistrySupport getFactoryBeanGeneric (Lorg/springframework/core/ResolvableType;)Lorg/springframework/core/ResolvableType; 770 0 854 0 -1
ciMethod org/springframework/beans/factory/support/DefaultSingletonBeanRegistry getSingleton (Ljava/lang/String;Z)Ljava/lang/Object; 772 0 13947 0 0
ciMethod org/springframework/beans/factory/support/DefaultSingletonBeanRegistry containsSingleton (Ljava/lang/String;)Z 512 0 50176 0 1256
ciMethod org/springframework/beans/factory/support/DefaultSingletonBeanRegistry isSingletonCurrentlyInCreation (Ljava/lang/String;)Z 172 0 11895 0 1296
ciMethod org/springframework/core/SimpleAliasRegistry canonicalName (Ljava/lang/String;)Ljava/lang/String; 518 0 36723 0 0
ciMethod org/springframework/beans/factory/BeanDefinitionStoreException <init> (Ljava/lang/String;Ljava/lang/String;Ljava/lang/String;Ljava/lang/Throwable;)V 0 0 1 0 -1
ciMethod org/springframework/beans/factory/CannotLoadBeanClassException <init> (Ljava/lang/String;Ljava/lang/String;Ljava/lang/String;Ljava/lang/ClassNotFoundException;)V 0 0 1 0 -1
ciMethod org/springframework/beans/factory/CannotLoadBeanClassException <init> (Ljava/lang/String;Ljava/lang/String;Ljava/lang/String;Ljava/lang/LinkageError;)V 0 0 1 0 -1
ciMethod org/springframework/beans/factory/support/InstantiationStrategy getActualBeanClass (Lorg/springframework/beans/factory/support/RootBeanDefinition;Ljava/lang/String;Lorg/springframework/beans/factory/BeanFactory;)Ljava/lang/Class; 286 0 143 0 -1
ciMethod org/springframework/beans/factory/support/AbstractBeanDefinition overrideFrom (Lorg/springframework/beans/factory/config/BeanDefinition;)V 0 0 1 0 -1
ciMethod org/springframework/beans/factory/support/AbstractBeanDefinition getBeanClassName ()Ljava/lang/String; 516 0 2526 0 -1
ciMethod org/springframework/beans/factory/support/AbstractBeanDefinition getBeanClass ()Ljava/lang/Class; 512 0 997 0 -1
ciMethod org/springframework/beans/factory/support/AbstractBeanDefinition hasBeanClass ()Z 514 0 30476 0 104
ciMethod org/springframework/beans/factory/support/AbstractBeanDefinition setScope (Ljava/lang/String;)V 256 0 128 0 -1
ciMethod org/springframework/beans/factory/support/AbstractBeanDefinition getScope ()Ljava/lang/String; 256 0 128 0 -1
ciMethod org/springframework/beans/factory/support/AbstractBeanDefinition isSingleton ()Z 82 0 1108 0 -1
ciMethod org/springframework/beans/factory/support/AbstractBeanDefinition isLazyInit ()Z 76 0 15793 0 -1
ciMethod org/springframework/beans/factory/support/AbstractBeanDefinition getInstanceSupplier ()Ljava/util/function/Supplier; 256 0 128 0 -1
ciMethod org/springframework/beans/factory/support/AbstractBeanDefinition getFactoryBeanName ()Ljava/lang/String; 266 0 133 0 -1
ciMethod org/springframework/beans/factory/support/AbstractBeanDefinition getFactoryMethodName ()Ljava/lang/String; 256 0 128 0 0
ciMethod org/springframework/beans/factory/support/AbstractBeanDefinition getConstructorArgumentValues ()Lorg/springframework/beans/factory/config/ConstructorArgumentValues; 34 0 36 0 -1
ciMethod org/springframework/beans/factory/support/AbstractBeanDefinition hasConstructorArgumentValues ()Z 518 0 1099 0 -1
ciMethod org/springframework/beans/factory/support/AbstractBeanDefinition hasMethodOverrides ()Z 514 0 1549 0 -1
ciMethod org/springframework/beans/factory/support/AbstractBeanDefinition isSynthetic ()Z 258 0 129 0 0
ciMethod org/springframework/beans/factory/support/AbstractBeanDefinition getResourceDescription ()Ljava/lang/String; 0 0 1 0 -1
ciMethod org/springframework/beans/factory/support/AbstractBeanDefinition prepareMethodOverrides ()V 266 0 164 0 -1
ciMethod org/springframework/beans/factory/support/RootBeanDefinition <init> (Lorg/springframework/beans/factory/config/BeanDefinition;)V 188 0 237 0 -1
ciMethod org/springframework/beans/factory/support/RootBeanDefinition getDecoratedDefinition ()Lorg/springframework/beans/factory/config/BeanDefinitionHolder; 256 0 128 0 0
ciMethod org/springframework/beans/factory/support/RootBeanDefinition getTargetType ()Ljava/lang/Class; 386 0 19628 0 0
ciMethod org/springframework/beans/factory/support/RootBeanDefinition isFactoryMethod (Ljava/lang/reflect/Method;)Z 814 0 2758 0 -1
ciMethod org/springframework/beans/factory/support/RootBeanDefinition cloneBeanDefinition ()Lorg/springframework/beans/factory/support/RootBeanDefinition; 126 0 63 0 -1
ciMethod org/springframework/beans/factory/ObjectFactory getObject ()Ljava/lang/Object; 0 0 1 0 -1
ciMethod org/springframework/beans/factory/support/CglibSubclassingInstantiationStrategy getActualBeanClass (Lorg/springframework/beans/factory/support/RootBeanDefinition;Ljava/lang/String;Lorg/springframework/beans/factory/BeanFactory;)Ljava/lang/Class; 286 0 143 0 0
ciMethod org/springframework/beans/factory/config/BeanDefinitionHolder getBeanDefinition ()Lorg/springframework/beans/factory/config/BeanDefinition; 256 0 128 0 -1
ciMethod org/springframework/beans/factory/config/BeanDefinitionHolder getBeanName ()Ljava/lang/String; 252 0 125 0 -1
ciMethod org/springframework/beans/factory/config/SmartInstantiationAwareBeanPostProcessor predictBeanType (Ljava/lang/Class;Ljava/lang/String;)Ljava/lang/Class; 348 0 174 0 -1
ciMethodData org/springframework/core/ResolvableType forClass (Ljava/lang/Class;)Lorg/springframework/core/ResolvableType; 2 1186 orig 80 0 0 0 0 0 0 0 0 0 0 0 0 0 0 0 0 0 0 0 0 0 0 0 0 0 0 0 0 0 0 0 0 0 0 0 0 0 0 0 0 0 0 0 0 0 0 0 0 0 0 0 0 0 0 0 0 0 0 0 0 0 0 0 0 0 0 0 0 0 0 0 0 0 0 0 0 0 0 0 0 data 8 0x50002 0x4a2 0x0 0x0 0x0 0x9 0x1 0x0 oops 0 methods 0
ciMethod org/springframework/beans/factory/BeanFactoryUtils isFactoryDereference (Ljava/lang/String;)Z 516 0 30153 0 184
ciMethod org/springframework/beans/factory/BeanFactoryUtils transformedBeanName (Ljava/lang/String;)Ljava/lang/String; 520 0 12736 0 280
ciMethod org/springframework/beans/factory/FactoryBean getObjectType ()Ljava/lang/Class; 0 0 1 0 -1
ciMethod org/springframework/beans/factory/support/AbstractBeanFactory$BeanPostProcessorCache <init> ()V 2 0 5 0 0
ciMethodData java/util/IdentityHashMap get (Ljava/lang/Object;)Ljava/lang/Object; 2 8415 orig 80 0 0 0 0 0 0 0 0 0 0 0 0 0 0 0 0 0 0 0 0 0 0 0 0 0 0 0 0 0 0 0 0 0 0 0 0 0 0 0 0 0 0 0 0 0 0 0 0 0 0 0 0 0 0 0 0 0 0 0 0 0 0 0 0 0 0 0 0 0 0 0 0 0 0 0 0 0 0 0 0 data 27 0x10002 0x20df 0x110002 0x20df 0x1f0007 0x3704 0x20 0x65e 0x2b0007 0x1c83 0x20 0x1a81 0x340002 0x1c83 0x390003 0x1c83 0xffffffffffffffb0 0x0 0x0 0x0 0x0 0x0 0x0 0x9 0x2 0x0 0x0 oops 0 methods 0
ciMethodData java/util/concurrent/CopyOnWriteArrayList iterator ()Ljava/util/Iterator; 1 743 orig 80 0 0 0 0 0 0 0 0 0 0 0 0 0 0 0 0 0 0 0 0 0 0 0 0 0 0 0 0 0 0 0 0 0 0 0 0 0 0 0 0 0 0 0 0 0 0 0 0 0 0 0 0 0 0 0 0 0 0 0 0 0 0 0 0 0 0 0 0 0 0 0 0 0 0 0 0 0 0 0 0 data 17 0x50005 0x2 0x1746f81c728 0x2ba 0x174720f2f60 0x2b 0x90002 0x2e7 0x0 0x0 0x0 0x0 0x0 0x0 0x9 0x1 0x0 oops 2 2 java/util/concurrent/CopyOnWriteArrayList 4 org/springframework/beans/factory/support/AbstractBeanFactory$BeanPostProcessorCacheAwareList methods 0
ciMethodData java/util/concurrent/CopyOnWriteArrayList$COWIterator <init> ([Ljava/lang/Object;I)V 1 741 orig 80 0 0 0 0 0 0 0 0 0 0 0 0 0 0 0 0 0 0 0 0 0 0 0 0 0 0 0 0 0 0 0 0 0 0 0 0 0 0 0 0 0 0 0 0 0 0 0 0 0 0 0 0 0 0 0 0 0 0 0 0 0 0 0 0 0 0 0 0 0 0 0 0 0 0 0 0 0 0 0 0 data 11 0x10002 0x2e5 0x0 0x0 0x0 0x0 0x9 0x3 0x6 0x0 0x0 oops 0 methods 0
ciMethodData org/springframework/core/SimpleAliasRegistry canonicalName (Ljava/lang/String;)Ljava/lang/String; 2 36772 orig 80 0 0 0 0 0 0 0 0 0 0 0 0 0 0 0 0 0 0 0 0 0 0 0 0 0 0 0 0 0 0 0 0 0 0 0 0 0 0 0 0 0 0 0 0 0 0 0 0 0 0 0 0 0 0 0 0 0 0 0 0 0 0 0 0 0 0 0 0 0 0 0 0 0 0 0 0 0 0 0 0 data 30 0x70005 0x0 0x1746ac04fc8 0x8fa4 0x0 0x0 0xc0104 0x0 0x0 0x0 0x0 0x0 0x110007 0x8fa4 0x20 0x0 0x170007 0x0 0xffffffffffffff80 0x8fa4 0x0 0x0 0x0 0x0 0x0 0x0 0x9 0x2 0x0 0x0 oops 1 2 java/util/concurrent/ConcurrentHashMap methods 0
ciMethodData org/springframework/beans/factory/support/AbstractBeanFactory transformedBeanName (Ljava/lang/String;)Ljava/lang/String; 2 36458 orig 80 0 0 0 0 0 0 0 0 0 0 0 0 0 0 0 0 0 0 0 0 0 0 0 0 0 0 0 0 0 0 0 0 0 0 0 0 0 0 0 0 0 0 0 0 0 0 0 0 0 0 0 0 0 0 0 0 0 0 0 0 0 0 0 0 0 0 0 0 0 0 0 0 0 0 0 0 0 0 0 0 data 18 0x20002 0x8e6a 0x50005 0x0 0x174705d17b0 0x8e6a 0x0 0x0 0x0 0x0 0x0 0x0 0x0 0x0 0x9 0x2 0x0 0x0 oops 1 4 org/springframework/beans/factory/support/DefaultListableBeanFactory methods 0
ciMethodData org/springframework/beans/factory/BeanFactoryUtils transformedBeanName (Ljava/lang/String;)Ljava/lang/String; 2 12476 orig 80 0 0 0 0 0 0 0 0 0 0 0 0 0 0 0 0 0 0 0 0 0 0 0 0 0 0 0 0 0 0 0 0 0 0 0 0 0 0 0 0 0 0 0 0 0 0 0 0 0 0 0 0 0 0 0 0 0 0 0 0 0 0 0 0 0 0 0 0 0 0 0 0 0 0 0 0 0 0 0 0 data 37 0x30002 0x30bc 0x90005 0x18 0x1746ac01e08 0x30a4 0x0 0x0 0xc0007 0xa9 0x20 0x3013 0x15000a 0xa9 0x1 0x174702f7418 0x1a0005 0x0 0x1746ac04fc8 0xa9 0x0 0x0 0x1f0004 0x0 0x1746ac01e08 0xa9 0x0 0x0 0x0 0x0 0x0 0x0 0x0 0x0 0x9 0x1 0x0 oops 4 4 java/lang/String 15  @bci org/springframework/beans/factory/BeanFactoryUtils transformedBeanName (Ljava/lang/String;)Ljava/lang/String; 21 <appendix> argL0 ; 18 java/util/concurrent/ConcurrentHashMap 24 java/lang/String methods 0
ciMethodData org/springframework/beans/factory/BeanFactoryUtils isFactoryDereference (Ljava/lang/String;)Z 2 30169 orig 80 0 0 0 0 0 0 0 0 0 0 0 0 0 0 0 0 0 0 0 0 0 0 0 0 0 0 0 0 0 0 0 0 0 0 0 0 0 0 0 0 0 0 0 0 0 0 0 0 0 0 0 0 0 0 0 0 0 0 0 0 0 0 0 0 0 0 0 0 0 0 0 0 0 0 0 0 0 0 0 0 data 26 0x10007 0x0 0x88 0x75d9 0x70005 0x0 0x1746ac01e08 0x75d9 0x0 0x0 0xa0007 0x7359 0x38 0x280 0xe0003 0x280 0x18 0x0 0x0 0x0 0x0 0x0 0x0 0x9 0x1 0x0 oops 1 6 java/lang/String methods 0
ciMethodData org/springframework/beans/factory/support/DefaultSingletonBeanRegistry containsSingleton (Ljava/lang/String;)Z 2 50413 orig 80 0 0 0 0 0 0 0 0 0 0 0 0 0 0 0 0 0 0 0 0 0 0 0 0 0 0 0 0 0 0 0 0 0 0 0 0 0 0 0 0 0 0 0 0 0 0 0 0 0 0 0 0 0 0 0 0 0 0 0 0 0 0 0 0 0 0 0 0 0 0 0 0 0 0 0 0 0 0 0 0 data 16 0x50005 0x0 0x1746ac04fc8 0xc4ed 0x0 0x0 0x0 0x0 0x0 0x0 0x0 0x0 0x9 0x2 0x0 0x0 oops 1 2 java/util/concurrent/ConcurrentHashMap methods 0
ciMethodData org/springframework/beans/factory/support/DefaultSingletonBeanRegistry getSingleton (Ljava/lang/String;Z)Ljava/lang/Object; 2 14647 orig 80 1 0 0 0 0 0 0 0 0 0 0 0 0 0 0 0 0 0 0 0 0 0 0 0 0 0 0 0 0 0 0 0 0 0 0 0 0 0 0 1 0 0 0 0 0 0 0 0 0 0 0 0 0 0 0 0 0 0 0 0 0 0 0 0 0 0 0 0 0 0 0 0 0 0 0 0 0 0 0 0 data 140 0x50005 0x0 0x1746ac04fc8 0x3937 0x0 0x0 0xc0007 0xb15 0x3c0 0x2e22 0x110005 0x0 0x174705d17b0 0x2e22 0x0 0x0 0x8000000600140007 0x2e14 0x370 0xf 0x1c0005 0x0 0x1746ac04fc8 0xf 0x0 0x0 0x230007 0x0 0x320 0xf 0x270007 0xf 0x300 0x0 0x2e0005 0x0 0x0 0x0 0x0 0x0 0x330007 0x0 0x20 0x0 0x3d0005 0x0 0x0 0x0 0x0 0x0 0x440007 0x0 0x1e8 0x0 0x4c0005 0x0 0x0 0x0 0x0 0x0 0x530007 0x0 0x198 0x0 0x5b0005 0x0 0x0 0x0 0x0 0x0 0x600004 0x0 0x0 0x0 0x0 0x0 0x670007 0x0 0x118 0x0 0x6c0005 0x0 0x0 0x0 0x0 0x0 0x770005 0x0 0x0 0x0 0x0 0x0 0x7c0007 0x0 0x68 0x0 0x850005 0x0 0x0 0x0 0x0 0x0 0x8b0003 0x0 0x48 0x930005 0x0 0x0 0x0 0x0 0x0 0x9d0005 0x0 0x0 0x0 0x0 0x0 0xa20003 0x0 0x48 0xab0005 0x0 0x0 0x0 0x0 0x0 0x0 0x0 0x0 0x0 0x0 0x0 0x0 0x9 0x3 0x0 0x0 0x0 0xa50001 0xa50001 oops 3 2 java/util/concurrent/ConcurrentHashMap 12 org/springframework/beans/factory/support/DefaultListableBeanFactory 22 java/util/concurrent/ConcurrentHashMap methods 0
ciMethodData org/springframework/beans/factory/support/DefaultSingletonBeanRegistry isSingletonCurrentlyInCreation (Ljava/lang/String;)Z 2 11809 orig 80 0 0 0 0 0 0 0 0 0 0 0 0 0 0 0 0 0 0 0 0 0 0 0 0 0 0 0 0 0 0 0 0 0 0 0 0 0 0 0 0 0 0 0 0 0 0 0 0 0 0 0 0 0 0 0 0 0 0 0 0 0 0 0 0 0 0 0 0 0 0 0 0 0 0 0 0 0 0 0 0 data 16 0x50005 0x0 0x174701dc288 0x2e21 0x0 0x0 0x0 0x0 0x0 0x0 0x0 0x0 0x9 0x2 0x0 0x0 oops 1 2 java/util/concurrent/ConcurrentHashMap$KeySetView methods 0
ciMethodData org/springframework/beans/factory/support/DefaultListableBeanFactory containsBeanDefinition (Ljava/lang/String;)Z 2 5873 orig 80 0 0 0 0 0 0 0 0 0 0 0 0 0 0 0 0 0 0 0 0 0 0 0 0 0 0 0 0 0 0 0 0 0 0 0 0 0 0 0 0 0 0 0 0 0 0 0 0 0 0 0 0 0 0 0 0 0 0 0 0 0 0 0 0 0 0 0 0 0 0 0 0 0 0 0 0 0 0 0 0 data 18 0x30002 0x16f1 0xb0005 0x0 0x1746ac04fc8 0x16f1 0x0 0x0 0x0 0x0 0x0 0x0 0x0 0x0 0x9 0x2 0x0 0xffffffffffffffff oops 1 4 java/util/concurrent/ConcurrentHashMap methods 0
ciMethodData org/springframework/beans/factory/support/AbstractBeanFactory getMergedLocalBeanDefinition (Ljava/lang/String;)Lorg/springframework/beans/factory/support/RootBeanDefinition; 2 12038 orig 80 1 0 0 0 0 0 0 0 0 0 0 0 0 0 0 0 0 0 0 0 0 0 0 0 0 0 0 0 0 0 0 0 0 0 0 0 0 0 0 1 0 0 0 0 0 0 0 0 0 0 0 0 0 0 0 0 0 0 0 0 0 0 0 0 0 0 0 0 0 0 0 0 0 0 0 0 0 0 0 0 data 42 0x50005 0x0 0x1746ac04fc8 0x2f06 0x0 0x0 0xa0104 0x0 0x174705d1ba0 0x1a7b 0x174705d1c48 0x1410 0xf0007 0x7b 0x40 0x2e8b 0x8000000600160007 0x1 0x20 0x2e8b 0x1f0005 0x0 0x174705d17b0 0x7c 0x0 0x0 0x220005 0x0 0x174705d17b0 0x7c 0x0 0x0 0x0 0x0 0x0 0x0 0x0 0x0 0x9 0x2 0x0 0x0 oops 5 2 java/util/concurrent/ConcurrentHashMap 8 org/springframework/beans/factory/support/RootBeanDefinition 10 org/springframework/context/annotation/ConfigurationClassBeanDefinitionReader$ConfigurationClassBeanDefinition 22 org/springframework/beans/factory/support/DefaultListableBeanFactory 28 org/springframework/beans/factory/support/DefaultListableBeanFactory methods 0
ciMethodData org/springframework/beans/factory/support/AbstractBeanDefinition getResourceDescription ()Ljava/lang/String; 1 1 orig 80 0 0 0 0 0 0 0 0 0 0 0 0 0 0 0 0 0 0 0 0 0 0 0 0 0 0 0 0 0 0 0 0 0 0 0 0 0 0 0 0 0 0 0 0 0 0 0 0 0 0 0 0 0 0 0 0 0 0 0 0 0 0 0 0 0 0 0 0 0 0 0 0 0 0 0 0 0 0 0 0 data 22 0x40007 0x1 0x68 0x0 0xb0005 0x0 0x0 0x0 0x0 0x0 0x100003 0x0 0x18 0x0 0x0 0x0 0x0 0x0 0x0 0x9 0x1 0x0 oops 0 methods 0
ciMethodData org/springframework/util/ObjectUtils isEmpty ([Ljava/lang/Object;)Z 1 955 orig 80 0 0 0 0 0 0 0 0 0 0 0 0 0 0 0 0 0 0 0 0 0 0 0 0 0 0 0 0 0 0 0 0 0 0 0 0 0 0 0 0 0 0 0 0 0 0 0 0 0 0 0 0 0 0 0 0 0 0 0 0 0 0 0 0 0 0 0 0 0 0 0 0 0 0 0 0 0 0 0 0 data 20 0x10007 0x34 0x40 0x387 0x60007 0x237 0x38 0x150 0xa0003 0x184 0x18 0x0 0x0 0x0 0x0 0x0 0x0 0x9 0x1 0x0 oops 0 methods 0
ciMethod org/springframework/beans/factory/config/ConstructorArgumentValues getGenericArgumentValue (Ljava/lang/Class;Ljava/lang/String;Ljava/util/Set;)Lorg/springframework/beans/factory/config/ConstructorArgumentValues$ValueHolder; 0 0 2 0 -1
ciMethod org/springframework/beans/factory/config/ConstructorArgumentValues getArgumentValue (ILjava/lang/Class;Ljava/lang/String;Ljava/util/Set;)Lorg/springframework/beans/factory/config/ConstructorArgumentValues$ValueHolder; 4 0 7 0 -1
ciMethod org/springframework/beans/factory/config/ConstructorArgumentValues containsNamedArgument ()Z 2 2 5 0 -1
ciMethod org/springframework/beans/factory/config/ConstructorArgumentValues getArgumentCount ()I 6 0 7 0 -1
ciMethod org/springframework/beans/factory/config/ConstructorArgumentValues$ValueHolder getValue ()Ljava/lang/Object; 54 0 27 0 -1
ciMethodData org/springframework/beans/factory/support/DefaultListableBeanFactory getBeanDefinition (Ljava/lang/String;)Lorg/springframework/beans/factory/config/BeanDefinition; 2 1615 orig 80 0 0 0 0 0 0 0 0 0 0 0 0 0 0 0 0 0 0 0 0 0 0 0 0 0 0 0 0 0 0 0 0 0 0 0 0 0 0 0 0 0 0 0 0 0 0 0 0 0 0 0 0 0 0 0 0 0 0 0 0 0 0 0 0 0 0 0 0 0 0 0 0 0 0 0 0 0 0 0 0 data 52 0x50005 0x0 0x1746ac04fc8 0x64f 0x0 0x0 0xa0004 0x334 0x174705d1ba0 0x84 0x1746f7fdd18 0x297 0xf0007 0x64f 0xf0 0x0 0x160005 0x0 0x0 0x0 0x0 0x0 0x1b0007 0x0 0x90 0x0 0x24000a 0x0 0x5 0x0 0x0 0x1 0x0 0x1746ac01e08 0x290005 0x0 0x0 0x0 0x0 0x0 0x330002 0x0 0x0 0x0 0x0 0x0 0x0 0x0 0x9 0x2 0x0 0xffffffffffffffff oops 4 2 java/util/concurrent/ConcurrentHashMap 8 org/springframework/beans/factory/support/RootBeanDefinition 10 org/springframework/beans/factory/annotation/AnnotatedGenericBeanDefinition 33 java/lang/String methods 0
ciMethodData org/springframework/beans/factory/support/AbstractBeanFactory getMergedBeanDefinition (Ljava/lang/String;Lorg/springframework/beans/factory/config/BeanDefinition;)Lorg/springframework/beans/factory/support/RootBeanDefinition; 1 205 orig 80 0 0 0 0 0 0 0 0 0 0 0 0 0 0 0 0 0 0 0 0 0 0 0 0 0 0 0 0 0 0 0 0 0 0 0 0 0 0 0 0 0 0 0 0 0 0 0 0 0 0 0 0 0 0 0 0 0 0 0 0 0 0 0 0 0 0 0 0 0 0 0 0 0 0 0 0 0 0 0 0 data 17 0x40005 0x0 0x174705d17b0 0xcd 0x0 0x0 0x0 0x0 0x0 0x0 0x0 0x0 0x9 0x3 0xffffffffffffffff 0xffffffffffffffff 0xffffffffffffffff oops 1 2 org/springframework/beans/factory/support/DefaultListableBeanFactory methods 0
ciMethodData org/springframework/beans/factory/support/AbstractBeanFactory getMergedBeanDefinition (Ljava/lang/String;Lorg/springframework/beans/factory/config/BeanDefinition;Lorg/springframework/beans/factory/config/BeanDefinition;)Lorg/springframework/beans/factory/support/RootBeanDefinition; 1 673 orig 80 0 0 0 0 0 0 0 0 0 0 0 0 0 0 0 0 0 0 0 0 0 0 0 0 0 0 0 0 0 0 0 0 0 0 0 0 0 0 0 0 0 0 0 0 0 0 0 0 0 0 0 0 0 0 0 0 0 0 0 0 0 0 0 0 0 0 0 0 0 0 0 0 0 0 0 0 0 0 0 0 data 277 0xf0007 0x0 0x80 0x2a1 0x170005 0x0 0x1746ac04fc8 0x2a1 0x0 0x0 0x1c0104 0x0 0x174705d1ba0 0xf4 0x174705d1c48 0x9c 0x230007 0x111 0x40 0x190 0x2b0007 0x5b 0x738 0x135 0x330005 0x131 0x174705d1ba0 0x35 0x1746f7fdd18 0xe0 0x380007 0x0 0x110 0x246 0x3c0004 0x131 0x174705d1ba0 0x35 0x1746f7fdd18 0xe0 0x3f0007 0xe5 0x98 0x161 0x430004 0x0 0x174705d1ba0 0x35 0x174705d1c48 0x12c 0x4a0005 0x0 0x174705d1ba0 0x35 0x174705d1c48 0x12c 0x4f0003 0x161 0x378 0x570002 0xe5 0x5c0003 0xe5 0x350 0x610005 0x0 0x0 0x0 0x0 0x0 0x660005 0x0 0x0 0x0 0x0 0x0 0x6e0005 0x0 0x0 0x0 0x0 0x0 0x710007 0x0 0x68 0x0 0x770005 0x0 0x0 0x0 0x0 0x0 0x7c0003 0x0 0x160 0x800005 0x0 0x0 0x0 0x0 0x0 0x870004 0x0 0x0 0x0 0x0 0x0 0x8a0007 0x0 0x98 0x0 0x8f0004 0x0 0x0 0x0 0x0 0x0 0x980005 0x0 0x0 0x0 0x0 0x0 0x9f0003 0x0 0x68 0xab000a 0x0 0x5 0x0 0x0 0x1 0x0 0x1746ac01e08 0xb00002 0x0 0xb40003 0x0 0xb8 0xbe0005 0x0 0x0 0x0 0x0 0x0 0xc50005 0x0 0x0 0x0 0x0 0x0 0xca000a 0x0 0x3 0x0 0x0 0x1746ac01e08 0xd10002 0x0 0xdb0002 0x0 0xe30005 0x0 0x0 0x0 0x0 0x0 0xe80005 0x0 0x174705d1ba0 0x11a 0x174705d1c48 0x12c 0xeb0002 0x246 0xee0007 0xe9 0x50 0x15d 0xf60005 0x0 0x174705d1ba0 0x35 0x174705d1c48 0x128 0xfa0007 0x246 0x120 0x0 0xfe0005 0x0 0x0 0x0 0x0 0x0 0x1030007 0x0 0xd0 0x0 0x1080005 0x0 0x0 0x0 0x0 0x0 0x10b0007 0x0 0x80 0x0 0x1110005 0x0 0x0 0x0 0x0 0x0 0x1160005 0x0 0x0 0x0 0x0 0x0 0x11a0007 0x0 0xf0 0x246 0x11e0005 0x0 0x174705d17b0 0x246 0x0 0x0 0x1210007 0x246 0x70 0x0 0x1260005 0x0 0x0 0x0 0x0 0x0 0x1290007 0x0 0x50 0x0 0x1330005 0x0 0x1746ac04fc8 0x246 0x0 0x0 0x13b0007 0x16c 0x50 0x135 0x1430005 0x135 0x0 0x0 0x0 0x0 0x0 0x0 0x0 0x0 0x0 0x0 0x0 0x9 0x4 0x0 0x0 0x0 0x0 0xb70001 0x14c0001 0x14c0001 oops 19 6 java/util/concurrent/ConcurrentHashMap 12 org/springframework/beans/factory/support/RootBeanDefinition 14 org/springframework/context/annotation/ConfigurationClassBeanDefinitionReader$ConfigurationClassBeanDefinition 26 org/springframework/beans/factory/support/RootBeanDefinition 28 org/springframework/beans/factory/annotation/AnnotatedGenericBeanDefinition 36 org/springframework/beans/factory/support/RootBeanDefinition 38 org/springframework/beans/factory/annotation/AnnotatedGenericBeanDefinition 46 org/springframework/beans/factory/support/RootBeanDefinition 48 org/springframework/context/annotation/ConfigurationClassBeanDefinitionReader$ConfigurationClassBeanDefinition 52 org/springframework/beans/factory/support/RootBeanDefinition 54 org/springframework/context/annotation/ConfigurationClassBeanDefinitionReader$ConfigurationClassBeanDefinition 133 java/lang/String 156 java/lang/String 169 org/springframework/beans/factory/support/RootBeanDefinition 171 org/springframework/context/annotation/ConfigurationClassBeanDefinitionReader$ConfigurationClassBeanDefinition 181 org/springframework/beans/factory/support/RootBeanDefinition 183 org/springframework/context/annotation/ConfigurationClassBeanDefinitionReader$ConfigurationClassBeanDefinition 227 org/springframework/beans/factory/support/DefaultListableBeanFactory 247 java/util/concurrent/ConcurrentHashMap methods 0
ciMethodData org/springframework/util/ClassUtils isAssignable (Ljava/lang/Class;Ljava/lang/Class;)Z 2 7356 orig 80 0 0 0 0 0 0 0 0 0 0 0 0 0 0 0 0 0 0 0 0 0 0 0 0 0 0 0 0 0 0 0 0 0 0 0 0 0 0 0 0 0 0 0 0 0 0 0 0 0 0 0 0 0 0 0 0 0 0 0 0 0 0 0 0 0 0 0 0 0 0 0 0 0 0 0 0 0 0 0 0 data 82 0x30002 0x1cbc 0x90002 0x1cbc 0xe0005 0x2 0x1746ac01e90 0x1cba 0x0 0x0 0x110007 0x1ca7 0x20 0x15 0x170005 0x2 0x1746ac01e90 0x1ca5 0x0 0x0 0x1a0007 0x1ca7 0xb8 0x0 0x210005 0x0 0x0 0x0 0x0 0x0 0x260004 0x0 0x0 0x0 0x0 0x0 0x2c0007 0x0 0x38 0x0 0x300003 0x0 0x18 0x390005 0x0 0x174706c0240 0x1ca7 0x0 0x0 0x3e0104 0x0 0x0 0x0 0x0 0x0 0x430007 0x1ca7 0x88 0x0 0x480005 0x0 0x0 0x0 0x0 0x0 0x4b0007 0x0 0x38 0x0 0x4f0003 0x0 0x18 0x0 0x0 0x0 0x0 0x0 0x0 0x9 0x2 0xffffffffffffffff 0xffffffffffffffff oops 3 6 java/lang/Class 16 java/lang/Class 45 java/util/IdentityHashMap methods 0
ciMethodData org/springframework/beans/factory/support/AbstractBeanDefinition hasBeanClass ()Z 2 30222 orig 80 0 0 0 0 0 0 0 0 0 0 0 0 0 0 0 0 0 0 0 0 0 0 0 0 0 0 0 0 0 0 0 0 0 0 0 0 0 0 0 0 0 0 0 0 0 0 0 0 0 0 0 0 0 0 0 0 0 0 0 0 0 0 0 0 0 0 0 0 0 0 0 0 0 0 0 0 0 0 0 0 data 15 0x40104 0x0 0x1746ac01e90 0x3b87 0x1746ac01e08 0x1f5 0x0 0x0 0x0 0x0 0x0 0x0 0x9 0x1 0x0 oops 2 2 java/lang/Class 4 java/lang/String methods 0
ciMethodData org/springframework/beans/factory/support/FactoryBeanRegistrySupport getTypeForFactoryBean (Lorg/springframework/beans/factory/FactoryBean;)Ljava/lang/Class; 1 178 orig 80 0 0 0 0 0 0 0 0 0 0 0 0 0 0 0 0 0 0 0 0 0 0 0 0 0 0 0 0 0 0 0 0 0 0 0 0 0 0 0 0 0 0 0 0 0 0 0 0 0 0 0 0 0 0 0 0 0 0 0 0 0 0 0 0 0 0 0 0 0 0 0 0 0 0 0 0 0 0 0 0 data 23 0x10005 0x10 0x174705d19a8 0x9b 0x174705d1a50 0x7 0xf0005 0x0 0x0 0x0 0x0 0x0 0x0 0x0 0x0 0x0 0x0 0x0 0x9 0x2 0xffffffffffffffff 0xffffffffffffffff 0x70001 oops 2 2 org/springframework/boot/autoconfigure/SharedMetadataReaderFactoryContextInitializer$SharedMetadataReaderFactoryBean 4 org/springframework/boot/context/properties/ConfigurationPropertiesBinder$ConfigurationPropertiesBinderFactory methods 0
ciMethodData org/springframework/core/ResolvableType hasGenerics ()Z 2 2343 orig 80 0 0 0 0 0 0 0 0 0 0 0 0 0 0 0 0 0 0 0 0 0 0 0 0 0 0 0 0 0 0 0 0 0 0 0 0 0 0 0 0 0 0 0 0 0 0 0 0 0 0 0 0 0 0 0 0 0 0 0 0 0 0 0 0 0 0 0 0 0 0 0 0 0 0 0 0 0 0 0 0 data 22 0x10005 0x0 0x174705d1af8 0x8c3 0x174705d0398 0x64 0x50007 0x8c5 0x38 0x62 0x90003 0x62 0x18 0x0 0x0 0x0 0x0 0x0 0x0 0x9 0x1 0xffffffffffffffff oops 2 2 org/springframework/core/ResolvableType$1 4 org/springframework/core/ResolvableType methods 0
ciMethodData org/springframework/beans/factory/support/AbstractBeanFactory isTypeMatch (Ljava/lang/String;Lorg/springframework/core/ResolvableType;Z)Z 2 27924 orig 80 3 0 0 0 0 0 0 0 0 0 0 0 0 0 0 0 0 0 0 0 0 0 0 0 0 0 0 0 0 0 0 0 0 0 0 0 0 0 0 0 0 0 0 0 0 0 0 0 0 0 0 0 0 0 0 0 0 0 0 0 0 0 0 0 0 0 0 0 0 0 0 0 0 0 0 0 0 0 0 0 data 600 0x20005 0x0 0x174705d17b0 0x6d13 0x0 0x0 0x80002 0x6d13 0x110005 0x0 0x174705d17b0 0x6d13 0x0 0x0 0x180007 0x646c 0x880 0x8a7 0x1d0005 0x78f 0x174705d1858 0x8b 0x174705d1900 0x8d 0x230007 0x0 0x830 0x8a7 0x280004 0x783 0x174705d1858 0x92 0x174705d1900 0x92 0x2b0007 0x77f 0x488 0x128 0x300004 0x0 0x174705d19a8 0x124 0x174705d1a50 0x4 0x370007 0x94 0x458 0x94 0x3d0005 0x0 0x174705d17b0 0x94 0x0 0x0 0x440007 0x94 0x20 0x0 0x4c0005 0x0 0x174705d1af8 0x8e 0x174705d0398 0x6 0x4f0007 0x94 0x20 0x0 0x550005 0x0 0x174705d1af8 0x8e 0x174705d0398 0x6 0x580007 0x8e 0x348 0x6 0x5e0005 0x0 0x174705d17b0 0x6 0x0 0x0 0x610007 0x0 0x2f8 0x6 0x670005 0x0 0x174705d17b0 0x6 0x0 0x0 0x750007 0x6 0x20 0x0 0x810007 0x6 0x20 0x0 0x880005 0x0 0x174705d0398 0x6 0x0 0x0 0x8f0007 0x0 0x208 0x6 0x970005 0x0 0x1746ac01e90 0x6 0x0 0x0 0x9a0007 0x0 0x1b8 0x6 0x9e0005 0x0 0x174705d0398 0x6 0x0 0x0 0xa50007 0x0 0x150 0x6 0xad0005 0x0 0x1746ac01e90 0x6 0x0 0x0 0xb00007 0x0 0x100 0x6 0xb70005 0x0 0x174705d0398 0x6 0x0 0x0 0xba0005 0x0 0x1746ac01e90 0x6 0x0 0x0 0xbd0007 0x0 0x80 0x6 0xc60005 0x0 0x174705d0398 0x6 0x0 0x0 0xc90005 0x0 0x174705d0398 0x6 0x0 0x0 0xcd0003 0x0 0x48 0xd30005 0x0 0x0 0x0 0x0 0x0 0xdb0007 0x77f 0x20 0x0 0xe30005 0x0 0x174705d1af8 0x7c5 0x174705d0398 0x4e 0xe60007 0x80e 0x20 0x6 0xec0005 0x0 0x174705d1af8 0x7c0 0x174705d0398 0x4e 0xef0007 0x7c0 0x2b8 0x4e 0xf50005 0x0 0x174705d17b0 0x4e 0x0 0x0 0xf80007 0x42 0x268 0xc 0xfe0005 0x0 0x174705d17b0 0xc 0x0 0x0 0x1050005 0x0 0x174705d1ba0 0xc 0x0 0x0 0x10c0007 0x0 0x140 0xc 0x1130002 0xc 0x1160007 0xc 0x110 0x0 0x11a0005 0x0 0x0 0x0 0x0 0x0 0x1210007 0x0 0x70 0x0 0x1280005 0x0 0x0 0x0 0x0 0x0 0x12b0007 0x0 0x20 0x0 0x1330005 0x0 0x0 0x0 0x0 0x0 0x1360007 0x0 0x20 0x0 0x1440007 0x6 0x20 0x6 0x1500007 0x6 0x88 0x6 0x1560005 0x0 0x174705d0398 0x6 0x0 0x0 0x1590007 0x6 0x38 0x0 0x15d0003 0x0 0x18 0x1670005 0x0 0x174705d17b0 0x646c 0x0 0x0 0x16a0007 0x646c 0x70 0x0 0x1700005 0x0 0x0 0x0 0x0 0x0 0x1730007 0x0 0x20 0x0 0x1790005 0x0 0x174705d17b0 0x646c 0x0 0x0 0x1800007 0x646c 0xd0 0x0 0x1860005 0x0 0x0 0x0 0x0 0x0 0x1890007 0x0 0x80 0x0 0x1900005 0x0 0x0 0x0 0x0 0x0 0x1940005 0x0 0x0 0x0 0x0 0x0 0x19d0005 0x0 0x174705d17b0 0x646c 0x0 0x0 0x1a40005 0x0 0x174705d1ba0 0x305f 0x174705d1c48 0x340d 0x1aa0005 0x0 0x174705d1af8 0x61fc 0x174705d0398 0x270 0x1b10007 0x646c 0x20 0x0 0x1be0007 0x646c 0x68 0x0 0x1c90004 0x0 0x0 0x0 0x0 0x0 0x1ca0003 0x0 0x78 0x1d60004 0x0 0x1746ac01e90 0x646c 0x0 0x0 0x1db0004 0x0 0x1746ac01e90 0x646c 0x0 0x0 0x1e30007 0x1d7 0x260 0x6295 0x1e80007 0x6295 0x240 0x0 0x1f00005 0x0 0x0 0x0 0x0 0x0 0x1f30007 0x0 0x1f0 0x0 0x1f80005 0x0 0x0 0x0 0x0 0x0 0x1fb0007 0x0 0x40 0x0 0x1ff0007 0x0 0x180 0x0 0x2050005 0x0 0x0 0x0 0x0 0x0 0x20a0005 0x0 0x0 0x0 0x0 0x0 0x20f0005 0x0 0x0 0x0 0x0 0x0 0x2170005 0x0 0x0 0x0 0x0 0x0 0x21e0005 0x0 0x0 0x0 0x0 0x0 0x2250007 0x0 0x70 0x0 0x22d0005 0x0 0x0 0x0 0x0 0x0 0x2300007 0x0 0x20 0x0 0x2390007 0x0 0x70 0x646c 0x2430005 0x0 0x174705d17b0 0x646c 0x0 0x0 0x24a0007 0x6471 0x20 0x0 0x2570005 0x449 0x1746ac01e90 0x6028 0x0 0x0 0x25a0007 0x60d6 0xe0 0x39b 0x25f0007 0x0 0x1b0 0x39b 0x2640007 0x1d7 0x190 0x1c4 0x26d0005 0x0 0x174705d17b0 0x1c4 0x0 0x0 0x2740005 0x0 0x174705d0398 0x1c4 0x0 0x0 0x27b0007 0x1c4 0x110 0x0 0x2820007 0x60d6 0xf0 0x0 0x2930004 0x0 0x0 0x0 0x0 0x0 0x2940005 0x0 0x0 0x0 0x0 0x0 0x29b0007 0x0 0x70 0x0 0x2a30005 0x0 0x0 0x0 0x0 0x0 0x2a60007 0x0 0x20 0x0 0x2ad0007 0x1c4 0xb0 0x62ad 0x2b90007 0x42 0x20 0x626b 0x2c50007 0x2dbc 0x70 0x34f1 0x2ca0005 0x0 0x174705d0398 0x34f1 0x0 0x0 0x2cf0007 0x0 0x20 0x34f1 0x2d80007 0x2dbc 0x50 0x36b5 0x2de0005 0x0 0x174705d1af8 0x354f 0x174705d0398 0x166 0x2e50005 0x0 0x174705d1af8 0x2cb2 0x174705d0398 0x10a 0x0 0x0 0x0 0x0 0x0 0x0 0x0 0x0 0x0 0x0 0x0 0x0 0x0 0x0 0x0 0x0 0x0 0x9 0x4 0x0 0x0 0x0 0x0 oops 49 2 org/springframework/beans/factory/support/DefaultListableBeanFactory 10 org/springframework/beans/factory/support/DefaultListableBeanFactory 20 org/springframework/boot/context/ContextIdApplicationContextInitializer$ContextId 22 org/springframework/boot/autoconfigure/condition/ConditionEvaluationReport 30 org/springframework/boot/context/ContextIdApplicationContextInitializer$ContextId 32 org/springframework/boot/autoconfigure/condition/ConditionEvaluationReport 40 org/springframework/boot/autoconfigure/SharedMetadataReaderFactoryContextInitializer$SharedMetadataReaderFactoryBean 42 org/springframework/boot/context/properties/ConfigurationPropertiesBinder$ConfigurationPropertiesBinderFactory 50 org/springframework/beans/factory/support/DefaultListableBeanFactory 60 org/springframework/core/ResolvableType$1 62 org/springframework/core/ResolvableType 70 org/springframework/core/ResolvableType$1 72 org/springframework/core/ResolvableType 80 org/springframework/beans/factory/support/DefaultListableBeanFactory 90 org/springframework/beans/factory/support/DefaultListableBeanFactory 104 org/springframework/core/ResolvableType 114 java/lang/Class 124 org/springframework/core/ResolvableType 134 java/lang/Class 144 org/springframework/core/ResolvableType 150 java/lang/Class 160 org/springframework/core/ResolvableType 166 org/springframework/core/ResolvableType 185 org/springframework/core/ResolvableType$1 187 org/springframework/core/ResolvableType 195 org/springframework/core/ResolvableType$1 197 org/springframework/core/ResolvableType 205 org/springframework/beans/factory/support/DefaultListableBeanFactory 215 org/springframework/beans/factory/support/DefaultListableBeanFactory 221 org/springframework/beans/factory/support/RootBeanDefinition 275 org/springframework/core/ResolvableType 288 org/springframework/beans/factory/support/DefaultListableBeanFactory 308 org/springframework/beans/factory/support/DefaultListableBeanFactory 340 org/springframework/beans/factory/support/DefaultListableBeanFactory 346 org/springframework/beans/factory/support/RootBeanDefinition 348 org/springframework/context/annotation/ConfigurationClassBeanDefinitionReader$ConfigurationClassBeanDefinition 352 org/springframework/core/ResolvableType$1 354 org/springframework/core/ResolvableType 375 java/lang/Class 381 java/lang/Class 467 org/springframework/beans/factory/support/DefaultListableBeanFactory 477 java/lang/Class 495 org/springframework/beans/factory/support/DefaultListableBeanFactory 501 org/springframework/core/ResolvableType 553 org/springframework/core/ResolvableType 567 org/springframework/core/ResolvableType$1 569 org/springframework/core/ResolvableType 573 org/springframework/core/ResolvableType$1 575 org/springframework/core/ResolvableType methods 0
ciMethodData org/springframework/core/ResolvableType toClass ()Ljava/lang/Class; 2 2953 orig 80 0 0 0 0 0 0 0 0 0 0 0 0 0 0 0 0 0 0 0 0 0 0 0 0 0 0 0 0 0 0 0 0 0 0 0 0 0 0 0 0 0 0 0 0 0 0 0 0 0 0 0 0 0 0 0 0 0 0 0 0 0 0 0 0 0 0 0 0 0 0 0 0 0 0 0 0 0 0 0 0 data 15 0x30005 0x0 0x174705d0398 0xb89 0x0 0x0 0x0 0x0 0x0 0x0 0x0 0x0 0x9 0x1 0x0 oops 1 2 org/springframework/core/ResolvableType methods 0
ciMethodData org/springframework/core/ResolvableType getGeneric ([I)Lorg/springframework/core/ResolvableType; 1 560 orig 80 0 0 0 0 0 0 0 0 0 0 0 0 0 0 0 0 0 0 0 0 0 0 0 0 0 0 0 0 0 0 0 0 0 0 0 0 0 0 0 0 0 0 0 0 0 0 0 0 0 0 0 0 0 0 0 0 0 0 0 0 0 0 0 0 0 0 0 0 0 0 0 0 0 0 0 0 0 0 0 0 data 52 0x10005 0x0 0x174705d0398 0x230 0x0 0x0 0x60007 0x0 0x40 0x230 0xb0007 0x3 0x58 0x22d 0x100007 0x223 0x38 0xa 0x160003 0xa 0x18 0x2e0007 0x3 0xa8 0x3 0x390005 0x0 0x174705d0398 0x3 0x0 0x0 0x3f0007 0x0 0x40 0x3 0x460007 0x3 0x20 0x0 0x550003 0x3 0xffffffffffffff70 0x0 0x0 0x0 0x0 0x0 0x0 0x9 0x2 0xffffffffffffffff 0x0 oops 2 2 org/springframework/core/ResolvableType 27 org/springframework/core/ResolvableType methods 0
ciMethodData org/springframework/core/ResolvableType isInstance (Ljava/lang/Object;)Z 2 2186 orig 80 0 0 0 0 0 0 0 0 0 0 0 0 0 0 0 0 0 0 0 0 0 0 0 0 0 0 0 0 0 0 0 0 0 0 0 0 0 0 0 1 0 0 0 0 0 0 0 0 0 0 0 0 0 0 0 0 0 0 0 0 0 0 0 0 0 0 0 0 0 0 0 0 0 0 0 0 0 0 0 0 data 33 0x10007 0x0 0xb8 0x88a 0x60005 0x772 0x174705d1858 0x8b 0x174705d1900 0x8d 0x90005 0x0 0x174705d1af8 0x83c 0x174705d0398 0x4e 0x80000006000c0007 0x864 0x38 0x27 0x100003 0x27 0x18 0x0 0x0 0x0 0x0 0x0 0x0 0x9 0x2 0x0 0x0 oops 4 6 org/springframework/boot/context/ContextIdApplicationContextInitializer$ContextId 8 org/springframework/boot/autoconfigure/condition/ConditionEvaluationReport 12 org/springframework/core/ResolvableType$1 14 org/springframework/core/ResolvableType methods 0
ciMethodData org/springframework/beans/factory/support/RootBeanDefinition getTargetType ()Ljava/lang/Class; 2 19435 orig 80 0 0 0 0 0 0 0 0 0 0 0 0 0 0 0 0 0 0 0 0 0 0 0 0 0 0 0 0 0 0 0 0 0 0 0 0 0 0 0 3 0 0 0 0 0 0 0 0 0 0 0 0 0 0 0 0 0 0 0 0 0 0 0 0 0 0 0 0 0 0 0 0 0 0 0 0 0 0 0 0 data 26 0x40007 0x10b 0x20 0x4ae0 0x8000000600120007 0xaf 0x68 0x5f 0x160005 0x0 0x174705d0398 0x5f 0x0 0x0 0x190003 0x5f 0x18 0x0 0x0 0x0 0x0 0x0 0x0 0x9 0x1 0x0 oops 1 10 org/springframework/core/ResolvableType methods 0
ciMethodData org/springframework/util/ClassUtils getUserClass (Ljava/lang/Object;)Ljava/lang/Class; 1 21 orig 80 0 0 0 0 0 0 0 0 0 0 0 0 0 0 0 0 0 0 0 0 0 0 0 0 0 0 0 0 0 0 0 0 0 0 0 0 0 0 0 0 0 0 0 0 0 0 0 0 0 0 0 0 0 0 0 0 0 0 0 0 0 0 0 0 0 0 0 0 0 0 0 0 0 0 0 0 0 0 0 0 data 19 0x40002 0x15 0x80005 0x9 0x174704308a8 0x6 0x174705d19a8 0x6 0xb0002 0x15 0x0 0x0 0x0 0x0 0x0 0x0 0x9 0x1 0x0 oops 2 4 org/springframework/context/annotation/ConfigurationClassPostProcessor 6 org/springframework/boot/autoconfigure/SharedMetadataReaderFactoryContextInitializer$SharedMetadataReaderFactoryBean methods 0
ciMethodData org/springframework/beans/factory/support/AbstractAutowireCapableBeanFactory predictBeanType (Ljava/lang/String;Lorg/springframework/beans/factory/support/RootBeanDefinition;[Ljava/lang/Class;)Ljava/lang/Class; 2 26294 orig 80 3 0 0 0 1 0 0 0 0 0 0 0 0 0 0 0 0 0 0 0 5 0 0 0 0 0 0 0 0 0 0 0 0 0 0 0 0 0 0 0 0 0 0 0 0 0 0 0 0 0 0 0 0 0 0 0 0 0 0 0 0 0 0 0 0 0 0 0 0 0 0 0 0 0 0 0 0 0 0 0 data 114 0x40005 0x0 0x174705d17b0 0x66b6 0x0 0x0 0xb0007 0x0 0x300 0x66b8 0xf0005 0x0 0x174705d1c48 0x34e7 0x174705d1ba0 0x31d1 0x120007 0x119 0x2b0 0x659f 0x160005 0x0 0x174705d17b0 0x659f 0x0 0x0 0x190007 0x4abd 0x260 0x1ae3 0x1f0007 0x1adf 0x58 0x4 0x280007 0x0 0x38 0x4 0x2c0003 0x4 0x18 0x330005 0x0 0x174705d17b0 0x1ae3 0x0 0x0 0x390005 0x0 0x1746ac050f8 0x1ae3 0x0 0x0 0x420005 0x0 0x17470c59a10 0x35e9 0x0 0x0 0x470007 0x1ae8 0x158 0x1b01 0x4c0005 0x0 0x17470c59a10 0x1b01 0x0 0x0 0x8000000400510004 0xcf6 0x17470c59ab8 0x795 0x17470c59b60 0x67b 0x5b0005 0xcf6 0x17470c59ab8 0x795 0x17470c59b60 0x67b 0x640007 0x1b06 0x90 0x0 0x690007 0x0 0x70 0x0 0x710005 0x0 0x0 0x0 0x0 0x0 0x740007 0x0 0x20 0x0 0x7a0003 0x1b06 0xfffffffffffffe90 0x0 0x0 0x0 0x0 0x0 0x0 0x9 0x4 0xffffffffffffffff 0xffffffffffffffff 0xffffffffffffffff 0xffffffffffffffff oops 12 2 org/springframework/beans/factory/support/DefaultListableBeanFactory 12 org/springframework/context/annotation/ConfigurationClassBeanDefinitionReader$ConfigurationClassBeanDefinition 14 org/springframework/beans/factory/support/RootBeanDefinition 22 org/springframework/beans/factory/support/DefaultListableBeanFactory 43 org/springframework/beans/factory/support/DefaultListableBeanFactory 49 java/util/ArrayList 55 java/util/ArrayList$Itr 65 java/util/ArrayList$Itr 71 org/springframework/beans/factory/annotation/AutowiredAnnotationBeanPostProcessor 73 org/springframework/aop/aspectj/annotation/AnnotationAwareAspectJAutoProxyCreator 77 org/springframework/beans/factory/annotation/AutowiredAnnotationBeanPostProcessor 79 org/springframework/aop/aspectj/annotation/AnnotationAwareAspectJAutoProxyCreator methods 0
ciMethodData org/springframework/beans/factory/support/AbstractAutowireCapableBeanFactory getTypeForFactoryBean (Ljava/lang/String;Lorg/springframework/beans/factory/support/RootBeanDefinition;Z)Lorg/springframework/core/ResolvableType; 1 566 orig 80 0 0 0 0 0 0 0 0 0 0 0 0 0 0 0 0 0 0 0 0 0 0 0 0 0 0 0 0 0 0 0 0 0 0 0 0 0 0 0 0 0 0 0 0 0 0 0 0 0 0 0 0 0 0 0 0 0 0 0 0 0 0 0 0 0 0 0 0 0 0 0 0 0 0 0 0 0 0 0 0 data 352 0x20005 0x0 0x174705d17b0 0x236 0x0 0x0 0xc0007 0x236 0x20 0x0 0x120003 0x236 0x98 0x1c0005 0x0 0x0 0x0 0x0 0x0 0x220005 0x0 0x0 0x0 0x0 0x0 0x250002 0x0 0x280002 0x0 0x2d0005 0x0 0x174705d1ba0 0x1db 0x174705d1c48 0x5b 0x300007 0x236 0x1c8 0x0 0x380005 0x0 0x0 0x0 0x0 0x0 0x3f0005 0x0 0x0 0x0 0x0 0x0 0x420007 0x0 0x20 0x0 0x4a0005 0x0 0x0 0x0 0x0 0x0 0x4d0007 0x0 0x78 0x0 0x510005 0x0 0x0 0x0 0x0 0x0 0x540002 0x0 0x570003 0x0 0x18 0x5b0005 0x0 0x0 0x0 0x0 0x0 0x620005 0x0 0x0 0x0 0x0 0x0 0x650007 0x0 0x20 0x0 0x6c0005 0x0 0x174705d1ba0 0x1db 0x174705d1c48 0x5b 0x720005 0x0 0x174705d1ba0 0x1db 0x174705d1c48 0x5b 0x790007 0x1db 0x2d8 0x5b 0x7e0007 0x0 0x268 0x5b 0x840005 0x0 0x174705d17b0 0x5b 0x0 0x0 0x8b0004 0x0 0x1746f7fdd18 0x5b 0x0 0x0 0x8e0007 0x0 0xe8 0x5b 0x930004 0x0 0x1746f7fdd18 0x5b 0x0 0x0 0x9a0005 0x0 0x1746f7fdd18 0x5b 0x0 0x0 0x9d0007 0x5b 0x68 0x0 0xa20005 0x0 0x0 0x0 0x0 0x0 0xa70003 0x0 0x78 0xaf0005 0x0 0x174705d17b0 0x5b 0x0 0x0 0xbd0005 0x0 0x174705d17b0 0x5b 0x0 0x0 0xc40007 0x0 0xa0 0x5b 0xcc0005 0x5b 0x0 0x0 0x0 0x0 0xd30005 0x0 0x174705d0398 0x5b 0x0 0x0 0xd60007 0x0 0x20 0x5b 0xdf0005 0x0 0x0 0x0 0x0 0x0 0xe20007 0x0 0x20 0x0 0xea0007 0x1cb 0x178 0x10 0xee0005 0x0 0x174705d1ba0 0x10 0x0 0x0 0xf10007 0x0 0x68 0x10 0xf70005 0x10 0x0 0x0 0x0 0x0 0xfa0003 0x10 0x48 0x1000005 0x0 0x0 0x0 0x0 0x0 0x1070007 0x0 0x90 0x10 0x10d0005 0x0 0x174705d17b0 0x10 0x0 0x0 0x1140007 0x0 0x30 0x10 0x1190002 0x10 0x1210002 0x0 0x1270007 0x0 0xf0 0x1cb 0x12b0005 0x0 0x174705d1ba0 0x1cb 0x0 0x0 0x12e0007 0x42 0xa0 0x189 0x1330007 0x189 0x80 0x0 0x1380005 0x0 0x0 0x0 0x0 0x0 0x13d0005 0x0 0x0 0x0 0x0 0x0 0x1420005 0x0 0x174705d1ba0 0x1cb 0x0 0x0 0x1450007 0x0 0x1c8 0x1cb 0x14d0005 0x0 0x174705d17b0 0x1cb 0x0 0x0 0x1540005 0x0 0x174705d0398 0x1cb 0x0 0x0 0x1570007 0x186 0x20 0x45 0x15f0005 0x0 0x174705d1ba0 0x186 0x0 0x0 0x1620007 0x0 0x78 0x186 0x1660005 0x0 0x174705d1ba0 0x186 0x0 0x0 0x1690002 0x186 0x16c0003 0x186 0x18 0x1700005 0x0 0x174705d17b0 0x186 0x0 0x0 0x1770005 0x0 0x174705d0398 0x186 0x0 0x0 0x17a0007 0x0 0x20 0x186 0x0 0x0 0x0 0x0 0x0 0x0 0x0 0x0 0x0 0x0 0x9 0x4 0x0 0x0 0x0 0x0 0x150001 oops 24 2 org/springframework/beans/factory/support/DefaultListableBeanFactory 31 org/springframework/beans/factory/support/RootBeanDefinition 33 org/springframework/context/annotation/ConfigurationClassBeanDefinitionReader$ConfigurationClassBeanDefinition 94 org/springframework/beans/factory/support/RootBeanDefinition 96 org/springframework/context/annotation/ConfigurationClassBeanDefinitionReader$ConfigurationClassBeanDefinition 100 org/springframework/beans/factory/support/RootBeanDefinition 102 org/springframework/context/annotation/ConfigurationClassBeanDefinitionReader$ConfigurationClassBeanDefinition 114 org/springframework/beans/factory/support/DefaultListableBeanFactory 120 org/springframework/beans/factory/annotation/AnnotatedGenericBeanDefinition 130 org/springframework/beans/factory/annotation/AnnotatedGenericBeanDefinition 136 org/springframework/beans/factory/annotation/AnnotatedGenericBeanDefinition 155 org/springframework/beans/factory/support/DefaultListableBeanFactory 161 org/springframework/beans/factory/support/DefaultListableBeanFactory 177 org/springframework/core/ResolvableType 201 org/springframework/beans/factory/support/RootBeanDefinition 230 org/springframework/beans/factory/support/DefaultListableBeanFactory 248 org/springframework/beans/factory/support/RootBeanDefinition 274 org/springframework/beans/factory/support/RootBeanDefinition 284 org/springframework/beans/factory/support/DefaultListableBeanFactory 290 org/springframework/core/ResolvableType 300 org/springframework/beans/factory/support/RootBeanDefinition 310 org/springframework/beans/factory/support/RootBeanDefinition 321 org/springframework/beans/factory/support/DefaultListableBeanFactory 327 org/springframework/core/ResolvableType methods 0
ciMethodData org/springframework/core/ResolvableType$1 isAssignableFrom (Ljava/lang/Class;)Z 2 5250 orig 80 0 0 0 0 0 0 0 0 0 0 0 0 0 0 0 0 0 0 0 0 0 0 0 0 0 0 0 0 0 0 0 0 0 0 0 0 0 0 0 0 0 0 0 0 0 0 0 0 0 0 0 0 0 0 0 0 0 0 0 0 0 0 0 0 0 0 0 0 0 0 0 0 0 0 0 0 0 0 0 0 data 23 0x40007 0x0 0x50 0x1482 0xc0002 0x1482 0xf0007 0x147a 0x38 0x8 0x130003 0x8 0x18 0x0 0x0 0x0 0x0 0x0 0x0 0x9 0x2 0x0 0xffffffffffffffff oops 0 methods 0
ciMethodData org/springframework/beans/factory/support/AbstractBeanFactory getBeanPostProcessorCache ()Lorg/springframework/beans/factory/support/AbstractBeanFactory$BeanPostProcessorCache; 2 11795 orig 80 1 0 0 0 0 0 0 0 0 0 0 0 0 0 0 0 0 0 0 0 0 0 0 0 0 0 0 0 0 0 0 0 0 0 0 0 0 0 0 2 0 0 0 0 0 0 0 0 0 0 0 0 0 0 0 0 0 0 0 0 0 0 0 0 0 0 0 0 0 0 0 0 0 0 0 0 0 0 0 0 data 136 0x80000006000d0007 0x2e11 0x3e8 0x4 0x140002 0x4 0x1c0005 0x0 0x174720f2f60 0x4 0x0 0x0 0x230005 0x0 0x174720f3008 0x24 0x0 0x0 0x280007 0x4 0x358 0x20 0x2c0005 0x0 0x174720f3008 0x20 0x0 0x0 0x310004 0x18 0x174720f30b0 0x4 0x174720f5158 0x4 0x380004 0x18 0x174720f30b0 0x4 0x174720f5158 0x4 0x3b0007 0x13 0x130 0xd 0x400004 0x7 0x174720f5200 0x4 0x174720f52a8 0x2 0x4b0005 0x0 0x1746ac050f8 0xd 0x0 0x0 0x530004 0x7 0x174720f5200 0x4 0x174720f52a8 0x2 0x560007 0x8 0x80 0x5 0x5b0004 0x2 0x17470c59ab8 0x2 0x17470c59b60 0x1 0x660005 0x0 0x1746ac050f8 0x5 0x0 0x0 0x6e0004 0x18 0x174720f30b0 0x4 0x174720f5158 0x4 0x710007 0x18 0x80 0x8 0x760004 0x2 0x174720f5158 0x4 0x174720f52a8 0x2 0x810005 0x0 0x1746ac050f8 0x8 0x0 0x0 0x890004 0x18 0x174720f30b0 0x4 0x174720f5158 0x4 0x8c0007 0x16 0x80 0xa 0x910004 0x4 0x174720f5158 0x4 0x174720f52a8 0x2 0x9c0005 0x0 0x1746ac050f8 0xa 0x0 0x0 0xa20003 0x20 0xfffffffffffffc90 0x0 0x0 0x0 0x0 0x0 0x0 0x9 0x1 0x0 0xae0001 0xae0001 oops 25 8 org/springframework/beans/factory/support/AbstractBeanFactory$BeanPostProcessorCacheAwareList 14 java/util/concurrent/CopyOnWriteArrayList$COWIterator 24 java/util/concurrent/CopyOnWriteArrayList$COWIterator 30 org/springframework/context/support/ApplicationContextAwareProcessor 32 org/springframework/context/support/ApplicationListenerDetector 36 org/springframework/context/support/ApplicationContextAwareProcessor 38 org/springframework/context/support/ApplicationListenerDetector 46 org/springframework/context/annotation/ConfigurationClassPostProcessor$ImportAwareBeanPostProcessor 48 org/springframework/orm/jpa/support/PersistenceAnnotationBeanPostProcessor 52 java/util/ArrayList 58 org/springframework/context/annotation/ConfigurationClassPostProcessor$ImportAwareBeanPostProcessor 60 org/springframework/orm/jpa/support/PersistenceAnnotationBeanPostProcessor 68 org/springframework/beans/factory/annotation/AutowiredAnnotationBeanPostProcessor 70 org/springframework/aop/aspectj/annotation/AnnotationAwareAspectJAutoProxyCreator 74 java/util/ArrayList 80 org/springframework/context/support/ApplicationContextAwareProcessor 82 org/springframework/context/support/ApplicationListenerDetector 90 org/springframework/context/support/ApplicationListenerDetector 92 org/springframework/orm/jpa/support/PersistenceAnnotationBeanPostProcessor 96 java/util/ArrayList 102 org/springframework/context/support/ApplicationContextAwareProcessor 104 org/springframework/context/support/ApplicationListenerDetector 112 org/springframework/context/support/ApplicationListenerDetector 114 org/springframework/orm/jpa/support/PersistenceAnnotationBeanPostProcessor 118 java/util/ArrayList methods 0
ciMethodData org/springframework/beans/factory/support/AbstractBeanFactory$BeanPostProcessorCache <init> ()V 1 4 orig 80 0 0 0 0 0 0 0 0 0 0 0 0 0 0 0 0 0 0 0 0 0 0 0 0 0 0 0 0 0 0 0 0 0 0 0 0 0 0 0 0 0 0 0 0 0 0 0 0 0 0 0 0 0 0 0 0 0 0 0 0 0 0 0 0 0 0 0 0 0 0 0 0 0 0 0 0 0 0 0 0 data 17 0x10002 0x4 0x90002 0x4 0x140002 0x4 0x1f0002 0x4 0x2a0002 0x4 0x0 0x0 0x0 0x0 0x9 0x1 0xe oops 0 methods 0
ciMethodData org/springframework/beans/factory/support/AbstractAutowireCapableBeanFactory determineTargetType (Ljava/lang/String;Lorg/springframework/beans/factory/support/RootBeanDefinition;[Ljava/lang/Class;)Ljava/lang/Class; 2 19215 orig 80 1 0 0 0 0 0 0 0 0 0 0 0 0 0 0 0 0 0 0 0 0 0 0 0 0 0 0 0 0 0 0 0 0 0 0 0 0 0 0 0 0 0 0 0 0 0 0 0 0 0 0 0 0 0 0 0 0 0 0 0 0 0 0 0 0 0 0 0 0 0 0 0 0 0 0 0 0 0 0 0 data 85 0x10005 0x0 0x174705d1ba0 0x2438 0x174705d1c48 0x26d7 0x80007 0x4a6d 0x218 0xa5 0xc0005 0x0 0x174705d1c48 0x65 0x174705d1ba0 0x40 0xf0007 0x40 0x68 0x65 0x160005 0x0 0x174705d17b0 0x65 0x0 0x0 0x1b0003 0x65 0xf8 0x220005 0x0 0x174705d17b0 0x40 0x0 0x0 0x280005 0x0 0x174705d1ba0 0x40 0x0 0x0 0x2b0007 0x0 0x80 0x40 0x2f0005 0x0 0x174705d17b0 0x40 0x0 0x0 0x350005 0x0 0x17470c5e3a8 0x40 0x0 0x0 0x3d0002 0xa5 0x400007 0x0 0x70 0xa5 0x440005 0x0 0x174705d17b0 0xa5 0x0 0x0 0x470007 0x0 0x20 0xa5 0x0 0x0 0x0 0x0 0x0 0x0 0x9 0x4 0x0 0x0 0x0 0x0 oops 10 2 org/springframework/beans/factory/support/RootBeanDefinition 4 org/springframework/context/annotation/ConfigurationClassBeanDefinitionReader$ConfigurationClassBeanDefinition 12 org/springframework/context/annotation/ConfigurationClassBeanDefinitionReader$ConfigurationClassBeanDefinition 14 org/springframework/beans/factory/support/RootBeanDefinition 22 org/springframework/beans/factory/support/DefaultListableBeanFactory 31 org/springframework/beans/factory/support/DefaultListableBeanFactory 37 org/springframework/beans/factory/support/RootBeanDefinition 47 org/springframework/beans/factory/support/DefaultListableBeanFactory 53 org/springframework/beans/factory/support/CglibSubclassingInstantiationStrategy 65 org/springframework/beans/factory/support/DefaultListableBeanFactory methods 0
ciMethodData org/springframework/beans/factory/support/AbstractAutowireCapableBeanFactory getTypeForFactoryMethod (Ljava/lang/String;Lorg/springframework/beans/factory/support/RootBeanDefinition;[Ljava/lang/Class;)Ljava/lang/Class; 1 141 orig 80 0 0 0 0 0 0 0 0 0 0 0 0 0 0 0 0 0 0 0 0 0 0 0 0 0 0 0 0 0 0 0 0 0 0 0 0 0 0 0 0 0 0 0 0 0 0 0 0 0 0 0 0 0 0 0 0 0 0 0 0 0 0 0 0 0 0 0 0 0 0 0 0 0 0 0 0 0 0 0 0 data 394 0x80007 0x8d 0x50 0x0 0xd0005 0x0 0x0 0x0 0x0 0x0 0x1c0007 0x0 0x9e8 0x8d 0x230005 0x0 0x174705d1c48 0x8b 0x174705d1ba0 0x2 0x2a0007 0xc 0xf8 0x81 0x300005 0x76 0x1746ac01e08 0xb 0x0 0x0 0x330007 0x81 0x60 0x0 0x3b0005 0x0 0x0 0x0 0x0 0x0 0x420002 0x0 0x490005 0x0 0x174705d17b0 0x81 0x0 0x0 0x510003 0x81 0x48 0x580005 0x0 0x174705d17b0 0xc 0x0 0x0 0x5f0007 0x8d 0x20 0x0 0x660002 0x8d 0x6c0005 0x0 0x174705d1c48 0x8b 0x174705d1ba0 0x2 0x6f0007 0x8b 0x98 0x2 0x730005 0x0 0x174705d1ba0 0x2 0x0 0x0 0x760005 0x0 0x1747016bc58 0x2 0x0 0x0 0x790003 0x2 0x18 0x85000a 0x8d 0x1 0x17470171fd8 0x8a0005 0x0 0x1746ac04fc8 0x8d 0x0 0x0 0x8f0004 0x0 0x1746f124500 0x8d 0x0 0x0 0xa40007 0x8d 0x6d8 0xb03 0xb00005 0xae0 0x1746ac03650 0x23 0x0 0x0 0xb30002 0xb03 0xb80007 0x55 0x660 0xaae 0xbe0005 0x0 0x174705d1c48 0xaa4 0x174705d1ba0 0xa 0xc10007 0xa19 0x610 0x95 0xc60005 0x85 0x1746ac03650 0x10 0x0 0x0 0xcb0007 0x0 0x5c0 0x95 0xd00005 0x85 0x1746ac03650 0x10 0x0 0x0 0xd40007 0x95 0x4d8 0x0 0xd80005 0x0 0x0 0x0 0x0 0x0 0xdf0005 0x0 0x0 0x0 0x0 0x0 0xe90005 0x0 0x0 0x0 0x0 0x0 0xec0007 0x0 0xa0 0x0 0xf00005 0x0 0x0 0x0 0x0 0x0 0xf70007 0x0 0x50 0x0 0xfe0005 0x0 0x0 0x0 0x0 0x0 0x1080002 0x0 0x11d0007 0x0 0x1a0 0x0 0x12b0007 0x0 0x38 0x0 0x1330003 0x0 0x18 0x1390005 0x0 0x0 0x0 0x0 0x0 0x1400007 0x0 0x50 0x0 0x1490005 0x0 0x0 0x0 0x0 0x0 0x1500007 0x0 0xb0 0x0 0x1590005 0x0 0x0 0x0 0x0 0x0 0x15c0004 0x0 0x0 0x0 0x0 0x0 0x1610005 0x0 0x0 0x0 0x0 0x0 0x16a0003 0x0 0xfffffffffffffe78 0x1720005 0x0 0x0 0x0 0x0 0x0 0x1750002 0x0 0x17c0007 0x0 0x88 0x0 0x1830005 0x0 0x0 0x0 0x0 0x0 0x1860007 0x0 0x38 0x0 0x18b0003 0x0 0x18 0x1950002 0x0 0x19c0007 0x0 0x20 0x0 0x1a10003 0x0 0x178 0x1aa0005 0x0 0x0 0x0 0x0 0x0 0x1af0007 0x0 0x80 0x0 0x1b8000a 0x0 0x3 0x0 0x0 0x1746ac01e08 0x1bd0005 0x0 0x0 0x0 0x0 0x0 0x1c20003 0x0 0xb0 0x1c70007 0x8 0x38 0x8d 0x1cc0003 0x8d 0x18 0x1d40005 0x85 0x1746ac03650 0x10 0x0 0x0 0x1d90002 0x95 0x1e00007 0x95 0x20 0x0 0x1e80003 0xb03 0xfffffffffffff940 0x1f30007 0x8d 0x20 0x0 0x1fa0007 0x2 0x48 0x8b 0x1ff0002 0x8b 0x2020003 0x8b 0x28 0x2070002 0x2 0x2140005 0x0 0x174705d0398 0x8d 0x0 0x0 0x21e0005 0x0 0x0 0x0 0x0 0x0 0x2230007 0x0 0xc8 0x0 0x22d0007 0x0 0x38 0x0 0x2320003 0x0 0x18 0x237000a 0x0 0x5 0x0 0x0 0x1 0x0 0x1746ac01e08 0x23e0005 0x0 0x0 0x0 0x0 0x0 0x0 0x0 0x0 0x0 0x0 0x0 0x0 0x0 0x0 0x0 0x0 0x9 0x4 0x0 0x0 0x0 0x0 0x1a40001 0x2180001 oops 21 16 org/springframework/context/annotation/ConfigurationClassBeanDefinitionReader$ConfigurationClassBeanDefinition 18 org/springframework/beans/factory/support/RootBeanDefinition 26 java/lang/String 44 org/springframework/beans/factory/support/DefaultListableBeanFactory 53 org/springframework/beans/factory/support/DefaultListableBeanFactory 65 org/springframework/context/annotation/ConfigurationClassBeanDefinitionReader$ConfigurationClassBeanDefinition 67 org/springframework/beans/factory/support/RootBeanDefinition 75 org/springframework/beans/factory/support/RootBeanDefinition 81 org/springframework/beans/factory/config/ConstructorArgumentValues 91  @bci org/springframework/beans/factory/support/AbstractAutowireCapableBeanFactory getTypeForFactoryMethod (Ljava/lang/String;Lorg/springframework/beans/factory/support/RootBeanDefinition;[Ljava/lang/Class;)Ljava/lang/Class; 133 <appendix> argL0 ; 94 java/util/concurrent/ConcurrentHashMap 100 [Ljava/lang/reflect/Method; 110 java/lang/reflect/Method 122 org/springframework/context/annotation/ConfigurationClassBeanDefinitionReader$ConfigurationClassBeanDefinition 124 org/springframework/beans/factory/support/RootBeanDefinition 132 java/lang/reflect/Method 142 java/lang/reflect/Method 291 java/lang/String 310 java/lang/reflect/Method 340 org/springframework/core/ResolvableType 368 java/lang/String methods 0
ciMethodData org/springframework/beans/factory/support/AbstractBeanFactory resolveBeanClass (Lorg/springframework/beans/factory/support/RootBeanDefinition;Ljava/lang/String;[Ljava/lang/Class;)Ljava/lang/Class; 1 187 orig 80 0 0 0 0 0 0 0 0 0 0 0 0 0 0 0 0 0 0 0 0 0 0 0 0 0 0 0 0 0 0 0 0 0 0 0 0 0 0 0 0 0 0 0 0 0 0 0 0 0 0 0 0 0 0 0 0 0 0 0 0 0 0 0 0 0 0 0 0 0 0 0 0 0 0 0 0 0 0 0 0 data 92 0x10005 0x0 0x174705d1ba0 0x9b 0x174705d1c48 0x20 0x40007 0x6d 0x50 0x4e 0x80005 0x0 0x174705d1ba0 0x41 0x174705d1c48 0xd 0xf0005 0x6d 0x0 0x0 0x0 0x0 0x150005 0x0 0x174705d1ba0 0x5a 0x174705d1c48 0x13 0x180007 0x9 0x50 0x64 0x1c0005 0x0 0x174705d1ba0 0x5a 0x174705d1c48 0xa 0x290005 0x0 0x0 0x0 0x0 0x0 0x2e0005 0x0 0x0 0x0 0x0 0x0 0x330002 0x0 0x3e0005 0x0 0x0 0x0 0x0 0x0 0x430005 0x0 0x0 0x0 0x0 0x0 0x480002 0x0 0x530005 0x0 0x0 0x0 0x0 0x0 0x5c0002 0x0 0x0 0x0 0x0 0x0 0x0 0x0 0x9 0x4 0x0 0x0 0x0 0x0 0x220001 0x220001 0x370001 0x370001 0x4c0001 0x4c0001 oops 8 2 org/springframework/beans/factory/support/RootBeanDefinition 4 org/springframework/context/annotation/ConfigurationClassBeanDefinitionReader$ConfigurationClassBeanDefinition 12 org/springframework/beans/factory/support/RootBeanDefinition 14 org/springframework/context/annotation/ConfigurationClassBeanDefinitionReader$ConfigurationClassBeanDefinition 24 org/springframework/beans/factory/support/RootBeanDefinition 26 org/springframework/context/annotation/ConfigurationClassBeanDefinitionReader$ConfigurationClassBeanDefinition 34 org/springframework/beans/factory/support/RootBeanDefinition 36 org/springframework/context/annotation/ConfigurationClassBeanDefinitionReader$ConfigurationClassBeanDefinition methods 0
ciMethodData org/springframework/beans/factory/support/AbstractBeanFactory hasInstantiationAwareBeanPostProcessors ()Z 2 25907 orig 80 1 0 0 0 0 0 0 0 0 0 0 0 0 0 0 0 0 0 0 0 0 0 0 0 0 0 0 0 0 0 0 0 0 0 0 0 0 0 0 1 0 0 0 0 0 0 0 0 0 0 0 0 0 0 0 0 0 0 0 0 0 0 0 0 0 0 0 0 0 0 0 0 0 0 0 0 0 0 0 0 data 28 0x10005 0x0 0x174705d17b0 0x6533 0x0 0x0 0x70005 0x0 0x1746ac050f8 0x6534 0x0 0x0 0x80000006000c0007 0x4a02 0x38 0x1b33 0x100003 0x1b33 0x18 0x0 0x0 0x0 0x0 0x0 0x0 0x9 0x1 0x0 oops 2 2 org/springframework/beans/factory/support/DefaultListableBeanFactory 8 java/util/ArrayList methods 0
ciMethodData org/springframework/core/ResolvableType$1 getGenerics ()[Lorg/springframework/core/ResolvableType; 2 1024 orig 80 0 0 0 0 0 0 0 0 0 0 0 0 0 0 0 0 0 0 0 0 0 0 0 0 0 0 0 0 0 0 0 0 0 0 0 0 0 0 0 0 0 0 0 0 0 0 0 0 0 0 0 0 0 0 0 0 0 0 0 0 0 0 0 0 0 0 0 0 0 0 0 0 0 0 0 0 0 0 0 0 data 5 0x0 0x0 0x9 0x1 0x0 oops 0 methods 0
ciMethodData org/springframework/core/ResolvableType getGenerics ()[Lorg/springframework/core/ResolvableType; 1 750 orig 80 0 0 0 0 0 0 0 0 0 0 0 0 0 0 0 0 0 0 0 0 0 0 0 0 0 0 0 0 0 0 0 0 0 0 0 0 0 0 0 0 0 0 0 0 0 0 0 0 0 0 0 0 0 0 0 0 0 0 0 0 0 0 0 0 0 0 0 0 0 0 0 0 0 0 0 0 0 0 0 0 data 125 0x40007 0x2ef 0x20 0x0 0x110007 0xed 0x370 0x202 0x1c0004 0x1a 0x174704a8330 0x1de 0x17470c46d70 0xa 0x1f0007 0x1f4 0x148 0xe 0x240004 0x0 0x1746ac01e90 0xe 0x0 0x0 0x290005 0x0 0x1746ac01e90 0xe 0x0 0x0 0x310007 0xb 0xb0 0x3 0x420007 0x3 0x78 0x5 0x4e0002 0x5 0x510004 0x0 0x174705d0398 0x5 0x0 0x0 0x550003 0x5 0xffffffffffffffa0 0x580003 0x3 0x18 0x5f0003 0xe 0x1f0 0x6a0004 0xc 0x174704a8330 0x1de 0x17470c46d70 0xa 0x6d0007 0x7 0x148 0x1ed 0x720004 0x5 0x174704a8330 0x1de 0x17470c46d70 0xa 0x770005 0x5 0x174704a8330 0x1de 0x17470c46d70 0xa 0x810007 0x0 0xb0 0x1ed 0x930007 0x1ed 0x78 0x1f0 0xa20002 0x1f0 0xa50004 0x0 0x174705d0398 0x1f0 0x0 0x0 0xa90003 0x1f0 0xffffffffffffffa0 0xac0003 0x1ed 0x18 0xb30003 0x1ed 0x78 0xb70005 0x0 0x174705d0398 0x7 0x0 0x0 0xba0005 0x0 0x174705d0398 0x7 0x0 0x0 0x0 0x0 0x0 0x0 0x0 0x0 0x0 0x0 0x9 0x1 0x0 oops 14 10 sun/reflect/generics/reflectiveObjects/ParameterizedTypeImpl 12 org/springframework/core/ResolvableType$SyntheticParameterizedType 20 java/lang/Class 26 java/lang/Class 42 org/springframework/core/ResolvableType 57 sun/reflect/generics/reflectiveObjects/ParameterizedTypeImpl 59 org/springframework/core/ResolvableType$SyntheticParameterizedType 67 sun/reflect/generics/reflectiveObjects/ParameterizedTypeImpl 69 org/springframework/core/ResolvableType$SyntheticParameterizedType 73 sun/reflect/generics/reflectiveObjects/ParameterizedTypeImpl 75 org/springframework/core/ResolvableType$SyntheticParameterizedType 89 org/springframework/core/ResolvableType 104 org/springframework/core/ResolvableType 110 org/springframework/core/ResolvableType methods 0
ciMethodData org/springframework/core/ResolvableType forType (Ljava/lang/reflect/Type;Lorg/springframework/core/ResolvableType;)Lorg/springframework/core/ResolvableType; 2 2886 orig 80 0 0 0 0 0 0 0 0 0 0 0 0 0 0 0 0 0 0 0 0 0 0 0 0 0 0 0 0 0 0 0 0 0 0 0 0 0 0 0 0 0 0 0 0 0 0 0 0 0 0 0 0 0 0 0 0 0 0 0 0 0 0 0 0 0 0 0 0 0 0 0 0 0 0 0 0 0 0 0 0 data 22 0x30007 0x0 0x50 0xb46 0x70005 0x0 0x174705d0398 0xb46 0x0 0x0 0xd0002 0xb46 0x0 0x0 0x0 0x0 0x0 0x0 0x9 0x2 0x0 0x0 oops 1 6 org/springframework/core/ResolvableType methods 0
ciMethodData org/springframework/core/ResolvableType$1 isAssignableFrom (Lorg/springframework/core/ResolvableType;)Z 2 5196 orig 80 0 0 0 0 0 0 0 0 0 0 0 0 0 0 0 0 0 0 0 0 0 0 0 0 0 0 0 0 0 0 0 0 0 0 0 0 0 0 0 0 0 0 0 0 0 0 0 0 0 0 0 0 0 0 0 0 0 0 0 0 0 0 0 0 0 0 0 0 0 0 0 0 0 0 0 0 0 0 0 0 data 33 0x10005 0x0 0x174705d0398 0x144c 0x0 0x0 0x60007 0x0 0x88 0x144c 0xd0007 0x0 0x50 0x144c 0x150002 0x144c 0x180007 0x143f 0x38 0xd 0x1c0003 0xd 0x18 0x0 0x0 0x0 0x0 0x0 0x0 0x9 0x2 0x0 0x0 oops 1 2 org/springframework/core/ResolvableType methods 0
ciMethodData org/springframework/beans/factory/support/AbstractBeanDefinition hasMethodOverrides ()Z 2 1295 orig 80 0 0 0 0 0 0 0 0 0 0 0 0 0 0 0 0 0 0 0 0 0 0 0 0 0 0 0 0 0 0 0 0 0 0 0 0 0 0 0 0 0 0 0 0 0 0 0 0 0 0 0 0 0 0 0 0 0 0 0 0 0 0 0 0 0 0 0 0 0 0 0 0 0 0 0 0 0 0 0 0 data 22 0x40005 0x0 0x1746f7fe5d8 0x50f 0x0 0x0 0x70007 0x50f 0x38 0x0 0xb0003 0x0 0x18 0x0 0x0 0x0 0x0 0x0 0x0 0x9 0x1 0x0 oops 1 2 org/springframework/beans/factory/support/MethodOverrides methods 0
ciMethod org/springframework/core/ResolvableType$WildcardBounds isSameKind (Lorg/springframework/core/ResolvableType$WildcardBounds;)Z 0 0 1 0 -1
ciMethod org/springframework/core/ResolvableType$WildcardBounds isAssignableFrom ([Lorg/springframework/core/ResolvableType;Ljava/util/Map;)Z 0 0 1 0 -1
ciMethod org/springframework/core/ResolvableType$WildcardBounds isAssignableFrom (Lorg/springframework/core/ResolvableType;Ljava/util/Map;)Z 0 0 1 0 -1
ciMethod org/springframework/core/ResolvableType$WildcardBounds isAssignableTo (Lorg/springframework/core/ResolvableType;Ljava/util/Map;)Z 0 0 1 0 -1
ciMethod org/springframework/core/ResolvableType$WildcardBounds getBounds ()[Lorg/springframework/core/ResolvableType; 0 0 1 0 -1
ciMethod org/springframework/core/ResolvableType$WildcardBounds get (Lorg/springframework/core/ResolvableType;)Lorg/springframework/core/ResolvableType$WildcardBounds; 880 1320 2926 0 -1
ciMethodData org/springframework/core/ResolvableType isAssignableFrom (Lorg/springframework/core/ResolvableType;ZLjava/util/Map;Z)Z 2 1068 orig 80 0 0 0 0 0 0 0 0 0 0 0 0 0 0 0 0 0 0 0 0 0 0 0 0 0 0 0 0 0 0 0 0 0 0 0 0 0 0 0 0 0 0 0 0 0 0 0 0 0 0 0 0 0 0 0 0 0 0 0 0 0 0 0 0 0 0 0 0 0 0 0 0 0 0 0 0 0 0 0 0 data 435 0x30002 0x42c 0xa0007 0x0 0x40 0x42c 0x110007 0x426 0x20 0x6 0x170007 0x426 0x70 0x0 0x1f0005 0x0 0x0 0x0 0x0 0x0 0x280007 0x0 0x198 0x0 0x350004 0x0 0x17470c46d70 0x425 0x17470eaea50 0x1 0x380007 0x426 0x148 0x0 0x3d0004 0x0 0x0 0x0 0x0 0x0 0x4a0004 0x0 0x0 0x0 0x0 0x0 0x4d0007 0x0 0xc8 0x0 0x520004 0x0 0x0 0x0 0x0 0x0 0x580007 0x0 0x68 0x0 0x5f0005 0x0 0x0 0x0 0x0 0x0 0x620003 0x0 0x28 0x690002 0x0 0x6f0007 0x426 0xc0 0x0 0x730005 0x0 0x0 0x0 0x0 0x0 0x760007 0x0 0x70 0x0 0x7a0005 0x0 0x0 0x0 0x0 0x0 0x7d0007 0x0 0x20 0x0 0x830005 0x0 0x174705d0398 0x426 0x0 0x0 0x860007 0x426 0x138 0x0 0x8a0005 0x0 0x0 0x0 0x0 0x0 0x8d0007 0x0 0xe8 0x0 0x910005 0x0 0x0 0x0 0x0 0x0 0x950005 0x0 0x0 0x0 0x0 0x0 0x9c0005 0x0 0x0 0x0 0x0 0x0 0x9f0007 0x0 0x38 0x0 0xa30003 0x0 0x18 0xa90007 0x426 0x58 0x0 0xad0007 0x0 0x38 0x0 0xb10003 0x0 0x18 0xb80002 0x426 0xbe0002 0x426 0xc50007 0x426 0x1c8 0x0 0xca0007 0x0 0x108 0x0 0xd10005 0x0 0x0 0x0 0x0 0x0 0xd40007 0x0 0xb8 0x0 0xdb0005 0x0 0x0 0x0 0x0 0x0 0xdf0005 0x0 0x0 0x0 0x0 0x0 0xe20007 0x0 0x38 0x0 0xe60003 0x0 0x18 0xed0007 0x0 0x50 0x0 0xf40005 0x0 0x0 0x0 0x0 0x0 0xfa0007 0x0 0x50 0x0 0x1010005 0x0 0x0 0x0 0x0 0x0 0x1090007 0x426 0x50 0x0 0x1100005 0x0 0x0 0x0 0x0 0x0 0x1220004 0x0 0x17470c46d70 0x425 0x17470eaea50 0x1 0x1250007 0x426 0x1d0 0x0 0x12a0004 0x0 0x0 0x0 0x0 0x0 0x1330007 0x0 0xa0 0x0 0x13c0005 0x0 0x0 0x0 0x0 0x0 0x1450007 0x0 0x50 0x0 0x14a0005 0x0 0x0 0x0 0x0 0x0 0x1510007 0x0 0xc0 0x0 0x1580007 0x0 0xa0 0x0 0x1610005 0x0 0x0 0x0 0x0 0x0 0x16a0007 0x0 0x50 0x0 0x16f0005 0x0 0x0 0x0 0x0 0x0 0x1790007 0x0 0x20 0x0 0x1810007 0x0 0x50 0x426 0x1850005 0x0 0x174705d0398 0x426 0x0 0x0 0x18b0005 0x0 0x174705d0398 0x426 0x0 0x0 0x1920007 0x426 0x88 0x0 0x1990005 0x0 0x0 0x0 0x0 0x0 0x19c0007 0x0 0xf0 0x0 0x19f0003 0x0 0xd0 0x1a30007 0x426 0x88 0x0 0x1aa0005 0x0 0x0 0x0 0x0 0x0 0x1ad0007 0x0 0x68 0x0 0x1b00003 0x0 0x48 0x1b70002 0x426 0x1ba0007 0x1 0x20 0x425 0x1c10007 0x0 0x240 0x1 0x1c50005 0x0 0x174705d0398 0x1 0x0 0x0 0x1cd0005 0x0 0x174705d0398 0x1 0x0 0x0 0x1d00005 0x0 0x174705d0398 0x1 0x0 0x0 0x1db0007 0x1 0x20 0x0 0x1e30007 0x0 0x170 0x1 0x1e70007 0x0 0x30 0x1 0x1ef0002 0x1 0x1fc0005 0x0 0x174706c0240 0x1 0x0 0x0 0x20a0007 0x0 0xf0 0x1 0x2180005 0x0 0x174705d0398 0x1 0x0 0x0 0x21b0007 0x0 0x38 0x0 0x21f0003 0x0 0x18 0x2260005 0x0 0x0 0x0 0x0 0x0 0x2290007 0x0 0x20 0x0 0x2310003 0x0 0xffffffffffffff28 0x0 0x0 0x0 0x0 0x0 0x0 0x0 0x0 0x0 0x0 0x0 0x0 0x0 0x0 0x9 0x5 0x0 0x0 0x0 0x0 0x0 oops 12 26 org/springframework/core/ResolvableType$SyntheticParameterizedType 28 org/springframework/core/$Proxy6 97 org/springframework/core/ResolvableType 224 org/springframework/core/ResolvableType$SyntheticParameterizedType 226 org/springframework/core/$Proxy6 292 org/springframework/core/ResolvableType 298 org/springframework/core/ResolvableType 348 org/springframework/core/ResolvableType 354 org/springframework/core/ResolvableType 360 org/springframework/core/ResolvableType 380 java/util/IdentityHashMap 390 org/springframework/core/ResolvableType methods 0
ciMethodData org/springframework/beans/factory/support/AbstractBeanDefinition getBeanClassName ()Ljava/lang/String; 2 2268 orig 80 0 0 0 0 0 0 0 0 0 0 0 0 0 0 0 0 0 0 0 0 0 0 0 0 0 0 0 0 0 0 0 0 0 0 0 0 0 0 0 0 0 0 0 0 0 0 0 0 0 0 0 0 0 0 0 0 0 0 0 0 0 0 0 0 0 0 0 0 0 0 0 0 0 0 0 0 0 0 0 0 data 40 0x60104 0x0 0x1746ac01e08 0x2c4 0x1746ac01e90 0x269 0x90007 0x673 0x98 0x269 0xd0004 0x0 0x1746ac01e90 0x269 0x0 0x0 0x120005 0x0 0x1746ac01e90 0x269 0x0 0x0 0x150003 0x269 0x48 0x190104 0x0 0x1746ac01e08 0x2c4 0x0 0x0 0x0 0x0 0x0 0x0 0x0 0x0 0x9 0x1 0x0 oops 5 2 java/lang/String 4 java/lang/Class 12 java/lang/Class 18 java/lang/Class 27 java/lang/String methods 0
ciMethodData org/springframework/core/ResolvableType isAssignableFrom (Ljava/lang/Class;)Z 1 168 orig 80 0 0 0 0 0 0 0 0 0 0 0 0 0 0 0 0 0 0 0 0 0 0 0 0 0 0 0 0 0 0 0 0 0 0 0 0 0 0 0 0 0 0 0 0 0 0 0 0 0 0 0 0 0 0 0 0 0 0 0 0 0 0 0 0 0 0 0 0 0 0 0 0 0 0 0 0 0 0 0 0 data 39 0x60004 0x0 0x17470c46d70 0xa8 0x0 0x0 0x90007 0xa8 0x78 0x0 0xd0004 0x0 0x0 0x0 0x0 0x0 0x130002 0x0 0x160003 0x0 0x58 0x1b0002 0xa8 0x210005 0xa8 0x0 0x0 0x0 0x0 0x0 0x0 0x0 0x0 0x0 0x0 0x9 0x2 0x0 0x0 oops 1 2 org/springframework/core/ResolvableType$SyntheticParameterizedType methods 0
ciMethodData org/springframework/core/ResolvableType isAssignableFrom (Lorg/springframework/core/ResolvableType;)Z 1 120 orig 80 0 0 0 0 0 0 0 0 0 0 0 0 0 0 0 0 0 0 0 0 0 0 0 0 0 0 0 0 0 0 0 0 0 0 0 0 0 0 0 0 0 0 0 0 0 0 0 0 0 0 0 0 0 0 0 0 0 0 0 0 0 0 0 0 0 0 0 0 0 0 0 0 0 0 0 0 0 0 0 0 data 16 0x50005 0x78 0x0 0x0 0x0 0x0 0x0 0x0 0x0 0x0 0x0 0x0 0x9 0x2 0xffffffffffffffff 0xffffffffffffffff oops 0 methods 0
ciMethodData org/springframework/beans/factory/support/AbstractBeanDefinition getBeanClass ()Ljava/lang/Class; 1 741 orig 80 0 0 0 0 0 0 0 0 0 0 0 0 0 0 0 0 0 0 0 0 0 0 0 0 0 0 0 0 0 0 0 0 0 0 0 0 0 0 0 0 0 0 0 0 0 0 0 0 0 0 0 0 0 0 0 0 0 0 0 0 0 0 0 0 0 0 0 0 0 0 0 0 0 0 0 0 0 0 0 0 data 42 0x60007 0x2e5 0x30 0x0 0x100002 0x0 0x150004 0x0 0x1746ac01e90 0x2e5 0x0 0x0 0x180007 0x0 0x68 0x2e5 0x1c0004 0x0 0x1746ac01e90 0x2e5 0x0 0x0 0x200003 0x2e5 0x58 0x28000a 0x0 0x3 0x0 0x0 0x1746ac01e08 0x2d0002 0x0 0x0 0x0 0x0 0x0 0x0 0x0 0x9 0x1 0x0 oops 3 8 java/lang/Class 18 java/lang/Class 30 java/lang/String methods 0
ciMethod org/springframework/beans/factory/support/AutowireUtils resolveReturnTypeForFactoryMethod (Ljava/lang/reflect/Method;[Ljava/lang/Object;Ljava/lang/ClassLoader;)Ljava/lang/Class; 0 0 1 0 -1
compile org/springframework/beans/factory/support/AbstractBeanFactory isTypeMatch (Ljava/lang/String;Lorg/springframework/core/ResolvableType;Z)Z -1 4 inline 181 0 -1 0 org/springframework/beans/factory/support/AbstractBeanFactory isTypeMatch (Ljava/lang/String;Lorg/springframework/core/ResolvableType;Z)Z 1 2 0 org/springframework/beans/factory/support/AbstractBeanFactory transformedBeanName (Ljava/lang/String;)Ljava/lang/String; 2 2 0 org/springframework/beans/factory/BeanFactoryUtils transformedBeanName (Ljava/lang/String;)Ljava/lang/String; 3 3 0 org/springframework/util/Assert notNull (Ljava/lang/Object;Ljava/lang/String;)V 3 9 0 java/lang/String startsWith (Ljava/lang/String;)Z 4 3 0 java/lang/String startsWith (Ljava/lang/String;I)Z 5 6 0 java/lang/String length ()I 6 6 0 java/lang/String coder ()B 5 10 0 java/lang/String length ()I 6 6 0 java/lang/String coder ()B 5 39 0 java/lang/String coder ()B 5 47 0 java/lang/String coder ()B 5 70 0 jdk/internal/util/ArraysSupport mismatch ([BI[BII)I 3 21 0 java/lang/invoke/Invokers$Holder linkToTargetMethod (Ljava/lang/Object;)Ljava/lang/Object; 4 4 0 java/lang/invoke/LambdaForm$Holder constant_L (Ljava/lang/Object;)Ljava/lang/Object; 2 5 0 org/springframework/core/SimpleAliasRegistry canonicalName (Ljava/lang/String;)Ljava/lang/String; 3 7 0 java/util/concurrent/ConcurrentHashMap get (Ljava/lang/Object;)Ljava/lang/Object; 4 1 0 java/lang/String hashCode ()I 5 17 0 java/lang/String isLatin1 ()Z 5 27 0 java/lang/StringLatin1 hashCode ([B)I 6 5 0 jdk/internal/util/ArraysSupport hashCodeOfUnsigned ([BIII)I 7 39 0 java/lang/Byte toUnsignedInt (B)I 4 4 0 java/util/concurrent/ConcurrentHashMap spread (I)I 4 34 0 java/util/concurrent/ConcurrentHashMap tabAt ([Ljava/util/concurrent/ConcurrentHashMap$Node;I)Ljava/util/concurrent/ConcurrentHashMap$Node; 1 8 0 org/springframework/beans/factory/BeanFactoryUtils isFactoryDereference (Ljava/lang/String;)Z 2 7 0 java/lang/String startsWith (Ljava/lang/String;)Z 3 3 0 java/lang/String startsWith (Ljava/lang/String;I)Z 4 6 0 java/lang/String length ()I 5 6 0 java/lang/String coder ()B 4 10 0 java/lang/String length ()I 5 6 0 java/lang/String coder ()B 4 39 0 java/lang/String coder ()B 4 47 0 java/lang/String coder ()B 4 70 0 jdk/internal/util/ArraysSupport mismatch ([BI[BII)I 1 17 0 org/springframework/beans/factory/support/DefaultSingletonBeanRegistry getSingleton (Ljava/lang/String;Z)Ljava/lang/Object; 2 5 0 java/util/concurrent/ConcurrentHashMap get (Ljava/lang/Object;)Ljava/lang/Object; 3 1 0 java/lang/String hashCode ()I 4 17 0 java/lang/String isLatin1 ()Z 4 27 0 java/lang/StringLatin1 hashCode ([B)I 5 5 0 jdk/internal/util/ArraysSupport hashCodeOfUnsigned ([BIII)I 6 39 0 java/lang/Byte toUnsignedInt (B)I 3 4 0 java/util/concurrent/ConcurrentHashMap spread (I)I 3 34 0 java/util/concurrent/ConcurrentHashMap tabAt ([Ljava/util/concurrent/ConcurrentHashMap$Node;I)Ljava/util/concurrent/ConcurrentHashMap$Node; 2 17 0 org/springframework/beans/factory/support/DefaultSingletonBeanRegistry isSingletonCurrentlyInCreation (Ljava/lang/String;)Z 3 5 0 java/util/concurrent/ConcurrentHashMap$KeySetView contains (Ljava/lang/Object;)Z 4 5 0 java/util/concurrent/ConcurrentHashMap containsKey (Ljava/lang/Object;)Z 5 2 0 java/util/concurrent/ConcurrentHashMap get (Ljava/lang/Object;)Ljava/lang/Object; 6 1 0 java/lang/String hashCode ()I 7 17 0 java/lang/String isLatin1 ()Z 7 27 0 java/lang/StringLatin1 hashCode ([B)I 8 5 0 jdk/internal/util/ArraysSupport hashCodeOfUnsigned ([BIII)I 9 39 0 java/lang/Byte toUnsignedInt (B)I 6 4 0 java/util/concurrent/ConcurrentHashMap spread (I)I 6 34 0 java/util/concurrent/ConcurrentHashMap tabAt ([Ljava/util/concurrent/ConcurrentHashMap$Node;I)Ljava/util/concurrent/ConcurrentHashMap$Node; 1 136 0 org/springframework/core/ResolvableType resolve ()Ljava/lang/Class; 1 158 0 org/springframework/core/ResolvableType resolve ()Ljava/lang/Class; 1 227 0 org/springframework/core/ResolvableType isInstance (Ljava/lang/Object;)Z 2 9 0 org/springframework/core/ResolvableType$1 isAssignableFrom (Ljava/lang/Class;)Z 3 12 0 org/springframework/util/ClassUtils isAssignable (Ljava/lang/Class;Ljava/lang/Class;)Z 4 3 0 org/springframework/util/Assert notNull (Ljava/lang/Object;Ljava/lang/String;)V 4 9 0 org/springframework/util/Assert notNull (Ljava/lang/Object;Ljava/lang/String;)V 4 23 0 java/lang/Class isPrimitive ()Z 4 57 0 java/util/IdentityHashMap get (Ljava/lang/Object;)Ljava/lang/Object; 5 1 0 java/util/IdentityHashMap maskNull (Ljava/lang/Object;)Ljava/lang/Object; 5 17 0 java/util/IdentityHashMap hash (Ljava/lang/Object;I)I 5 52 0 java/util/IdentityHashMap nextKeyIndex (II)I 2 9 0 org/springframework/core/ResolvableType isAssignableFrom (Ljava/lang/Class;)Z 1 236 0 org/springframework/core/ResolvableType hasGenerics ()Z 2 1 0 org/springframework/core/ResolvableType$1 getGenerics ()[Lorg/springframework/core/ResolvableType; 2 1 0 org/springframework/core/ResolvableType getGenerics ()[Lorg/springframework/core/ResolvableType; 1 282 0 org/springframework/core/ResolvableType resolve ()Ljava/lang/Class; 1 359 0 org/springframework/beans/factory/support/DefaultSingletonBeanRegistry containsSingleton (Ljava/lang/String;)Z 2 5 0 java/util/concurrent/ConcurrentHashMap containsKey (Ljava/lang/Object;)Z 3 2 0 java/util/concurrent/ConcurrentHashMap get (Ljava/lang/Object;)Ljava/lang/Object; 4 1 0 java/lang/String hashCode ()I 5 17 0 java/lang/String isLatin1 ()Z 5 27 0 java/lang/StringLatin1 hashCode ([B)I 6 5 0 jdk/internal/util/ArraysSupport hashCodeOfUnsigned ([BIII)I 7 39 0 java/lang/Byte toUnsignedInt (B)I 4 4 0 java/util/concurrent/ConcurrentHashMap spread (I)I 4 34 0 java/util/concurrent/ConcurrentHashMap tabAt ([Ljava/util/concurrent/ConcurrentHashMap$Node;I)Ljava/util/concurrent/ConcurrentHashMap$Node; 1 377 0 org/springframework/beans/factory/support/AbstractBeanFactory getParentBeanFactory ()Lorg/springframework/beans/factory/BeanFactory; 1 413 0 org/springframework/beans/factory/support/AbstractBeanFactory getMergedLocalBeanDefinition (Ljava/lang/String;)Lorg/springframework/beans/factory/support/RootBeanDefinition; 2 5 0 java/util/concurrent/ConcurrentHashMap get (Ljava/lang/Object;)Ljava/lang/Object; 3 1 0 java/lang/String hashCode ()I 4 17 0 java/lang/String isLatin1 ()Z 4 27 0 java/lang/StringLatin1 hashCode ([B)I 5 5 0 jdk/internal/util/ArraysSupport hashCodeOfUnsigned ([BIII)I 6 39 0 java/lang/Byte toUnsignedInt (B)I 3 4 0 java/util/concurrent/ConcurrentHashMap spread (I)I 3 34 0 java/util/concurrent/ConcurrentHashMap tabAt ([Ljava/util/concurrent/ConcurrentHashMap$Node;I)Ljava/util/concurrent/ConcurrentHashMap$Node; 2 34 0 org/springframework/beans/factory/support/AbstractBeanFactory getMergedBeanDefinition (Ljava/lang/String;Lorg/springframework/beans/factory/config/BeanDefinition;)Lorg/springframework/beans/factory/support/RootBeanDefinition; 1 420 0 org/springframework/beans/factory/support/RootBeanDefinition getDecoratedDefinition ()Lorg/springframework/beans/factory/config/BeanDefinitionHolder; 1 426 0 org/springframework/core/ResolvableType resolve ()Ljava/lang/Class; 1 579 0 org/springframework/beans/factory/support/AbstractAutowireCapableBeanFactory predictBeanType (Ljava/lang/String;Lorg/springframework/beans/factory/support/RootBeanDefinition;[Ljava/lang/Class;)Ljava/lang/Class; 2 4 0 org/springframework/beans/factory/support/AbstractAutowireCapableBeanFactory determineTargetType (Ljava/lang/String;Lorg/springframework/beans/factory/support/RootBeanDefinition;[Ljava/lang/Class;)Ljava/lang/Class; 3 1 0 org/springframework/beans/factory/support/RootBeanDefinition getTargetType ()Ljava/lang/Class; 4 22 0 org/springframework/core/ResolvableType resolve ()Ljava/lang/Class; 3 12 0 org/springframework/beans/factory/support/AbstractBeanDefinition getFactoryMethodName ()Ljava/lang/String; 3 47 0 org/springframework/beans/factory/support/AbstractAutowireCapableBeanFactory getInstantiationStrategy ()Lorg/springframework/beans/factory/support/InstantiationStrategy; 3 61 0 org/springframework/util/ObjectUtils isEmpty ([Ljava/lang/Object;)Z 3 68 0 org/springframework/beans/factory/support/AbstractBeanFactory getTempClassLoader ()Ljava/lang/ClassLoader; 2 15 0 org/springframework/beans/factory/support/AbstractBeanDefinition isSynthetic ()Z 2 22 0 org/springframework/beans/factory/support/AbstractBeanFactory hasInstantiationAwareBeanPostProcessors ()Z 3 1 0 org/springframework/beans/factory/support/AbstractBeanFactory getBeanPostProcessorCache ()Lorg/springframework/beans/factory/support/AbstractBeanFactory$BeanPostProcessorCache; 4 20 0 org/springframework/beans/factory/support/AbstractBeanFactory$BeanPostProcessorCache <init> ()V 5 1 0 java/lang/Object <init> ()V 5 9 0 java/util/ArrayList <init> ()V 6 1 0 java/util/AbstractList <init> ()V 7 1 0 java/util/AbstractCollection <init> ()V 8 1 0 java/lang/Object <init> ()V 5 20 0 java/util/ArrayList <init> ()V 6 1 0 java/util/AbstractList <init> ()V 7 1 0 java/util/AbstractCollection <init> ()V 8 1 0 java/lang/Object <init> ()V 5 31 0 java/util/ArrayList <init> ()V 6 1 0 java/util/AbstractList <init> ()V 7 1 0 java/util/AbstractCollection <init> ()V 8 1 0 java/lang/Object <init> ()V 5 42 0 java/util/ArrayList <init> ()V 6 1 0 java/util/AbstractList <init> ()V 7 1 0 java/util/AbstractCollection <init> ()V 8 1 0 java/lang/Object <init> ()V 4 28 0 java/util/concurrent/CopyOnWriteArrayList iterator ()Ljava/util/Iterator; 5 5 0 java/util/concurrent/CopyOnWriteArrayList getArray ()[Ljava/lang/Object; 5 9 0 java/util/concurrent/CopyOnWriteArrayList$COWIterator <init> ([Ljava/lang/Object;I)V 6 1 0 java/lang/Object <init> ()V 3 7 0 java/util/ArrayList isEmpty ()Z 2 51 0 org/springframework/beans/factory/support/AbstractBeanFactory getBeanPostProcessorCache ()Lorg/springframework/beans/factory/support/AbstractBeanFactory$BeanPostProcessorCache; 3 20 0 org/springframework/beans/factory/support/AbstractBeanFactory$BeanPostProcessorCache <init> ()V 4 1 0 java/lang/Object <init> ()V 4 9 0 java/util/ArrayList <init> ()V 5 1 0 java/util/AbstractList <init> ()V 6 1 0 java/util/AbstractCollection <init> ()V 7 1 0 java/lang/Object <init> ()V 4 20 0 java/util/ArrayList <init> ()V 5 1 0 java/util/AbstractList <init> ()V 6 1 0 java/util/AbstractCollection <init> ()V 7 1 0 java/lang/Object <init> ()V 4 31 0 java/util/ArrayList <init> ()V 5 1 0 java/util/AbstractList <init> ()V 6 1 0 java/util/AbstractCollection <init> ()V 7 1 0 java/lang/Object <init> ()V 4 42 0 java/util/ArrayList <init> ()V 5 1 0 java/util/AbstractList <init> ()V 6 1 0 java/util/AbstractCollection <init> ()V 7 1 0 java/lang/Object <init> ()V 3 28 0 java/util/concurrent/CopyOnWriteArrayList iterator ()Ljava/util/Iterator; 4 5 0 java/util/concurrent/CopyOnWriteArrayList getArray ()[Ljava/lang/Object; 4 9 0 java/util/concurrent/CopyOnWriteArrayList$COWIterator <init> ([Ljava/lang/Object;I)V 5 1 0 java/lang/Object <init> ()V 2 57 0 java/util/ArrayList iterator ()Ljava/util/Iterator; 3 5 0 java/util/ArrayList$Itr <init> (Ljava/util/ArrayList;)V 4 3 0 java/util/Objects requireNonNull (Ljava/lang/Object;)Ljava/lang/Object; 4 11 0 java/lang/Object <init> ()V 2 66 0 java/util/ArrayList$Itr hasNext ()Z 2 76 0 java/util/ArrayList$Itr next ()Ljava/lang/Object; 3 1 0 java/util/ArrayList$Itr checkForComodification ()V 1 628 0 org/springframework/core/ResolvableType resolve ()Ljava/lang/Class; 1 714 0 org/springframework/core/ResolvableType resolve ()Ljava/lang/Class; 1 734 0 org/springframework/core/ResolvableType$1 isAssignableFrom (Lorg/springframework/core/ResolvableType;)Z 2 1 0 org/springframework/core/ResolvableType resolve ()Ljava/lang/Class; 2 21 0 org/springframework/util/ClassUtils isAssignable (Ljava/lang/Class;Ljava/lang/Class;)Z 3 3 0 org/springframework/util/Assert notNull (Ljava/lang/Object;Ljava/lang/String;)V 3 9 0 org/springframework/util/Assert notNull (Ljava/lang/Object;Ljava/lang/String;)V 3 23 0 java/lang/Class isPrimitive ()Z 3 57 0 java/util/IdentityHashMap get (Ljava/lang/Object;)Ljava/lang/Object; 4 1 0 java/util/IdentityHashMap maskNull (Ljava/lang/Object;)Ljava/lang/Object; 4 17 0 java/util/IdentityHashMap hash (Ljava/lang/Object;I)I 4 52 0 java/util/IdentityHashMap nextKeyIndex (II)I 1 734 0 org/springframework/core/ResolvableType isAssignableFrom (Lorg/springframework/core/ResolvableType;)Z 1 741 0 org/springframework/core/ResolvableType$1 isAssignableFrom (Ljava/lang/Class;)Z 2 12 0 org/springframework/util/ClassUtils isAssignable (Ljava/lang/Class;Ljava/lang/Class;)Z 3 3 0 org/springframework/util/Assert notNull (Ljava/lang/Object;Ljava/lang/String;)V 3 9 0 org/springframework/util/Assert notNull (Ljava/lang/Object;Ljava/lang/String;)V 3 23 0 java/lang/Class isPrimitive ()Z 3 57 0 java/util/IdentityHashMap get (Ljava/lang/Object;)Ljava/lang/Object; 4 1 0 java/util/IdentityHashMap maskNull (Ljava/lang/Object;)Ljava/lang/Object; 4 17 0 java/util/IdentityHashMap hash (Ljava/lang/Object;I)I 4 52 0 java/util/IdentityHashMap nextKeyIndex (II)I 1 741 0 org/springframework/core/ResolvableType isAssignableFrom (Ljava/lang/Class;)Z
